location_id,source_feature_id,source_geometry_type,atlas_geometry_type,source_components,atlas_components,source_ring_count,atlas_ring_count,source_coordinate_count,atlas_coordinate_count,source_atlas_geometry_exact,source_land_area_m2,atlas_land_area_m2,atlas_signed_area_delta_pct,symmetric_difference_area_m2,symmetric_difference_pct_of_larger,interpretation
gb:CAF:ADM3:52401652B11380714258081,52401652B11380714258081,Polygon,Polygon,1,1,1,1,390,65,False,3182260538.156,3181765926.954,-0.0155,13834600.217,0.4347,diagnostic difference only; not an official boundary error test
gb:CAF:ADM3:52401652B1236636564825,52401652B1236636564825,Polygon,Polygon,1,1,1,1,117,13,False,59689911.99,58780369.199,-1.5238,4409246.506,7.3869,diagnostic difference only; not an official boundary error test
gb:CAF:ADM3:52401652B12446041030820,52401652B12446041030820,Polygon,Polygon,1,1,1,1,175,47,False,768457578.697,767680316.754,-0.1011,12646000.149,1.6456,diagnostic difference only; not an official boundary error test
gb:CAF:ADM3:52401652B12741743517994,52401652B12741743517994,Polygon,Polygon,1,1,1,1,302,69,False,2490472444.985,2491579622.265,0.0445,13454936.542,0.54,diagnostic difference only; not an official boundary error test
gb:CAF:ADM3:52401652B12890254904418,52401652B12890254904418,Polygon,Polygon,1,1,1,1,1502,90,False,1441203024.003,1445818377.805,0.3202,42475497.514,2.9378,diagnostic difference only; not an official boundary error test
gb:CAF:ADM3:52401652B13221093334765,52401652B13221093334765,Polygon,Polygon,1,1,1,1,193,32,False,773913189.347,774281689.445,0.0476,8722958.953,1.1266,diagnostic difference only; not an official boundary error test
gb:CAF:ADM3:52401652B14361696899500,52401652B14361696899500,Polygon,Polygon,1,1,1,1,802,109,False,3194220049.842,3179134001.287,-0.4723,40120868.639,1.256,diagnostic difference only; not an official boundary error test
gb:CAF:ADM3:52401652B15292217422522,52401652B15292217422522,Polygon,Polygon,1,1,1,1,376,97,False,4397680771.762,4400260950.817,0.0587,20476457.579,0.4653,diagnostic difference only; not an official boundary error test
gb:CAF:ADM3:52401652B16072568579670,52401652B16072568579670,Polygon,Polygon,1,1,1,1,498,86,False,2430015372.349,2432087605.483,0.0853,22387255.499,0.9205,diagnostic difference only; not an official boundary error test
gb:CAF:ADM3:52401652B17000082011429,52401652B17000082011429,Polygon,Polygon,1,1,1,1,544,50,False,850664104.071,849305278.304,-0.1597,15179386.677,1.7844,diagnostic difference only; not an official boundary error test
gb:CAF:ADM3:52401652B17341421637756,52401652B17341421637756,Polygon,Polygon,1,1,1,1,271,77,False,2801106358.138,2797593770.896,-0.1254,20983753.13,0.7491,diagnostic difference only; not an official boundary error test
gb:CAF:ADM3:52401652B19557287930022,52401652B19557287930022,Polygon,Polygon,1,1,1,1,234,41,False,858080314.284,855708353.683,-0.2764,10852137.473,1.2647,diagnostic difference only; not an official boundary error test
gb:CAF:ADM3:52401652B21565212342700,52401652B21565212342700,Polygon,Polygon,1,1,1,1,307,60,False,1345627791.871,1346789994.669,0.0864,17090569.182,1.269,diagnostic difference only; not an official boundary error test
gb:CAF:ADM3:52401652B22992299899494,52401652B22992299899494,Polygon,Polygon,1,1,1,1,164,55,False,2025326519.019,2022819626.129,-0.1238,10849199.834,0.5357,diagnostic difference only; not an official boundary error test
gb:CAF:ADM3:52401652B23287208184719,52401652B23287208184719,Polygon,Polygon,1,1,1,1,1251,78,False,1966382615.664,1967880354.265,0.0762,33906809.825,1.723,diagnostic difference only; not an official boundary error test
gb:CAF:ADM3:52401652B23514478443707,52401652B23514478443707,Polygon,Polygon,1,1,1,1,533,52,False,696548315.439,693850843.856,-0.3873,15706830.285,2.255,diagnostic difference only; not an official boundary error test
gb:CAF:ADM3:52401652B25077729827345,52401652B25077729827345,Polygon,Polygon,1,1,1,1,225,45,False,436068465.752,431988116.474,-0.9357,10037210.778,2.3018,diagnostic difference only; not an official boundary error test
gb:CAF:ADM3:52401652B25912082837046,52401652B25912082837046,Polygon,Polygon,1,1,1,1,795,107,False,6275124277.306,6274428651.873,-0.0111,27534564.043,0.4388,diagnostic difference only; not an official boundary error test
gb:CAF:ADM3:52401652B2595457832182,52401652B2595457832182,Polygon,Polygon,1,1,1,1,259,59,False,921215532.915,925655816.48,0.482,13810100.953,1.4919,diagnostic difference only; not an official boundary error test
gb:CAF:ADM3:52401652B2745722682101,52401652B2745722682101,Polygon,Polygon,1,1,1,2,210,51,False,1063441797.883,1064591273.729,0.1081,8856299.55,0.8319,diagnostic difference only; not an official boundary error test
gb:CAF:ADM3:52401652B27659488729720,52401652B27659488729720,Polygon,Polygon,1,1,1,1,488,82,False,3878273102.989,3875100890.834,-0.0818,18717065.635,0.4826,diagnostic difference only; not an official boundary error test
gb:CAF:ADM3:52401652B29784089160691,52401652B29784089160691,Polygon,Polygon,1,1,1,1,272,71,False,1311585293.413,1312275571.358,0.0526,11811371.83,0.9001,diagnostic difference only; not an official boundary error test
gb:CAF:ADM3:52401652B30715690483256,52401652B30715690483256,Polygon,Polygon,1,1,1,1,433,79,False,3116306906.737,3114104988.546,-0.0707,16217907.366,0.5204,diagnostic difference only; not an official boundary error test
gb:CAF:ADM3:52401652B31277239674635,52401652B31277239674635,Polygon,Polygon,1,1,1,1,898,97,False,1469032843.877,1470035115.908,0.0682,20422432.694,1.3892,diagnostic difference only; not an official boundary error test
gb:CAF:ADM3:52401652B3188800070598,52401652B3188800070598,Polygon,Polygon,1,1,1,1,263,41,False,1088922662.728,1088668419.082,-0.0233,11128579.127,1.022,diagnostic difference only; not an official boundary error test
gb:CAF:ADM3:52401652B33074004162122,52401652B33074004162122,Polygon,Polygon,1,1,1,1,885,150,False,4855463253.555,4845755424.726,-0.1999,36951069.305,0.761,diagnostic difference only; not an official boundary error test
gb:CAF:ADM3:52401652B36649325225122,52401652B36649325225122,Polygon,Polygon,1,1,1,1,315,54,False,2225078085.771,2226810618.229,0.0779,9524538.459,0.4277,diagnostic difference only; not an official boundary error test
gb:CAF:ADM3:52401652B3696371309682,52401652B3696371309682,Polygon,Polygon,1,1,1,1,365,50,False,908789863.071,909329820.147,0.0594,12034185.775,1.3234,diagnostic difference only; not an official boundary error test
gb:CAF:ADM3:52401652B38279195627629,52401652B38279195627629,Polygon,Polygon,1,1,1,1,801,73,False,1473422146.142,1471976006.704,-0.0981,25854702.148,1.7547,diagnostic difference only; not an official boundary error test
gb:CAF:ADM3:52401652B38764253442669,52401652B38764253442669,Polygon,Polygon,1,1,1,1,681,48,False,1005492551.16,1006029782.177,0.0534,13539492.429,1.3458,diagnostic difference only; not an official boundary error test
gb:CAF:ADM3:52401652B39681637125456,52401652B39681637125456,Polygon,Polygon,1,1,1,1,281,50,False,1659327880.229,1662471745.227,0.1895,14160632.155,0.8518,diagnostic difference only; not an official boundary error test
gb:CAF:ADM3:52401652B39889213589793,52401652B39889213589793,Polygon,Polygon,1,1,1,1,1305,215,False,4402063652.535,4400877776.831,-0.0269,36647468.685,0.8325,diagnostic difference only; not an official boundary error test
gb:CAF:ADM3:52401652B41986780209874,52401652B41986780209874,Polygon,Polygon,1,1,1,1,417,62,False,923901688.523,927492395.143,0.3886,20082024.392,2.1652,diagnostic difference only; not an official boundary error test
gb:CAF:ADM3:52401652B44811098003373,52401652B44811098003373,Polygon,Polygon,1,1,1,1,1071,86,False,2146658403.282,2144936896.67,-0.0802,29788354.274,1.3877,diagnostic difference only; not an official boundary error test
gb:CAF:ADM3:52401652B4513459125412,52401652B4513459125412,Polygon,Polygon,1,1,1,1,322,41,False,856997962.709,858557645.196,0.182,9669232.681,1.1262,diagnostic difference only; not an official boundary error test
gb:CAF:ADM3:52401652B47233023336915,52401652B47233023336915,Polygon,Polygon,1,1,1,1,305,75,False,2974474887.214,2971719208.967,-0.0926,17328651.856,0.5826,diagnostic difference only; not an official boundary error test
gb:CAF:ADM3:52401652B48667488935339,52401652B48667488935339,Polygon,Polygon,1,1,1,1,359,71,False,3706701084.193,3703827622.582,-0.0775,17357648.786,0.4683,diagnostic difference only; not an official boundary error test
gb:CAF:ADM3:52401652B49280986132953,52401652B49280986132953,Polygon,Polygon,1,1,1,1,1097,85,False,2680723194.13,2679933265.749,-0.0295,36018595.315,1.3436,diagnostic difference only; not an official boundary error test
gb:CAF:ADM3:52401652B50155572760878,52401652B50155572760878,Polygon,Polygon,1,1,1,1,281,53,False,2289377165.329,2284865693.045,-0.1971,14925570.364,0.6519,diagnostic difference only; not an official boundary error test
gb:CAF:ADM3:52401652B52021866237478,52401652B52021866237478,Polygon,Polygon,1,1,1,1,424,57,False,714824560.5,712285588.774,-0.3552,8230828.158,1.1514,diagnostic difference only; not an official boundary error test
gb:CAF:ADM3:52401652B52611788560906,52401652B52611788560906,Polygon,Polygon,1,1,1,1,663,72,False,2797950159.536,2799566531.325,0.0578,22248427.115,0.7947,diagnostic difference only; not an official boundary error test
gb:CAF:ADM3:52401652B53216405573620,52401652B53216405573620,Polygon,Polygon,1,1,1,1,671,120,False,1823480331.48,1779050106.996,-2.4366,66503619.62,3.6471,diagnostic difference only; not an official boundary error test
gb:CAF:ADM3:52401652B55058977960820,52401652B55058977960820,Polygon,Polygon,1,1,1,1,170,36,False,443055627.363,443963996.031,0.205,8884994.411,2.0013,diagnostic difference only; not an official boundary error test
gb:CAF:ADM3:52401652B56175823548729,52401652B56175823548729,Polygon,Polygon,1,1,1,1,546,136,False,2777862973.423,2777831381.404,-0.0011,20395930.079,0.7342,diagnostic difference only; not an official boundary error test
gb:CAF:ADM3:52401652B56516144492524,52401652B56516144492524,Polygon,Polygon,1,1,1,1,39,10,False,30895088.444,30352384.049,-1.7566,2176162.391,7.0437,diagnostic difference only; not an official boundary error test
gb:CAF:ADM3:52401652B57251917651910,52401652B57251917651910,Polygon,Polygon,1,1,1,1,410,72,False,2326657206.387,2331007237.452,0.187,18239872.934,0.7825,diagnostic difference only; not an official boundary error test
gb:CAF:ADM3:52401652B58466354713012,52401652B58466354713012,Polygon,Polygon,1,1,1,1,1462,133,False,3570287399.942,3567829331.111,-0.0688,44440107.298,1.2447,diagnostic difference only; not an official boundary error test
gb:CAF:ADM3:52401652B58639529980609,52401652B58639529980609,Polygon,Polygon,1,1,1,1,588,80,False,3111334722.861,3109121008.424,-0.0711,22531221.605,0.7242,diagnostic difference only; not an official boundary error test
gb:CAF:ADM3:52401652B58803217697157,52401652B58803217697157,Polygon,Polygon,1,1,1,1,230,55,False,1822739502.008,1819625358.018,-0.1708,11790851.777,0.6469,diagnostic difference only; not an official boundary error test
gb:CAF:ADM3:52401652B59105956163282,52401652B59105956163282,Polygon,Polygon,1,1,1,1,642,70,False,1113695927.953,1116763328.871,0.2754,23695670.746,2.1218,diagnostic difference only; not an official boundary error test
gb:CAF:ADM3:52401652B63841913442805,52401652B63841913442805,Polygon,Polygon,1,1,1,1,404,46,False,713185581.576,712692044.565,-0.0692,11862315.178,1.6633,diagnostic difference only; not an official boundary error test
gb:CAF:ADM3:52401652B64154543388381,52401652B64154543388381,Polygon,Polygon,1,1,1,1,268,69,False,2602870110.162,2603204099.899,0.0128,11121008.877,0.4272,diagnostic difference only; not an official boundary error test
gb:CAF:ADM3:52401652B65052605957591,52401652B65052605957591,Polygon,Polygon,1,1,1,1,432,116,False,5711238073.758,5714638725.459,0.0595,19691847.513,0.3446,diagnostic difference only; not an official boundary error test
gb:CAF:ADM3:52401652B66404081495444,52401652B66404081495444,Polygon,Polygon,1,1,1,1,364,92,False,3658509445.452,3660696377.647,0.0598,21573211.521,0.5893,diagnostic difference only; not an official boundary error test
gb:CAF:ADM3:52401652B6655347271106,52401652B6655347271106,Polygon,Polygon,1,1,1,1,402,39,False,823198213.855,823550383.878,0.0428,12478079.782,1.5152,diagnostic difference only; not an official boundary error test
gb:CAF:ADM3:52401652B68266089784761,52401652B68266089784761,Polygon,Polygon,1,1,1,1,164,41,False,754404584.273,751930178.346,-0.328,10513385.08,1.3936,diagnostic difference only; not an official boundary error test
gb:CAF:ADM3:52401652B68776126405215,52401652B68776126405215,Polygon,Polygon,1,1,1,1,214,55,False,2782788355.723,2786038207.441,0.1168,11432330.742,0.4103,diagnostic difference only; not an official boundary error test
gb:CAF:ADM3:52401652B71644411344496,52401652B71644411344496,Polygon,Polygon,1,1,1,1,468,71,False,4759915484.667,4761889405.702,0.0415,17190031.11,0.361,diagnostic difference only; not an official boundary error test
gb:CAF:ADM3:52401652B71932547914894,52401652B71932547914894,Polygon,Polygon,1,1,1,1,279,67,False,2344092944.485,2340992866.302,-0.1323,12856699.124,0.5485,diagnostic difference only; not an official boundary error test
gb:CAF:ADM3:52401652B74425668027730,52401652B74425668027730,Polygon,Polygon,1,1,1,1,570,65,False,2813841136.883,2814939654.692,0.039,18376548.6,0.6528,diagnostic difference only; not an official boundary error test
gb:CAF:ADM3:52401652B74459660377642,52401652B74459660377642,Polygon,Polygon,1,1,1,1,393,55,False,1087174132.048,1086947074.579,-0.0209,14119611.983,1.2987,diagnostic difference only; not an official boundary error test
gb:CAF:ADM3:52401652B76827498716663,52401652B76827498716663,Polygon,Polygon,1,1,1,1,141,16,False,56354880.432,55198281.208,-2.0523,4154960.406,7.3728,diagnostic difference only; not an official boundary error test
gb:CAF:ADM3:52401652B78492070886577,52401652B78492070886577,Polygon,Polygon,1,1,1,1,328,22,False,187799970.394,187518138.429,-0.1501,6121162.346,3.2594,diagnostic difference only; not an official boundary error test
gb:CAF:ADM3:52401652B79060849111762,52401652B79060849111762,Polygon,Polygon,1,1,1,1,483,99,False,4809448867.858,4807263965.032,-0.0454,28422612.668,0.591,diagnostic difference only; not an official boundary error test
gb:CAF:ADM3:52401652B79208883634836,52401652B79208883634836,Polygon,Polygon,1,1,1,1,460,80,False,925090922.951,926314024.256,0.1322,13982581.924,1.5095,diagnostic difference only; not an official boundary error test
gb:CAF:ADM3:52401652B79798255023644,52401652B79798255023644,Polygon,Polygon,1,1,1,1,460,98,False,3290094906.378,3286535853.775,-0.1082,27188063.793,0.8264,diagnostic difference only; not an official boundary error test
gb:CAF:ADM3:52401652B80104604901725,52401652B80104604901725,Polygon,Polygon,1,1,1,1,534,85,False,3125861143.667,3122192616.968,-0.1174,20849284.483,0.667,diagnostic difference only; not an official boundary error test
gb:CAF:ADM3:52401652B80282695778598,52401652B80282695778598,Polygon,Polygon,1,1,1,1,425,85,False,2753277410.391,2755813103.891,0.0921,24314081.966,0.8823,diagnostic difference only; not an official boundary error test
gb:CAF:ADM3:52401652B80725400757126,52401652B80725400757126,Polygon,Polygon,1,1,1,1,466,77,False,1310282587.86,1308355285.816,-0.1471,19901355.897,1.5189,diagnostic difference only; not an official boundary error test
gb:CAF:ADM3:52401652B809513116141,52401652B809513116141,Polygon,Polygon,1,1,1,1,333,59,False,2980346771.076,2983100601.334,0.0924,11796943.883,0.3955,diagnostic difference only; not an official boundary error test
gb:CAF:ADM3:52401652B8116380147475,52401652B8116380147475,Polygon,Polygon,1,1,1,1,374,62,False,1132124110.011,1132722444.221,0.0529,19628051.861,1.7328,diagnostic difference only; not an official boundary error test
gb:CAF:ADM3:52401652B81964217420809,52401652B81964217420809,Polygon,Polygon,1,1,1,1,525,51,False,1138042320.121,1139258087.277,0.1068,12536456.241,1.1004,diagnostic difference only; not an official boundary error test
gb:CAF:ADM3:52401652B82002637740026,52401652B82002637740026,Polygon,Polygon,1,1,1,1,1462,115,False,3224519984.131,3225643337.399,0.0348,40241258.948,1.2475,diagnostic difference only; not an official boundary error test
gb:CAF:ADM3:52401652B82252103599593,52401652B82252103599593,Polygon,Polygon,1,1,1,1,338,56,False,2074383826.752,2072540029.257,-0.0889,11090562.387,0.5346,diagnostic difference only; not an official boundary error test
gb:CAF:ADM3:52401652B8260276568756,52401652B8260276568756,Polygon,Polygon,1,1,1,1,259,62,False,924690036.565,920075922.311,-0.499,12357935.045,1.3364,diagnostic difference only; not an official boundary error test
gb:CAF:ADM3:52401652B84357227380004,52401652B84357227380004,Polygon,Polygon,1,1,1,1,1008,82,False,1541352181.024,1541189993.195,-0.0105,25465617.62,1.6522,diagnostic difference only; not an official boundary error test
gb:CAF:ADM3:52401652B84799948835039,52401652B84799948835039,Polygon,Polygon,1,1,1,1,442,76,False,5177799865.051,5179242503.761,0.0279,18910865.949,0.3651,diagnostic difference only; not an official boundary error test
gb:CAF:ADM3:52401652B85649347949230,52401652B85649347949230,Polygon,Polygon,1,1,1,1,717,56,False,1399046094.523,1400565010.312,0.1086,29038525.644,2.0733,diagnostic difference only; not an official boundary error test
gb:CAF:ADM3:52401652B86682569461435,52401652B86682569461435,Polygon,Polygon,1,1,1,1,453,76,False,985086091.503,985866022.968,0.0792,10160747.429,1.0306,diagnostic difference only; not an official boundary error test
gb:CAF:ADM3:52401652B87621344901133,52401652B87621344901133,Polygon,Polygon,1,1,1,1,383,65,False,2204826146.018,2202328405.542,-0.1133,14192804.194,0.6437,diagnostic difference only; not an official boundary error test
gb:CAF:ADM3:52401652B89180294622832,52401652B89180294622832,Polygon,Polygon,1,1,1,1,197,34,False,496685348.809,493681650.165,-0.6047,13122364.85,2.642,diagnostic difference only; not an official boundary error test
gb:CAF:ADM3:52401652B94242269588204,52401652B94242269588204,Polygon,Polygon,1,1,1,1,293,54,False,854073218.394,852260930.548,-0.2122,11074210.177,1.2966,diagnostic difference only; not an official boundary error test
gb:CAF:ADM3:52401652B95230480031093,52401652B95230480031093,Polygon,Polygon,1,1,1,1,284,39,False,741506626.986,742482200.239,0.1316,12337662.665,1.6617,diagnostic difference only; not an official boundary error test
gb:CAF:ADM3:52401652B95318023512447,52401652B95318023512447,Polygon,Polygon,1,1,1,1,335,64,False,1494993509.451,1491968936.004,-0.2023,12864055.694,0.8605,diagnostic difference only; not an official boundary error test
gb:CAF:ADM3:52401652B966947158618,52401652B966947158618,Polygon,Polygon,1,1,1,1,289,43,False,1327585712.539,1330611342.254,0.2279,8920880.896,0.6704,diagnostic difference only; not an official boundary error test
gb:CAF:ADM3:52401652B97101163369552,52401652B97101163369552,Polygon,Polygon,1,1,1,2,246,88,False,1021446405.615,1020254897.091,-0.1166,9732683.444,0.9528,diagnostic difference only; not an official boundary error test
gb:CAF:ADM3:52401652B97356194185935,52401652B97356194185935,Polygon,Polygon,1,1,1,1,375,57,False,1571173314.663,1572061434.107,0.0565,15199186.7,0.9668,diagnostic difference only; not an official boundary error test
gb:CAF:ADM3:52401652B97863395714436,52401652B97863395714436,Polygon,Polygon,1,1,1,1,1206,149,False,7305730958.115,7309420645.956,0.0505,47909970.76,0.6555,diagnostic difference only; not an official boundary error test
gb:CAF:ADM3:52401652B98314982381040,52401652B98314982381040,Polygon,Polygon,1,1,1,1,419,81,False,2637637302.851,2641015898.794,0.1281,20835634.95,0.7889,diagnostic difference only; not an official boundary error test
gb:CAF:ADM3:52401652B98566136985023,52401652B98566136985023,Polygon,Polygon,1,1,1,1,962,70,False,2107756769.1,2104629808.096,-0.1484,25426949.807,1.2064,diagnostic difference only; not an official boundary error test
gb:CAF:ADM3:52401652B98607316941388,52401652B98607316941388,Polygon,Polygon,1,1,1,1,418,91,False,2461732013.37,2464689740.62,0.1201,20740563.381,0.8415,diagnostic difference only; not an official boundary error test
gb:CAF:ADM3:52401652B99363571212605,52401652B99363571212605,Polygon,Polygon,1,1,1,2,453,128,False,3995771524.068,3998269916.44,0.0625,17355935.283,0.4341,diagnostic difference only; not an official boundary error test
gb:CMR:ADM3:9386221B10315738090869,9386221B10315738090869,Polygon,Polygon,1,1,1,1,375,63,False,1690236539.023,1679536697.624,-0.633,18146387.161,1.0736,diagnostic difference only; not an official boundary error test
gb:CMR:ADM3:9386221B10676195344752,9386221B10676195344752,Polygon,Polygon,1,1,1,1,282,56,False,1057866940.811,1060092106.333,0.2103,15854199.1,1.4955,diagnostic difference only; not an official boundary error test
gb:CMR:ADM3:9386221B11002664391100,9386221B11002664391100,Polygon,Polygon,1,1,1,1,222,60,False,1695983192.263,1696320619.667,0.0199,14121619.76,0.8325,diagnostic difference only; not an official boundary error test
gb:CMR:ADM3:9386221B12783546794801,9386221B12783546794801,Polygon,MultiPolygon,1,2,1,2,228,48,False,3453270412.96,3050251279.347,-11.6707,416205853.207,12.0525,diagnostic difference only; not an official boundary error test
gb:CMR:ADM3:9386221B12871175619007,9386221B12871175619007,Polygon,Polygon,1,1,1,1,126,48,False,1018153129.782,1016656389.801,-0.147,11685724.985,1.1477,diagnostic difference only; not an official boundary error test
gb:CMR:ADM3:9386221B12973403420020,9386221B12973403420020,Polygon,Polygon,1,1,1,1,906,92,False,4062997096.228,4062505697.058,-0.0121,34020829.037,0.8373,diagnostic difference only; not an official boundary error test
gb:CMR:ADM3:9386221B14880096394558,9386221B14880096394558,Polygon,MultiPolygon,1,2,1,2,585,90,False,12847646888.654,12237417640.003,-4.7497,628869521.878,4.8948,diagnostic difference only; not an official boundary error test
gb:CMR:ADM3:9386221B16078017148885,9386221B16078017148885,Polygon,Polygon,1,1,1,1,76,21,False,309645761.714,309411967.647,-0.0755,3406298.856,1.1001,diagnostic difference only; not an official boundary error test
gb:CMR:ADM3:9386221B16651803685150,9386221B16651803685150,Polygon,Polygon,1,1,1,1,241,27,False,826406455.622,826576782.044,0.0206,7884470.905,0.9539,diagnostic difference only; not an official boundary error test
gb:CMR:ADM3:9386221B16773551692395,9386221B16773551692395,Polygon,Polygon,1,1,1,1,152,23,False,237590833.058,236389065.175,-0.5058,4557235.612,1.9181,diagnostic difference only; not an official boundary error test
gb:CMR:ADM3:9386221B17595337609897,9386221B17595337609897,Polygon,Polygon,1,1,1,1,119,27,False,474446926.556,475064482.557,0.1302,5131385.32,1.0801,diagnostic difference only; not an official boundary error test
gb:CMR:ADM3:9386221B18324110453831,9386221B18324110453831,Polygon,Polygon,1,1,1,1,206,46,False,1910949432.593,1911461963.69,0.0268,10967170.43,0.5738,diagnostic difference only; not an official boundary error test
gb:CMR:ADM3:9386221B19712168109098,9386221B19712168109098,Polygon,Polygon,1,1,1,1,1171,155,False,9600765668.971,9593580030.061,-0.0748,54408042.69,0.5667,diagnostic difference only; not an official boundary error test
gb:CMR:ADM3:9386221B19787450988767,9386221B19787450988767,Polygon,Polygon,1,1,1,1,81,23,False,545153288.906,545577852.834,0.0779,6940448.603,1.2721,diagnostic difference only; not an official boundary error test
gb:CMR:ADM3:9386221B19870181654988,9386221B19870181654988,Polygon,Polygon,1,1,1,1,21,18,False,119873774.299,116759200.272,-2.5982,4471841.813,3.7305,diagnostic difference only; not an official boundary error test
gb:CMR:ADM3:9386221B20253498547252,9386221B20253498547252,Polygon,Polygon,1,1,1,1,245,18,False,89788384.699,90046212.066,0.2872,6378085.263,7.0831,diagnostic difference only; not an official boundary error test
gb:CMR:ADM3:9386221B20564328998936,9386221B20564328998936,Polygon,Polygon,1,1,1,1,710,36,False,271839241.891,269682986.262,-0.7932,7858694.378,2.8909,diagnostic difference only; not an official boundary error test
gb:CMR:ADM3:9386221B20856421798014,9386221B20856421798014,Polygon,Polygon,1,1,1,1,56,26,False,266587931.13,266941113.328,0.1325,3050731.624,1.1428,diagnostic difference only; not an official boundary error test
gb:CMR:ADM3:9386221B21402585210419,9386221B21402585210419,Polygon,Polygon,1,1,1,1,621,53,False,659076623.205,657063650.994,-0.3054,16029127.736,2.4321,diagnostic difference only; not an official boundary error test
gb:CMR:ADM3:9386221B22617176648961,9386221B22617176648961,Polygon,Polygon,1,1,1,1,679,74,False,1716953369.417,1716248323.542,-0.0411,22843235.469,1.3305,diagnostic difference only; not an official boundary error test
gb:CMR:ADM3:9386221B22697281755042,9386221B22697281755042,Polygon,Polygon,1,1,1,1,732,82,False,1983556000.68,1982081510.594,-0.0743,23393314.718,1.1794,diagnostic difference only; not an official boundary error test
gb:CMR:ADM3:9386221B23103159398534,9386221B23103159398534,Polygon,Polygon,1,1,1,1,969,174,False,1175644390.735,1176232866.434,0.0501,31802962.501,2.7038,diagnostic difference only; not an official boundary error test
gb:CMR:ADM3:9386221B24384451871957,9386221B24384451871957,Polygon,Polygon,1,1,1,1,1079,110,False,2221258962.377,2220435448.354,-0.0371,32449367.548,1.4609,diagnostic difference only; not an official boundary error test
gb:CMR:ADM3:9386221B24523767599714,9386221B24523767599714,Polygon,Polygon,1,1,1,1,688,50,False,2118986993.056,2118504525.968,-0.0228,32875255.416,1.5515,diagnostic difference only; not an official boundary error test
gb:CMR:ADM3:9386221B24523978405317,9386221B24523978405317,Polygon,Polygon,1,1,1,1,1234,133,False,4911647201.621,4915204611.053,0.0724,45819913.588,0.9322,diagnostic difference only; not an official boundary error test
gb:CMR:ADM3:9386221B24588986307138,9386221B24588986307138,Polygon,Polygon,1,1,1,1,45,15,False,1240554562.06,1240444898.703,-0.0088,1833698.717,0.1478,diagnostic difference only; not an official boundary error test
gb:CMR:ADM3:9386221B27515073075422,9386221B27515073075422,Polygon,Polygon,1,1,1,1,301,21,False,5503851293.016,5505643793.484,0.0326,6187104.652,0.1124,diagnostic difference only; not an official boundary error test
gb:CMR:ADM3:9386221B27682953548851,9386221B27682953548851,Polygon,Polygon,1,1,1,1,188,32,False,1762696742.303,1761617365.86,-0.0612,8709936.02,0.4941,diagnostic difference only; not an official boundary error test
gb:CMR:ADM3:9386221B27808303815769,9386221B27808303815769,Polygon,Polygon,1,1,1,1,1148,80,False,2077817745.581,2082248605.437,0.2132,31055780.106,1.4915,diagnostic difference only; not an official boundary error test
gb:CMR:ADM3:9386221B29116122691859,9386221B29116122691859,Polygon,Polygon,1,1,1,1,245,57,False,1086572130.859,1087061258.747,0.045,21030519.33,1.9346,diagnostic difference only; not an official boundary error test
gb:CMR:ADM3:9386221B29439611167518,9386221B29439611167518,Polygon,Polygon,1,1,1,1,67,31,False,320438465.153,319771646.681,-0.2081,5611827.228,1.7513,diagnostic difference only; not an official boundary error test
gb:CMR:ADM3:9386221B30079152631265,9386221B30079152631265,Polygon,Polygon,1,1,1,1,515,142,False,5396805832.871,5403494563.413,0.1239,46932702.417,0.8686,diagnostic difference only; not an official boundary error test
gb:CMR:ADM3:9386221B32496835290273,9386221B32496835290273,Polygon,Polygon,1,1,1,1,1000,181,False,8821641268.681,8721218671.845,-1.1384,129247941.903,1.4651,diagnostic difference only; not an official boundary error test
gb:CMR:ADM3:9386221B32586311123071,9386221B32586311123071,Polygon,Polygon,1,1,1,1,600,146,False,1638812074.926,1626179484.053,-0.7708,36067060.626,2.2008,diagnostic difference only; not an official boundary error test
gb:CMR:ADM3:9386221B32858528046602,9386221B32858528046602,Polygon,Polygon,1,1,1,2,59,37,False,810149244.523,809045564.32,-0.1362,2601300.029,0.3211,diagnostic difference only; not an official boundary error test
gb:CMR:ADM3:9386221B33572677015820,9386221B33572677015820,Polygon,Polygon,1,1,1,1,831,87,False,5324683095.296,5314715826.381,-0.1872,37268241.269,0.6999,diagnostic difference only; not an official boundary error test
gb:CMR:ADM3:9386221B35442876083106,9386221B35442876083106,Polygon,Polygon,1,1,1,1,423,73,False,1781601623.742,1751593248.982,-1.6843,45837574.457,2.5728,diagnostic difference only; not an official boundary error test
gb:CMR:ADM3:9386221B35606887625558,9386221B35606887625558,Polygon,Polygon,1,1,1,1,223,37,False,647815683.736,646350822.658,-0.2261,9358019.074,1.4445,diagnostic difference only; not an official boundary error test
gb:CMR:ADM3:9386221B37271729797840,9386221B37271729797840,Polygon,Polygon,1,1,1,1,230,38,False,721407297.27,721148853.0,-0.0358,9174523.616,1.2718,diagnostic difference only; not an official boundary error test
gb:CMR:ADM3:9386221B37656642959733,9386221B37656642959733,Polygon,Polygon,1,1,1,1,75,27,False,266235549.678,266543536.753,0.1157,5221122.565,1.9588,diagnostic difference only; not an official boundary error test
gb:CMR:ADM3:9386221B37676907577094,9386221B37676907577094,Polygon,Polygon,1,1,1,1,394,52,False,1488523523.108,1494417353.366,0.396,19647831.197,1.3147,diagnostic difference only; not an official boundary error test
gb:CMR:ADM3:9386221B37888289163945,9386221B37888289163945,Polygon,Polygon,1,1,1,1,135,26,False,367627662.917,368685850.248,0.2878,6979037.146,1.8929,diagnostic difference only; not an official boundary error test
gb:CMR:ADM3:9386221B37966220698587,9386221B37966220698587,Polygon,Polygon,1,1,1,1,159,30,False,1203424048.301,1204982762.032,0.1295,7542315.68,0.6259,diagnostic difference only; not an official boundary error test
gb:CMR:ADM3:9386221B39531153128231,9386221B39531153128231,Polygon,Polygon,1,1,1,1,281,34,False,356247597.623,358434617.137,0.6139,8235736.636,2.2977,diagnostic difference only; not an official boundary error test
gb:CMR:ADM3:9386221B39773642764490,9386221B39773642764490,Polygon,Polygon,1,1,1,1,249,36,False,272165368.432,269320106.614,-1.0454,22027612.688,8.0935,diagnostic difference only; not an official boundary error test
gb:CMR:ADM3:9386221B39841753878206,9386221B39841753878206,Polygon,Polygon,1,1,1,1,55,9,False,42818991.494,42479398.019,-0.7931,3091808.259,7.2206,diagnostic difference only; not an official boundary error test
gb:CMR:ADM3:9386221B41429831054042,9386221B41429831054042,Polygon,Polygon,1,1,1,1,266,26,False,323786936.804,325578882.917,0.5534,9628474.29,2.9573,diagnostic difference only; not an official boundary error test
gb:CMR:ADM3:9386221B43096066125495,9386221B43096066125495,Polygon,Polygon,1,1,1,1,82,17,False,194832358.574,190961178.766,-1.9869,5474314.428,2.8098,diagnostic difference only; not an official boundary error test
gb:CMR:ADM3:9386221B43590333993773,9386221B43590333993773,Polygon,Polygon,1,1,1,2,693,98,False,2470525362.899,2470752655.457,0.0092,22602747.591,0.9148,diagnostic difference only; not an official boundary error test
gb:CMR:ADM3:9386221B44986910492464,9386221B44986910492464,Polygon,Polygon,1,1,1,1,370,53,False,3079583801.608,3076367557.847,-0.1044,16236111.263,0.5272,diagnostic difference only; not an official boundary error test
gb:CMR:ADM3:9386221B45326950687577,9386221B45326950687577,Polygon,Polygon,1,1,1,2,1230,99,False,1014033564.889,1003965373.06,-0.9929,28761169.673,2.8363,diagnostic difference only; not an official boundary error test
gb:CMR:ADM3:9386221B45425107612408,9386221B45425107612408,Polygon,Polygon,1,1,1,1,1405,130,False,4627772498.831,4629644555.57,0.0405,45646711.81,0.986,diagnostic difference only; not an official boundary error test
gb:CMR:ADM3:9386221B46085147008796,9386221B46085147008796,Polygon,Polygon,1,1,1,1,254,39,False,602593749.862,604699880.218,0.3495,10474420.611,1.7322,diagnostic difference only; not an official boundary error test
gb:CMR:ADM3:9386221B46316017991506,9386221B46316017991506,Polygon,Polygon,1,1,1,2,339,90,False,363009889.036,361719288.87,-0.3555,12780429.764,3.5207,diagnostic difference only; not an official boundary error test
gb:CMR:ADM3:9386221B48086632722257,9386221B48086632722257,Polygon,Polygon,1,1,1,1,18,12,False,96735271.817,96468592.511,-0.2757,1300200.094,1.3441,diagnostic difference only; not an official boundary error test
gb:CMR:ADM3:9386221B4855998486519,9386221B4855998486519,Polygon,Polygon,1,1,1,1,734,89,False,1394848973.485,1391100419.995,-0.2687,29926441.545,2.1455,diagnostic difference only; not an official boundary error test
gb:CMR:ADM3:9386221B48792868038204,9386221B48792868038204,Polygon,Polygon,1,1,1,1,143,33,False,404828260.158,405028237.268,0.0494,9948074.939,2.4561,diagnostic difference only; not an official boundary error test
gb:CMR:ADM3:9386221B49027895017551,9386221B49027895017551,Polygon,Polygon,1,1,1,1,1289,131,False,10062255136.113,10056214207.464,-0.06,45626920.263,0.4534,diagnostic difference only; not an official boundary error test
gb:CMR:ADM3:9386221B49150604315401,9386221B49150604315401,Polygon,Polygon,1,1,1,1,98,24,False,188695598.607,189049003.066,0.1873,6429345.08,3.4009,diagnostic difference only; not an official boundary error test
gb:CMR:ADM3:9386221B49844150240276,9386221B49844150240276,Polygon,Polygon,1,1,1,1,249,51,False,6641249078.382,6642110669.153,0.013,15576398.487,0.2345,diagnostic difference only; not an official boundary error test
gb:CMR:ADM3:9386221B50142475459144,9386221B50142475459144,Polygon,Polygon,1,1,1,1,357,64,False,1098761327.933,1098943941.954,0.0166,14283534.044,1.2998,diagnostic difference only; not an official boundary error test
gb:CMR:ADM3:9386221B5072173387856,9386221B5072173387856,Polygon,Polygon,1,1,1,1,78,24,False,995195592.09,993408356.164,-0.1796,4727959.981,0.4751,diagnostic difference only; not an official boundary error test
gb:CMR:ADM3:9386221B51081556140896,9386221B51081556140896,Polygon,Polygon,1,1,1,1,207,25,False,167555179.593,166101295.619,-0.8677,6319137.024,3.7714,diagnostic difference only; not an official boundary error test
gb:CMR:ADM3:9386221B52133051917416,9386221B52133051917416,Polygon,Polygon,1,1,1,1,234,43,False,889670622.07,889369123.067,-0.0339,18151887.925,2.0403,diagnostic difference only; not an official boundary error test
gb:CMR:ADM3:9386221B52857545604026,9386221B52857545604026,Polygon,Polygon,1,1,1,1,1514,75,False,1049341172.437,1046808120.913,-0.2414,14599525.35,1.3913,diagnostic difference only; not an official boundary error test
gb:CMR:ADM3:9386221B53888650456668,9386221B53888650456668,Polygon,Polygon,1,1,1,1,2523,227,False,14612817999.474,14611083979.367,-0.0119,67861044.193,0.4644,diagnostic difference only; not an official boundary error test
gb:CMR:ADM3:9386221B55011074826496,9386221B55011074826496,Polygon,Polygon,1,1,1,1,644,93,False,1943033922.305,1940575693.819,-0.1265,17751689.135,0.9136,diagnostic difference only; not an official boundary error test
gb:CMR:ADM3:9386221B55088340014824,9386221B55088340014824,Polygon,Polygon,1,1,1,1,249,55,False,689755173.112,687539509.073,-0.3212,12865381.223,1.8652,diagnostic difference only; not an official boundary error test
gb:CMR:ADM3:9386221B55243571105857,9386221B55243571105857,Polygon,Polygon,1,1,1,1,80,48,False,600176528.933,592402220.793,-1.2953,10774883.1,1.7953,diagnostic difference only; not an official boundary error test
gb:CMR:ADM3:9386221B55259405982197,9386221B55259405982197,Polygon,Polygon,1,1,1,1,385,52,False,2634035394.037,2634627016.656,0.0225,16244623.328,0.6166,diagnostic difference only; not an official boundary error test
gb:CMR:ADM3:9386221B5549911640036,9386221B5549911640036,Polygon,Polygon,1,1,1,1,110,47,False,762508163.373,760515759.818,-0.2613,11294171.208,1.4812,diagnostic difference only; not an official boundary error test
gb:CMR:ADM3:9386221B56423298576810,9386221B56423298576810,Polygon,Polygon,1,1,1,1,553,61,False,1806946290.46,1808195937.69,0.0692,23489207.07,1.299,diagnostic difference only; not an official boundary error test
gb:CMR:ADM3:9386221B57757990262555,9386221B57757990262555,Polygon,Polygon,1,1,1,1,494,54,False,1538619414.863,1536339320.797,-0.1482,24512442.21,1.5931,diagnostic difference only; not an official boundary error test
gb:CMR:ADM3:9386221B58524800443339,9386221B58524800443339,Polygon,Polygon,1,1,1,1,357,74,False,1876565660.081,1856892003.25,-1.0484,62766971.207,3.3448,diagnostic difference only; not an official boundary error test
gb:CMR:ADM3:9386221B58725943813912,9386221B58725943813912,Polygon,Polygon,1,1,1,1,168,47,False,936187920.211,935800569.675,-0.0414,11347547.388,1.2121,diagnostic difference only; not an official boundary error test
gb:CMR:ADM3:9386221B58945663298382,9386221B58945663298382,Polygon,Polygon,1,1,1,1,1369,138,False,7313063059.982,7311059250.642,-0.0274,57631611.694,0.7881,diagnostic difference only; not an official boundary error test
gb:CMR:ADM3:9386221B59068819347143,9386221B59068819347143,Polygon,MultiPolygon,1,2,1,2,260,85,False,1105083041.107,957967981.142,-13.3126,154968579.116,14.0233,diagnostic difference only; not an official boundary error test
gb:CMR:ADM3:9386221B6080891067496,9386221B6080891067496,Polygon,Polygon,1,1,1,1,767,84,False,1783696661.616,1753799822.62,-1.6761,46041982.317,2.5813,diagnostic difference only; not an official boundary error test
gb:CMR:ADM3:9386221B60959306764795,9386221B60959306764795,Polygon,Polygon,1,1,1,1,246,21,False,257135913.214,254930347.264,-0.8577,6884922.487,2.6775,diagnostic difference only; not an official boundary error test
gb:CMR:ADM3:9386221B62243000391182,9386221B62243000391182,Polygon,Polygon,1,1,1,1,46,26,False,1139649639.165,1139718362.499,0.006,3685997.631,0.3234,diagnostic difference only; not an official boundary error test
gb:CMR:ADM3:9386221B62336518359995,9386221B62336518359995,Polygon,Polygon,1,1,1,1,581,129,False,6761126540.955,6756974387.397,-0.0614,34272108.354,0.5069,diagnostic difference only; not an official boundary error test
gb:CMR:ADM3:9386221B62355710838031,9386221B62355710838031,Polygon,Polygon,1,1,1,1,138,43,False,143196049.121,135714895.516,-5.2244,13763082.198,9.6114,diagnostic difference only; not an official boundary error test
gb:CMR:ADM3:9386221B6258875435792,9386221B6258875435792,Polygon,Polygon,1,1,1,1,104,36,False,496039525.204,495653788.636,-0.0778,5962792.782,1.2021,diagnostic difference only; not an official boundary error test
gb:CMR:ADM3:9386221B62771652118747,9386221B62771652118747,Polygon,Polygon,1,1,1,1,35,18,False,286658017.164,286321773.473,-0.1173,3708271.52,1.2936,diagnostic difference only; not an official boundary error test
gb:CMR:ADM3:9386221B63234157800272,9386221B63234157800272,Polygon,Polygon,1,1,1,1,242,44,False,726431741.757,728928758.368,0.3437,10154784.364,1.3931,diagnostic difference only; not an official boundary error test
gb:CMR:ADM3:9386221B63558016528388,9386221B63558016528388,Polygon,Polygon,1,1,1,1,2124,139,False,5875021846.033,5871003215.164,-0.0684,60490818.529,1.0296,diagnostic difference only; not an official boundary error test
gb:CMR:ADM3:9386221B63686862212730,9386221B63686862212730,Polygon,Polygon,1,1,1,2,175,68,False,220855932.955,210511764.575,-4.6837,18179171.877,8.2312,diagnostic difference only; not an official boundary error test
gb:CMR:ADM3:9386221B64770974028815,9386221B64770974028815,Polygon,MultiPolygon,1,2,1,2,786,297,False,9948526876.97,9935510189.675,-0.1308,35027886.941,0.3521,diagnostic difference only; not an official boundary error test
gb:CMR:ADM3:9386221B64959093504079,9386221B64959093504079,Polygon,Polygon,1,1,1,1,50,17,False,388761588.539,387906910.121,-0.2198,3747564.495,0.964,diagnostic difference only; not an official boundary error test
gb:CMR:ADM3:9386221B65663858061851,9386221B65663858061851,Polygon,Polygon,1,1,1,1,487,87,False,7817196602.439,7797240881.122,-0.2553,38037558.662,0.4866,diagnostic difference only; not an official boundary error test
gb:CMR:ADM3:9386221B65701761886859,9386221B65701761886859,Polygon,Polygon,1,1,1,1,1242,152,False,5441674258.807,5297608049.531,-2.6475,175977623.637,3.2339,diagnostic difference only; not an official boundary error test
gb:CMR:ADM3:9386221B6590721428979,9386221B6590721428979,Polygon,Polygon,1,1,1,1,47,13,False,95994643.296,95438844.241,-0.579,2117133.65,2.2055,diagnostic difference only; not an official boundary error test
gb:CMR:ADM3:9386221B66316183416370,9386221B66316183416370,Polygon,Polygon,1,1,1,1,122,40,False,1935631471.791,1934838157.519,-0.041,8539483.306,0.4412,diagnostic difference only; not an official boundary error test
gb:CMR:ADM3:9386221B67115727666707,9386221B67115727666707,Polygon,Polygon,1,1,1,1,568,90,False,2479166899.707,2477190554.944,-0.0797,20620413.458,0.8317,diagnostic difference only; not an official boundary error test
gb:CMR:ADM3:9386221B68314986466248,9386221B68314986466248,Polygon,Polygon,1,1,1,1,775,94,False,2638139511.508,2637601006.779,-0.0204,37402781.679,1.4178,diagnostic difference only; not an official boundary error test
gb:CMR:ADM3:9386221B68625330517672,9386221B68625330517672,Polygon,Polygon,1,1,1,1,190,13,False,74392354.374,73615340.362,-1.0445,5496307.596,7.3883,diagnostic difference only; not an official boundary error test
gb:CMR:ADM3:9386221B68680045868620,9386221B68680045868620,Polygon,Polygon,1,1,1,1,187,34,False,502376625.482,498108451.411,-0.8496,9738370.062,1.9385,diagnostic difference only; not an official boundary error test
gb:CMR:ADM3:9386221B69502983306293,9386221B69502983306293,Polygon,Polygon,1,1,1,1,843,112,False,3710263483.071,3703974427.677,-0.1695,36073567.628,0.9723,diagnostic difference only; not an official boundary error test
gb:CMR:ADM3:9386221B7054821525392,9386221B7054821525392,Polygon,Polygon,1,1,1,1,472,32,False,565141082.878,546300049.902,-3.3339,22336209.395,3.9523,diagnostic difference only; not an official boundary error test
gb:CMR:ADM3:9386221B72066933414683,9386221B72066933414683,Polygon,Polygon,1,1,1,1,821,57,False,957147072.173,956523464.893,-0.0652,19879810.532,2.077,diagnostic difference only; not an official boundary error test
gb:CMR:ADM3:9386221B72186674772599,9386221B72186674772599,Polygon,Polygon,1,1,1,1,1399,121,False,4872094380.426,4867936842.736,-0.0853,47908795.08,0.9833,diagnostic difference only; not an official boundary error test
gb:CMR:ADM3:9386221B72803640031739,9386221B72803640031739,Polygon,Polygon,1,1,1,1,383,73,False,2063100041.777,2066184503.05,0.1495,20284151.158,0.9817,diagnostic difference only; not an official boundary error test
gb:CMR:ADM3:9386221B72848385976679,9386221B72848385976679,Polygon,Polygon,1,1,1,1,102,25,False,880143601.019,880006837.756,-0.0155,3015266.085,0.3426,diagnostic difference only; not an official boundary error test
gb:CMR:ADM3:9386221B73164883386561,9386221B73164883386561,Polygon,Polygon,1,1,1,1,496,87,False,5338626077.539,5335993308.361,-0.0493,29772446.584,0.5577,diagnostic difference only; not an official boundary error test
gb:CMR:ADM3:9386221B73292182549514,9386221B73292182549514,Polygon,Polygon,1,1,1,1,265,56,False,2231740209.615,2230951885.54,-0.0353,10794834.007,0.4837,diagnostic difference only; not an official boundary error test
gb:CMR:ADM3:9386221B74492421948677,9386221B74492421948677,Polygon,Polygon,1,1,1,1,200,49,False,866849649.573,865108982.949,-0.2008,15630370.387,1.8031,diagnostic difference only; not an official boundary error test
gb:CMR:ADM3:9386221B74984703788986,9386221B74984703788986,Polygon,Polygon,1,1,1,1,31,17,False,327116940.673,324492875.924,-0.8022,3482852.908,1.0647,diagnostic difference only; not an official boundary error test
gb:CMR:ADM3:9386221B75151477977368,9386221B75151477977368,Polygon,Polygon,1,1,1,6,1187,240,False,2807220392.891,2800212206.099,-0.2496,28173523.102,1.0036,diagnostic difference only; not an official boundary error test
gb:CMR:ADM3:9386221B75511298847900,9386221B75511298847900,Polygon,Polygon,1,1,1,1,165,27,False,1016467304.858,1016290178.653,-0.0174,3572220.35,0.3514,diagnostic difference only; not an official boundary error test
gb:CMR:ADM3:9386221B75894342225273,9386221B75894342225273,Polygon,Polygon,1,1,1,1,1025,117,False,3579571254.638,3565405430.604,-0.3957,40505649.693,1.1316,diagnostic difference only; not an official boundary error test
gb:CMR:ADM3:9386221B77038757135535,9386221B77038757135535,Polygon,Polygon,1,1,1,1,178,60,False,760058612.894,761321830.311,0.1662,10857363.705,1.4261,diagnostic difference only; not an official boundary error test
gb:CMR:ADM3:9386221B78288221055850,9386221B78288221055850,MultiPolygon,MultiPolygon,2,2,2,2,173,60,False,1236992217.713,1236765449.565,-0.0183,15509859.245,1.2538,diagnostic difference only; not an official boundary error test
gb:CMR:ADM3:9386221B78668613240419,9386221B78668613240419,Polygon,Polygon,1,1,1,1,689,53,False,1718940794.703,1719394988.829,0.0264,18565546.12,1.0798,diagnostic difference only; not an official boundary error test
gb:CMR:ADM3:9386221B78963061859533,9386221B78963061859533,Polygon,Polygon,1,1,1,1,76,17,False,240113723.874,240305597.991,0.0799,4811087.332,2.0021,diagnostic difference only; not an official boundary error test
gb:CMR:ADM3:9386221B79807514363005,9386221B79807514363005,Polygon,Polygon,1,1,1,1,788,99,False,3711077904.546,3707566042.073,-0.0946,30907067.266,0.8328,diagnostic difference only; not an official boundary error test
gb:CMR:ADM3:9386221B80147153922778,9386221B80147153922778,Polygon,Polygon,1,1,1,1,478,63,False,2643018746.763,2648593650.481,0.2109,15023405.253,0.5672,diagnostic difference only; not an official boundary error test
gb:CMR:ADM3:9386221B8023957088863,9386221B8023957088863,Polygon,Polygon,1,1,1,1,163,19,False,91140785.993,89566094.15,-1.7278,4530816.447,4.9712,diagnostic difference only; not an official boundary error test
gb:CMR:ADM3:9386221B80738734605470,9386221B80738734605470,Polygon,Polygon,1,1,1,2,161,60,False,1058538399.444,1054183671.211,-0.4114,7464068.201,0.7051,diagnostic difference only; not an official boundary error test
gb:CMR:ADM3:9386221B817394517114,9386221B817394517114,Polygon,Polygon,1,1,1,1,3146,166,False,1655714874.234,1601000006.789,-3.3046,75117598.364,4.5369,diagnostic difference only; not an official boundary error test
gb:CMR:ADM3:9386221B82613512248769,9386221B82613512248769,Polygon,Polygon,1,1,1,1,249,54,False,3103156798.536,3103697073.41,0.0174,15339097.272,0.4942,diagnostic difference only; not an official boundary error test
gb:CMR:ADM3:9386221B82666420307712,9386221B82666420307712,Polygon,Polygon,1,1,1,1,1203,106,False,11754123430.909,11751246349.939,-0.0245,39865861.486,0.3392,diagnostic difference only; not an official boundary error test
gb:CMR:ADM3:9386221B82965334197463,9386221B82965334197463,Polygon,Polygon,1,1,1,1,597,61,False,2254303191.827,2256104628.026,0.0799,32251031.896,1.4295,diagnostic difference only; not an official boundary error test
gb:CMR:ADM3:9386221B83688438968911,9386221B83688438968911,Polygon,Polygon,1,1,1,1,1029,32,False,393394245.266,393232514.973,-0.0411,5820144.695,1.4795,diagnostic difference only; not an official boundary error test
gb:CMR:ADM3:9386221B8479962630576,9386221B8479962630576,Polygon,Polygon,1,1,1,1,124,25,False,260562543.014,260655971.285,0.0359,7361974.44,2.8244,diagnostic difference only; not an official boundary error test
gb:CMR:ADM3:9386221B86555112377323,9386221B86555112377323,Polygon,Polygon,1,1,1,1,1036,94,False,2029970657.667,2027776538.398,-0.1081,33687273.327,1.6595,diagnostic difference only; not an official boundary error test
gb:CMR:ADM3:9386221B8700999624976,9386221B8700999624976,Polygon,Polygon,1,1,1,1,109,29,False,720773718.526,723255821.914,0.3444,7420055.635,1.0259,diagnostic difference only; not an official boundary error test
gb:CMR:ADM3:9386221B87764224122808,9386221B87764224122808,Polygon,Polygon,1,1,1,1,1522,177,False,10048254933.132,10052167767.974,0.0389,48467191.755,0.4822,diagnostic difference only; not an official boundary error test
gb:CMR:ADM3:9386221B8963081327305,9386221B8963081327305,Polygon,Polygon,1,1,1,1,78,36,False,562299554.544,561631028.923,-0.1189,4374038.38,0.7779,diagnostic difference only; not an official boundary error test
gb:CMR:ADM3:9386221B93722401530066,9386221B93722401530066,Polygon,Polygon,1,1,1,1,32,17,False,288572583.245,289111471.793,0.1867,2731263.085,0.9447,diagnostic difference only; not an official boundary error test
gb:CMR:ADM3:9386221B93864141471804,9386221B93864141471804,Polygon,Polygon,1,1,1,1,628,108,False,2566099269.003,2565339720.833,-0.0296,29834429.931,1.1626,diagnostic difference only; not an official boundary error test
gb:CMR:ADM3:9386221B94640622657798,9386221B94640622657798,Polygon,Polygon,1,1,1,1,461,84,False,1945662524.393,1941923853.773,-0.1922,27522378.801,1.4146,diagnostic difference only; not an official boundary error test
gb:CMR:ADM3:9386221B95656062401724,9386221B95656062401724,Polygon,Polygon,1,1,1,1,85,35,False,1316323689.733,1319066203.103,0.2083,9001880.252,0.6824,diagnostic difference only; not an official boundary error test
gb:CMR:ADM3:9386221B96404990454766,9386221B96404990454766,Polygon,Polygon,1,1,1,1,46,24,False,385356843.603,386152290.961,0.2064,5932579.289,1.5363,diagnostic difference only; not an official boundary error test
gb:CMR:ADM3:9386221B97708588482854,9386221B97708588482854,Polygon,MultiPolygon,1,2,1,2,1409,33,False,631054010.892,588259381.323,-6.7815,47243473.183,7.4864,diagnostic difference only; not an official boundary error test
