province_id,province_name,issue_members,full_province_count,partial,boundary_assessment
framework:province:durres:e456030851a4,Durrës,2,2,False,not independently compared to authoritative reusable polygons
framework:province:fier:22909b0f44a7,Fier,3,3,False,not independently compared to authoritative reusable polygons
framework:province:tirane:ba2e927db1e4,Tiranë,2,2,False,not independently compared to authoritative reusable polygons
framework:province:shkoder:fdf95fc333b4,Shkodër,3,3,False,not independently compared to authoritative reusable polygons
framework:province:lezhe:5f8370101b35,Lezhë,3,3,False,not independently compared to authoritative reusable polygons
framework:province:vlore:c470af8d9006,Vlorë,3,3,False,not independently compared to authoritative reusable polygons
framework:province:berat:7234bdafbf5a,Berat,3,3,False,not independently compared to authoritative reusable polygons
framework:province:elbasan:fc30bce37284,Elbasan,4,4,False,not independently compared to authoritative reusable polygons
framework:province:gjirokaster:64b0a55d9e31,Gjirokastër,3,3,False,not independently compared to authoritative reusable polygons
framework:province:diber:47019c10e763,Dibër,3,3,False,not independently compared to authoritative reusable polygons
framework:province:kukes:3585bad6b071,Kukës,3,3,False,not independently compared to authoritative reusable polygons
framework:province:korce:a57580ad27f7,Korçë,4,4,False,not independently compared to authoritative reusable polygons
framework:province:una-sana-canton:b4fe6726e347,Una-Sana Canton,8,8,False,not independently compared to authoritative reusable polygons
framework:province:canton-10:c9582c96c75e,Canton 10,6,6,False,not independently compared to authoritative reusable polygons
framework:province:west-herzegovina-canton:d836e10d3129,West Herzegovina Canton,4,4,False,not independently compared to authoritative reusable polygons
framework:province:central-bosnia-canton:8d3ca3f7ce53,Central Bosnia Canton,12,12,False,not independently compared to authoritative reusable polygons
framework:province:herzegovina-neretva-canton:09ba7648c02f,Herzegovina-Neretva Canton,9,9,False,not independently compared to authoritative reusable polygons
framework:province:republika-srpska:894f30763c2a,Republika Srpska,61,61,False,not independently compared to authoritative reusable polygons
framework:province:zenica-doboj-canton:d2555587445b,Zenica-Doboj Canton,12,12,False,not independently compared to authoritative reusable polygons
framework:province:sarajevo-canton:1585b0e07c81,Sarajevo Canton,10,10,False,not independently compared to authoritative reusable polygons
framework:province:posavina-canton:e0b4ec42119d,Posavina Canton,3,3,False,not independently compared to authoritative reusable polygons
framework:province:tuzla-canton:52361df0fd0e,Tuzla Canton,13,13,False,not independently compared to authoritative reusable polygons
framework:province:bosnian-podrinje-canton-gorazde:0fdf0fc83f06,Bosnian-Podrinje Canton Goražde,3,3,False,not independently compared to authoritative reusable polygons
framework:province:brcko-district:268b070806de,Brcko District,1,1,False,not independently compared to authoritative reusable polygons
framework:province:vidin:ee8a3d508392,Vidin,11,11,False,not independently compared to authoritative reusable polygons
framework:province:pernik:d952f59ef1ac,Pernik,6,6,False,not independently compared to authoritative reusable polygons
framework:province:kyustendil:95d0ed5b1c5e,Kyustendil,9,9,False,not independently compared to authoritative reusable polygons
framework:province:montana:7820ae51a3a1,Montana,11,11,False,not independently compared to authoritative reusable polygons
framework:province:sofia-city:a0a72defa43e,Sofia City,1,1,False,not independently compared to authoritative reusable polygons
framework:province:blagoevgrad:8e2722bc5923,Blagoevgrad,14,14,False,not independently compared to authoritative reusable polygons
