location_id,source_shape_id,baseline_atlas_name,municipality_code,atlas_2017_reference_name,candidate_packet_current_gurs_name,sistat_dimension_label_at_retrieval,gurs_current_feature_date,sistat_area_2017H1_km2,sistat_area_2017H2_km2,2017_entity_presence,2017_official_name,name_correction
gb:SVN:ADM2:79292919B14844764164504,79292919B14844764164504,Ckocjan,121,Ckocjan,Škocjan,Škocjan,2026-09-15T10:57:55Z,60.4,60.4,supported-by-2017-statistical-series,unresolved-static-dimension-is-not-time-vintaged,not-proposed-pending-dated-RPE-register-record
gb:SVN:ADM2:79292919B19982075256158,79292919B19982075256158,Sveti Tomaa,205,Sveti Tomaa,Sveti Tomaž,Sveti Tomaž,2026-09-30T09:45:05Z,38.1,38.1,supported-by-2017-statistical-series,unresolved-static-dimension-is-not-time-vintaged,not-proposed-pending-dated-RPE-register-record
gb:SVN:ADM2:79292919B22803518802899,79292919B22803518802899,Kalovci,033,Kalovci,Šalovci,Šalovci,2025-10-02T18:06:46Z,58.2,58.2,supported-by-2017-statistical-series,unresolved-static-dimension-is-not-time-vintaged,not-proposed-pending-dated-RPE-register-record
gb:SVN:ADM2:79292919B24232853487661,79292919B24232853487661,Velike La,134,Velike La,Velike Lašče,Velike Lašče,2026-09-11T10:38:48Z,103.2,103.2,supported-by-2017-statistical-series,unresolved-static-dimension-is-not-time-vintaged,not-proposed-pending-dated-RPE-register-record
gb:SVN:ADM2:79292919B24234918778023,79292919B24234918778023,Krcko,054,Krcko,Krško,Krško,2026-09-15T10:57:55Z,286.5,286.5,supported-by-2017-statistical-series,unresolved-static-dimension-is-not-time-vintaged,not-proposed-pending-dated-RPE-register-record
gb:SVN:ADM2:79292919B27119869854741,79292919B27119869854741,Ajdovtcina,001,Ajdovtcina,Ajdovščina,Ajdovščina,2025-12-05T09:38:07Z,245.2,245.2,supported-by-2017-statistical-series,unresolved-static-dimension-is-not-time-vintaged,not-proposed-pending-dated-RPE-register-record
gb:SVN:ADM2:79292919B27121964158679,79292919B27121964158679,Pentilj,118,Pentilj,Šentilj,Šentilj,2026-06-03T16:26:54Z,65,65,supported-by-2017-statistical-series,unresolved-static-dimension-is-not-time-vintaged,not-proposed-pending-dated-RPE-register-record
gb:SVN:ADM2:79292919B29250597194434,79292919B29250597194434,Miklavl na Dravskem polju,169,Miklavl na Dravskem polju,Miklavž na Dravskem polju,Miklavž na Dravskem polju,2025-10-30T09:21:10Z,12.5,12.5,supported-by-2017-statistical-series,unresolved-static-dimension-is-not-time-vintaged,not-proposed-pending-dated-RPE-register-record
gb:SVN:ADM2:79292919B30339441017456,79292919B30339441017456,Star-e,115,Star-e,Starše,Starše,2025-10-02T18:06:46Z,34,34,supported-by-2017-statistical-series,unresolved-static-dimension-is-not-time-vintaged,not-proposed-pending-dated-RPE-register-record
gb:SVN:ADM2:79292919B31270316639781,79292919B31270316639781,Gelezniki,146,Gelezniki,Železniki,Železniki,2026-09-16T09:52:14Z,163.7,163.7,supported-by-2017-statistical-series,unresolved-static-dimension-is-not-time-vintaged,not-proposed-pending-dated-RPE-register-record
gb:SVN:ADM2:79292919B34418813957407,79292919B34418813957407,Centjernej,119,Centjernej,Šentjernej,Šentjernej,2026-07-10T10:54:41Z,96,96,supported-by-2017-statistical-series,unresolved-static-dimension-is-not-time-vintaged,not-proposed-pending-dated-RPE-register-record
gb:SVN:ADM2:79292919B36449465355430,79292919B36449465355430,Valec,190,Valec,Žalec,Žalec,2026-07-02T11:04:20Z,117.1,117.1,supported-by-2017-statistical-series,unresolved-static-dimension-is-not-time-vintaged,not-proposed-pending-dated-RPE-register-record
gb:SVN:ADM2:79292919B36906673582366,79292919B36906673582366,Vmartno ob Paki,125,Vmartno ob Paki,Šmartno ob Paki,Šmartno ob Paki,2026-02-18T12:02:20Z,18.2,18.2,supported-by-2017-statistical-series,unresolved-static-dimension-is-not-time-vintaged,not-proposed-pending-dated-RPE-register-record
gb:SVN:ADM2:79292919B37217694614402,79292919B37217694614402,Rogatka Slatina,106,Rogatka Slatina,Rogaška Slatina,Rogaška Slatina,2026-09-07T12:17:47Z,71.5,71.5,supported-by-2017-statistical-series,unresolved-static-dimension-is-not-time-vintaged,not-proposed-pending-dated-RPE-register-record
gb:SVN:ADM2:79292919B37893156652188,79292919B37893156652188,Voatanj,126,Voatanj,Šoštanj,Šoštanj,2026-10-05T14:32:29Z,95.6,95.6,supported-by-2017-statistical-series,unresolved-static-dimension-is-not-time-vintaged,not-proposed-pending-dated-RPE-register-record
gb:SVN:ADM2:79292919B39454020264245,79292919B39454020264245,Crencovci,015,Crencovci,Črenšovci,Črenšovci,2026-06-22T10:08:11Z,33.7,33.7,supported-by-2017-statistical-series,unresolved-static-dimension-is-not-time-vintaged,not-proposed-pending-dated-RPE-register-record
gb:SVN:ADM2:79292919B40236159589403,79292919B40236159589403,Ikofljica,123,Ikofljica,Škofljica,Škofljica,2026-08-17T09:29:06Z,43.3,43.3,supported-by-2017-statistical-series,unresolved-static-dimension-is-not-time-vintaged,not-proposed-pending-dated-RPE-register-record
gb:SVN:ADM2:79292919B41680562738857,79292919B41680562738857,Rmartno pri Litiji,194,Rmartno pri Litiji,Šmartno pri Litiji,Šmartno pri Litiji,2026-07-27T08:55:59Z,94.9,94.9,supported-by-2017-statistical-series,unresolved-static-dimension-is-not-time-vintaged,not-proposed-pending-dated-RPE-register-record
gb:SVN:ADM2:79292919B41699436206095,79292919B41699436206095,Senana,111,Senana,Sežana,Sežana,2026-09-30T10:02:04Z,217.4,217.4,supported-by-2017-statistical-series,unresolved-static-dimension-is-not-time-vintaged,not-proposed-pending-dated-RPE-register-record
gb:SVN:ADM2:79292919B41960414721213,79292919B41960414721213,Tigina,010,Tigina,Tišina,Tišina,2026-09-22T09:49:47Z,38.8,38.8,supported-by-2017-statistical-series,unresolved-static-dimension-is-not-time-vintaged,not-proposed-pending-dated-RPE-register-record
gb:SVN:ADM2:79292919B43187654305214,79292919B43187654305214,Straca,203,Straca,Straža,Straža,2025-10-28T12:24:02Z,28.5,28.5,supported-by-2017-statistical-series,unresolved-static-dimension-is-not-time-vintaged,not-proposed-pending-dated-RPE-register-record
gb:SVN:ADM2:79292919B4491351811803,79292919B4491351811803,Lentjur,120,Lentjur,Šentjur,Šentjur,2026-06-29T07:31:02Z,222.3,222.2,supported-by-2017-statistical-series,unresolved-static-dimension-is-not-time-vintaged,not-proposed-pending-dated-RPE-register-record
gb:SVN:ADM2:79292919B4658103719865,79292919B4658103719865,Ltore,127,Ltore,Štore,Štore,2026-05-27T08:49:43Z,28.1,28.1,supported-by-2017-statistical-series,unresolved-static-dimension-is-not-time-vintaged,not-proposed-pending-dated-RPE-register-record
gb:SVN:ADM2:79292919B47659572418488,79292919B47659572418488,Sveti Jurij ob lcavnici,116,Sveti Jurij ob lcavnici,Sveti Jurij ob Ščavnici,Sveti Jurij ob Ščavnici,2026-06-30T10:27:09Z,51.3,51.3,supported-by-2017-statistical-series,unresolved-static-dimension-is-not-time-vintaged,not-proposed-pending-dated-RPE-register-record
gb:SVN:ADM2:79292919B50582380192051,79292919B50582380192051,Tirovnica,192,Tirovnica,Žirovnica,Žirovnica,2025-10-02T18:06:46Z,42.6,42.6,supported-by-2017-statistical-series,unresolved-static-dimension-is-not-time-vintaged,not-proposed-pending-dated-RPE-register-record
gb:SVN:ADM2:79292919B51659604970826,79292919B51659604970826,Labko,057,Labko,Laško,Laško,2026-10-02T08:18:41Z,197.5,197.5,supported-by-2017-statistical-series,unresolved-static-dimension-is-not-time-vintaged,not-proposed-pending-dated-RPE-register-record
gb:SVN:ADM2:79292919B51703506835671,79292919B51703506835671,Domcale,023,Domcale,Domžale,Domžale,2026-07-20T07:35:46Z,72.3,72.3,supported-by-2017-statistical-series,unresolved-static-dimension-is-not-time-vintaged,not-proposed-pending-dated-RPE-register-record
gb:SVN:ADM2:79292919B52859595102923,79292919B52859595102923,Jurkinci,042,Jurkinci,Juršinci,Juršinci,2026-08-13T08:48:08Z,36.3,36.3,supported-by-2017-statistical-series,unresolved-static-dimension-is-not-time-vintaged,not-proposed-pending-dated-RPE-register-record
gb:SVN:ADM2:79292919B53548294602396,79292919B53548294602396,Goriunica,028,Goriunica,Gorišnica,Gorišnica,2026-09-21T08:02:30Z,29.1,29.1,supported-by-2017-statistical-series,unresolved-static-dimension-is-not-time-vintaged,not-proposed-pending-dated-RPE-register-record
gb:SVN:ADM2:79292919B54937293403521,79292919B54937293403521,Rube,108,Rube,Ruše,Ruše,2026-04-07T11:29:29Z,60.8,60.8,supported-by-2017-statistical-series,unresolved-static-dimension-is-not-time-vintaged,not-proposed-pending-dated-RPE-register-record
gb:SVN:ADM2:79292919B550141556557,79292919B550141556557,Siri,147,Siri,Žiri,Žiri,2026-07-28T07:22:47Z,49.2,49.2,supported-by-2017-statistical-series,unresolved-static-dimension-is-not-time-vintaged,not-proposed-pending-dated-RPE-register-record
gb:SVN:ADM2:79292919B606741638743,79292919B606741638743,Ravne na Korokkem,103,Ravne na Korokkem,Ravne na Koroškem,Ravne na Koroškem,2026-02-19T07:14:42Z,63.4,63.4,supported-by-2017-statistical-series,unresolved-static-dimension-is-not-time-vintaged,not-proposed-pending-dated-RPE-register-record
gb:SVN:ADM2:79292919B61887521642572,79292919B61887521642572,Ormo,087,Ormo,Ormož,Ormož,2026-07-14T08:54:34Z,141.6,141.6,supported-by-2017-statistical-series,unresolved-static-dimension-is-not-time-vintaged,not-proposed-pending-dated-RPE-register-record
gb:SVN:ADM2:79292919B63771260852336,79292919B63771260852336,Rogaoovci,105,Rogaoovci,Rogašovci,Rogašovci,2025-11-10T14:07:06Z,40.1,40.1,supported-by-2017-statistical-series,unresolved-static-dimension-is-not-time-vintaged,not-proposed-pending-dated-RPE-register-record
gb:SVN:ADM2:79292919B64708895890629,79292919B64708895890629,Razkrirje,176,Razkrirje,Razkrižje,Razkrižje,2026-07-27T14:35:10Z,9.8,9.8,supported-by-2017-statistical-series,unresolved-static-dimension-is-not-time-vintaged,not-proposed-pending-dated-RPE-register-record
gb:SVN:ADM2:79292919B66240323896523,79292919B66240323896523,Sveti Andrac v Slov. goricah,182,Sveti Andrac v Slov. goricah,Sveti Andraž v Slov. goricah,Sveti Andraž v Slov. goricah,2026-08-13T08:48:08Z,17.6,17.6,supported-by-2017-statistical-series,unresolved-static-dimension-is-not-time-vintaged,not-proposed-pending-dated-RPE-register-record
gb:SVN:ADM2:79292919B6737679693048,79292919B6737679693048,Majrperk,069,Majrperk,Majšperk,Majšperk,2026-09-01T13:53:45Z,72.8,72.8,supported-by-2017-statistical-series,unresolved-static-dimension-is-not-time-vintaged,not-proposed-pending-dated-RPE-register-record
gb:SVN:ADM2:79292919B69562863296028,79292919B69562863296028,Kritevci,166,Kritevci,Križevci,Križevci,2026-07-28T09:00:51Z,46.2,46.2,supported-by-2017-statistical-series,unresolved-static-dimension-is-not-time-vintaged,not-proposed-pending-dated-RPE-register-record
gb:SVN:ADM2:79292919B71143168599957,79292919B71143168599957,Turnicce,132,Turnicce,Turnišče,Turnišče,2025-10-02T18:06:46Z,23.8,23.8,supported-by-2017-statistical-series,unresolved-static-dimension-is-not-time-vintaged,not-proposed-pending-dated-RPE-register-record
gb:SVN:ADM2:79292919B72046348709828,79292919B72046348709828,Sredikce ob Dravi,202,Sredikce ob Dravi,Središče ob Dravi,Središče ob Dravi,2026-06-01T08:16:06Z,32.7,32.7,supported-by-2017-statistical-series,unresolved-static-dimension-is-not-time-vintaged,not-proposed-pending-dated-RPE-register-record
gb:SVN:ADM2:79292919B72096121739234,79292919B72096121739234,Vencur,117,Vencur,Šenčur,Šenčur,2026-07-17T12:23:57Z,40.3,40.3,supported-by-2017-statistical-series,unresolved-static-dimension-is-not-time-vintaged,not-proposed-pending-dated-RPE-register-record
gb:SVN:ADM2:79292919B72498543032792,79292919B72498543032792,Lmarje pri Jelcah,124,Lmarje pri Jelcah,Šmarje pri Jelšah,Šmarje pri Jelšah,2026-09-07T12:17:47Z,107.7,107.7,supported-by-2017-statistical-series,unresolved-static-dimension-is-not-time-vintaged,not-proposed-pending-dated-RPE-register-record
gb:SVN:ADM2:79292919B74602913806737,79292919B74602913806737,Crna na Koroakem,016,Crna na Koroakem,Črna na Koroškem,Črna na Koroškem,2026-03-17T11:21:50Z,156,156,supported-by-2017-statistical-series,unresolved-static-dimension-is-not-time-vintaged,not-proposed-pending-dated-RPE-register-record
gb:SVN:ADM2:79292919B76966153673191,79292919B76966153673191,Cetale,191,Cetale,Žetale,Žetale,2025-10-02T18:06:46Z,38,38,supported-by-2017-statistical-series,unresolved-static-dimension-is-not-time-vintaged,not-proposed-pending-dated-RPE-register-record
gb:SVN:ADM2:79292919B80018774368860,79292919B80018774368860,Vertej,188,Vertej,Veržej,Veržej,2026-05-07T08:18:52Z,12,12,supported-by-2017-statistical-series,unresolved-static-dimension-is-not-time-vintaged,not-proposed-pending-dated-RPE-register-record
gb:SVN:ADM2:79292919B85077344195583,79292919B85077344195583,Smarjepke Toplice,206,Smarjepke Toplice,Šmarješke Toplice,Šmarješke Toplice,2026-09-15T10:14:22Z,34.2,34.2,supported-by-2017-statistical-series,unresolved-static-dimension-is-not-time-vintaged,not-proposed-pending-dated-RPE-register-record
gb:SVN:ADM2:79292919B88661184998894,79292919B88661184998894,Sodracica,179,Sodracica,Sodražica,Sodražica,2026-05-04T08:56:17Z,49.5,49.5,supported-by-2017-statistical-series,unresolved-static-dimension-is-not-time-vintaged,not-proposed-pending-dated-RPE-register-record
gb:SVN:ADM2:79292919B90781452828589,79292919B90781452828589,Nempeter-Vrtojba,183,Nempeter-Vrtojba,Šempeter-Vrtojba,Šempeter - Vrtojba,2026-09-14T10:46:25Z,14.9,14.9,supported-by-2017-statistical-series,unresolved-static-dimension-is-not-time-vintaged,not-proposed-pending-dated-RPE-register-record
gb:SVN:ADM2:79292919B92459471483438,79292919B92459471483438,Mengel,072,Mengel,Mengeš,Mengeš,2026-06-11T08:45:23Z,22.4,22.4,supported-by-2017-statistical-series,unresolved-static-dimension-is-not-time-vintaged,not-proposed-pending-dated-RPE-register-record
gb:SVN:ADM2:79292919B95549890377821,79292919B95549890377821,Mkofja Loka,122,Mkofja Loka,Škofja Loka,Škofja Loka,2026-09-16T09:52:14Z,146,146,supported-by-2017-statistical-series,unresolved-static-dimension-is-not-time-vintaged,not-proposed-pending-dated-RPE-register-record
gb:SVN:ADM2:79292919B98583397902155,79292919B98583397902155,Trsic,131,Trsic,Tržič,Tržič,2026-09-08T12:32:00Z,155.4,155.4,supported-by-2017-statistical-series,unresolved-static-dimension-is-not-time-vintaged,not-proposed-pending-dated-RPE-register-record
gb:SVN:ADM2:79292919B98620751360041,79292919B98620751360041,Bretice,009,Bretice,Brežice,Brežice,2026-09-08T09:50:38Z,268.1,268.1,supported-by-2017-statistical-series,unresolved-static-dimension-is-not-time-vintaged,not-proposed-pending-dated-RPE-register-record
gb:SVN:ADM2:79292919B99171533039052,79292919B99171533039052,Suremberk,193,Suremberk,Žužemberk,Žužemberk,2025-10-02T18:06:46Z,164.3,164.3,supported-by-2017-statistical-series,unresolved-static-dimension-is-not-time-vintaged,not-proposed-pending-dated-RPE-register-record
