source_row,county,kind,county_en,kind_en,name
11,Zagrebačka,Grad,Zagreb,Town,Dugo Selo
12,Zagrebačka,Grad,Zagreb,Town,Ivanić-Grad
13,Zagrebačka,Grad,Zagreb,Town,Jastrebarsko
14,Zagrebačka,Grad,Zagreb,Town,Samobor
15,Zagrebačka,Grad,Zagreb,Town,Sveta Nedelja
16,Zagrebačka,Grad,Zagreb,Town,Sveti Ivan Zelina
17,Zagrebačka,Grad,Zagreb,Town,Velika Gorica
18,Zagrebačka,Grad,Zagreb,Town,Vrbovec
19,Zagrebačka,Grad,Zagreb,Town,Zaprešić
20,Zagrebačka,Općina,Zagreb,Municipality,Bedenica
21,Zagrebačka,Općina,Zagreb,Municipality,Bistra
22,Zagrebačka,Općina,Zagreb,Municipality,Brckovljani
23,Zagrebačka,Općina,Zagreb,Municipality,Brdovec
24,Zagrebačka,Općina,Zagreb,Municipality,Dubrava
25,Zagrebačka,Općina,Zagreb,Municipality,Dubravica
26,Zagrebačka,Općina,Zagreb,Municipality,Farkaševac
27,Zagrebačka,Općina,Zagreb,Municipality,Gradec
28,Zagrebačka,Općina,Zagreb,Municipality,Jakovlje
29,Zagrebačka,Općina,Zagreb,Municipality,Klinča Sela
30,Zagrebačka,Općina,Zagreb,Municipality,Kloštar Ivanić
31,Zagrebačka,Općina,Zagreb,Municipality,Krašić
32,Zagrebačka,Općina,Zagreb,Municipality,Kravarsko
33,Zagrebačka,Općina,Zagreb,Municipality,Križ
34,Zagrebačka,Općina,Zagreb,Municipality,Luka
35,Zagrebačka,Općina,Zagreb,Municipality,Marija Gorica
36,Zagrebačka,Općina,Zagreb,Municipality,Orle
37,Zagrebačka,Općina,Zagreb,Municipality,Pisarovina
38,Zagrebačka,Općina,Zagreb,Municipality,Pokupsko
39,Zagrebačka,Općina,Zagreb,Municipality,Preseka
40,Zagrebačka,Općina,Zagreb,Municipality,Pušća
41,Zagrebačka,Općina,Zagreb,Municipality,Rakovec
42,Zagrebačka,Općina,Zagreb,Municipality,Rugvica
43,Zagrebačka,Općina,Zagreb,Municipality,Stupnik
44,Zagrebačka,Općina,Zagreb,Municipality,Žumberak
46,Krapinsko-zagorska,Grad,Krapina-Zagorje,Town,Donja Stubica
47,Krapinsko-zagorska,Grad,Krapina-Zagorje,Town,Klanjec
48,Krapinsko-zagorska,Grad,Krapina-Zagorje,Town,Krapina
49,Krapinsko-zagorska,Grad,Krapina-Zagorje,Town,Oroslavje
50,Krapinsko-zagorska,Grad,Krapina-Zagorje,Town,Pregrada
51,Krapinsko-zagorska,Grad,Krapina-Zagorje,Town,Zabok
52,Krapinsko-zagorska,Grad,Krapina-Zagorje,Town,Zlatar
53,Krapinsko-zagorska,Općina,Krapina-Zagorje,Municipality,Bedekovčina
54,Krapinsko-zagorska,Općina,Krapina-Zagorje,Municipality,Budinščina
55,Krapinsko-zagorska,Općina,Krapina-Zagorje,Municipality,Desinić
56,Krapinsko-zagorska,Općina,Krapina-Zagorje,Municipality,Đurmanec
57,Krapinsko-zagorska,Općina,Krapina-Zagorje,Municipality,Gornja Stubica
58,Krapinsko-zagorska,Općina,Krapina-Zagorje,Municipality,Hrašćina
59,Krapinsko-zagorska,Općina,Krapina-Zagorje,Municipality,Hum na Sutli
60,Krapinsko-zagorska,Općina,Krapina-Zagorje,Municipality,Jesenje
61,Krapinsko-zagorska,Općina,Krapina-Zagorje,Municipality,Konjščina
62,Krapinsko-zagorska,Općina,Krapina-Zagorje,Municipality,Kraljevec na Sutli
63,Krapinsko-zagorska,Općina,Krapina-Zagorje,Municipality,Krapinske Toplice
64,Krapinsko-zagorska,Općina,Krapina-Zagorje,Municipality,Kumrovec
65,Krapinsko-zagorska,Općina,Krapina-Zagorje,Municipality,Lobor
66,Krapinsko-zagorska,Općina,Krapina-Zagorje,Municipality,Mače
67,Krapinsko-zagorska,Općina,Krapina-Zagorje,Municipality,Marija Bistrica
68,Krapinsko-zagorska,Općina,Krapina-Zagorje,Municipality,Mihovljan
69,Krapinsko-zagorska,Općina,Krapina-Zagorje,Municipality,Novi Golubovec
70,Krapinsko-zagorska,Općina,Krapina-Zagorje,Municipality,Petrovsko
71,Krapinsko-zagorska,Općina,Krapina-Zagorje,Municipality,Radoboj
72,Krapinsko-zagorska,Općina,Krapina-Zagorje,Municipality,Stubičke Toplice
73,Krapinsko-zagorska,Općina,Krapina-Zagorje,Municipality,Sveti Križ Začretje
74,Krapinsko-zagorska,Općina,Krapina-Zagorje,Municipality,Tuhelj
75,Krapinsko-zagorska,Općina,Krapina-Zagorje,Municipality,Veliko Trgovišće
76,Krapinsko-zagorska,Općina,Krapina-Zagorje,Municipality,Zagorska Sela
77,Krapinsko-zagorska,Općina,Krapina-Zagorje,Municipality,Zlatar Bistrica
79,Sisačko-moslavačka,Grad,Sisak-Moslavina,Town,Glina
80,Sisačko-moslavačka,Grad,Sisak-Moslavina,Town,Hrvatska Kostajnica
81,Sisačko-moslavačka,Grad,Sisak-Moslavina,Town,Kutina
82,Sisačko-moslavačka,Grad,Sisak-Moslavina,Town,Novska
83,Sisačko-moslavačka,Grad,Sisak-Moslavina,Town,Petrinja
84,Sisačko-moslavačka,Grad,Sisak-Moslavina,Town,Popovača
85,Sisačko-moslavačka,Grad,Sisak-Moslavina,Town,Sisak
86,Sisačko-moslavačka,Općina,Sisak-Moslavina,Municipality,Donji Kukuruzari
87,Sisačko-moslavačka,Općina,Sisak-Moslavina,Municipality,Dvor
88,Sisačko-moslavačka,Općina,Sisak-Moslavina,Municipality,Gvozd
89,Sisačko-moslavačka,Općina,Sisak-Moslavina,Municipality,Hrvatska Dubica
90,Sisačko-moslavačka,Općina,Sisak-Moslavina,Municipality,Jasenovac
91,Sisačko-moslavačka,Općina,Sisak-Moslavina,Municipality,Lekenik
92,Sisačko-moslavačka,Općina,Sisak-Moslavina,Municipality,Lipovljani
93,Sisačko-moslavačka,Općina,Sisak-Moslavina,Municipality,Majur
94,Sisačko-moslavačka,Općina,Sisak-Moslavina,Municipality,Martinska Ves
95,Sisačko-moslavačka,Općina,Sisak-Moslavina,Municipality,Sunja
96,Sisačko-moslavačka,Općina,Sisak-Moslavina,Municipality,Topusko
97,Sisačko-moslavačka,Općina,Sisak-Moslavina,Municipality,Velika Ludina
99,Karlovačka,Grad,Karlovac,Town,Duga Resa
100,Karlovačka,Grad,Karlovac,Town,Karlovac
101,Karlovačka,Grad,Karlovac,Town,Ogulin
102,Karlovačka,Grad,Karlovac,Town,Ozalj
103,Karlovačka,Grad,Karlovac,Town,Slunj
104,Karlovačka,Općina,Karlovac,Municipality,Barilović
105,Karlovačka,Općina,Karlovac,Municipality,Bosiljevo
106,Karlovačka,Općina,Karlovac,Municipality,Cetingrad
107,Karlovačka,Općina,Karlovac,Municipality,Draganić
108,Karlovačka,Općina,Karlovac,Municipality,Generalski Stol
109,Karlovačka,Općina,Karlovac,Municipality,Josipdol
110,Karlovačka,Općina,Karlovac,Municipality,Kamanje
111,Karlovačka,Općina,Karlovac,Municipality,Krnjak
112,Karlovačka,Općina,Karlovac,Municipality,Lasinja
113,Karlovačka,Općina,Karlovac,Municipality,Netretić
114,Karlovačka,Općina,Karlovac,Municipality,Plaški
115,Karlovačka,Općina,Karlovac,Municipality,Rakovica
116,Karlovačka,Općina,Karlovac,Municipality,Ribnik
117,Karlovačka,Općina,Karlovac,Municipality,Saborsko
118,Karlovačka,Općina,Karlovac,Municipality,Tounj
119,Karlovačka,Općina,Karlovac,Municipality,Vojnić
120,Karlovačka,Općina,Karlovac,Municipality,Žakanje
122,Varaždinska,Grad,Varaždin,Town,Ivanec
123,Varaždinska,Grad,Varaždin,Town,Lepoglava
124,Varaždinska,Grad,Varaždin,Town,Ludbreg
125,Varaždinska,Grad,Varaždin,Town,Novi Marof
126,Varaždinska,Grad,Varaždin,Town,Varaždin
127,Varaždinska,Grad,Varaždin,Town,Varaždinske Toplice
128,Varaždinska,Općina,Varaždin,Municipality,Bednja
129,Varaždinska,Općina,Varaždin,Municipality,Beretinec
130,Varaždinska,Općina,Varaždin,Municipality,Breznica
131,Varaždinska,Općina,Varaždin,Municipality,Breznički Hum
132,Varaždinska,Općina,Varaždin,Municipality,Cestica
133,Varaždinska,Općina,Varaždin,Municipality,Donja Voća
134,Varaždinska,Općina,Varaždin,Municipality,Gornji Kneginec
135,Varaždinska,Općina,Varaždin,Municipality,Jalžabet
136,Varaždinska,Općina,Varaždin,Municipality,Klenovnik
137,Varaždinska,Općina,Varaždin,Municipality,Ljubešćica
138,Varaždinska,Općina,Varaždin,Municipality,Mali Bukovec
139,Varaždinska,Općina,Varaždin,Municipality,Martijanec
140,Varaždinska,Općina,Varaždin,Municipality,Maruševec
141,Varaždinska,Općina,Varaždin,Municipality,Petrijanec
142,Varaždinska,Općina,Varaždin,Municipality,Sračinec
143,Varaždinska,Općina,Varaždin,Municipality,Sveti Đurđ
144,Varaždinska,Općina,Varaždin,Municipality,Sveti Ilija
145,Varaždinska,Općina,Varaždin,Municipality,Trnovec Bartolovečki
146,Varaždinska,Općina,Varaždin,Municipality,Veliki Bukovec
147,Varaždinska,Općina,Varaždin,Municipality,Vidovec
148,Varaždinska,Općina,Varaždin,Municipality,Vinica
149,Varaždinska,Općina,Varaždin,Municipality,Visoko
151,Koprivničko-križevačka,Grad,Koprivnica-Križevci,Town,Đurđevac
152,Koprivničko-križevačka,Grad,Koprivnica-Križevci,Town,Koprivnica
153,Koprivničko-križevačka,Grad,Koprivnica-Križevci,Town,Križevci
154,Koprivničko-križevačka,Općina,Koprivnica-Križevci,Municipality,Drnje
155,Koprivničko-križevačka,Općina,Koprivnica-Križevci,Municipality,Đelekovec
156,Koprivničko-križevačka,Općina,Koprivnica-Križevci,Municipality,Ferdinandovac
157,Koprivničko-križevačka,Općina,Koprivnica-Križevci,Municipality,Gola
158,Koprivničko-križevačka,Općina,Koprivnica-Križevci,Municipality,Gornja Rijeka
159,Koprivničko-križevačka,Općina,Koprivnica-Križevci,Municipality,Hlebine
160,Koprivničko-križevačka,Općina,Koprivnica-Križevci,Municipality,Kalinovac
161,Koprivničko-križevačka,Općina,Koprivnica-Križevci,Municipality,Kalnik
162,Koprivničko-križevačka,Općina,Koprivnica-Križevci,Municipality,Kloštar Podravski
163,Koprivničko-križevačka,Općina,Koprivnica-Križevci,Municipality,Koprivnički Bregi
164,Koprivničko-križevačka,Općina,Koprivnica-Križevci,Municipality,Koprivnički Ivanec
165,Koprivničko-križevačka,Općina,Koprivnica-Križevci,Municipality,Legrad
166,Koprivničko-križevačka,Općina,Koprivnica-Križevci,Municipality,Molve
167,Koprivničko-križevačka,Općina,Koprivnica-Križevci,Municipality,Novigrad Podravski
168,Koprivničko-križevačka,Općina,Koprivnica-Križevci,Municipality,Novo Virje
169,Koprivničko-križevačka,Općina,Koprivnica-Križevci,Municipality,Peteranec
170,Koprivničko-križevačka,Općina,Koprivnica-Križevci,Municipality,Podravske Sesvete
171,Koprivničko-križevačka,Općina,Koprivnica-Križevci,Municipality,Rasinja
172,Koprivničko-križevačka,Općina,Koprivnica-Križevci,Municipality,Sokolovac
173,Koprivničko-križevačka,Općina,Koprivnica-Križevci,Municipality,Sveti Ivan Žabno
174,Koprivničko-križevačka,Općina,Koprivnica-Križevci,Municipality,Sveti Petar Orehovec
175,Koprivničko-križevačka,Općina,Koprivnica-Križevci,Municipality,Virje
177,Bjelovarsko-bilogorska,Grad,Bjelovar-Bilogora,Town,Bjelovar
178,Bjelovarsko-bilogorska,Grad,Bjelovar-Bilogora,Town,Čazma
179,Bjelovarsko-bilogorska,Grad,Bjelovar-Bilogora,Town,Daruvar
180,Bjelovarsko-bilogorska,Grad,Bjelovar-Bilogora,Town,Garešnica
181,Bjelovarsko-bilogorska,Grad,Bjelovar-Bilogora,Town,Grubišno Polje
182,Bjelovarsko-bilogorska,Općina,Bjelovar-Bilogora,Municipality,Berek
183,Bjelovarsko-bilogorska,Općina,Bjelovar-Bilogora,Municipality,Dežanovac
184,Bjelovarsko-bilogorska,Općina,Bjelovar-Bilogora,Municipality,Đulovac
185,Bjelovarsko-bilogorska,Općina,Bjelovar-Bilogora,Municipality,Hercegovac
186,Bjelovarsko-bilogorska,Općina,Bjelovar-Bilogora,Municipality,Ivanska
187,Bjelovarsko-bilogorska,Općina,Bjelovar-Bilogora,Municipality,Kapela
188,Bjelovarsko-bilogorska,Općina,Bjelovar-Bilogora,Municipality,Končanica
189,Bjelovarsko-bilogorska,Općina,Bjelovar-Bilogora,Municipality,Nova Rača
190,Bjelovarsko-bilogorska,Općina,Bjelovar-Bilogora,Municipality,Rovišće
191,Bjelovarsko-bilogorska,Općina,Bjelovar-Bilogora,Municipality,Severin
192,Bjelovarsko-bilogorska,Općina,Bjelovar-Bilogora,Municipality,Sirač
193,Bjelovarsko-bilogorska,Općina,Bjelovar-Bilogora,Municipality,Šandrovac
194,Bjelovarsko-bilogorska,Općina,Bjelovar-Bilogora,Municipality,Štefanje
195,Bjelovarsko-bilogorska,Općina,Bjelovar-Bilogora,Municipality,Velika Pisanica
196,Bjelovarsko-bilogorska,Općina,Bjelovar-Bilogora,Municipality,Velika Trnovitica
197,Bjelovarsko-bilogorska,Općina,Bjelovar-Bilogora,Municipality,Veliki Grđevac
198,Bjelovarsko-bilogorska,Općina,Bjelovar-Bilogora,Municipality,Veliko Trojstvo
199,Bjelovarsko-bilogorska,Općina,Bjelovar-Bilogora,Municipality,Zrinski Topolovac
201,Primorsko-goranska,Grad,Primorje-Gorski kotar,Town,Bakar
202,Primorsko-goranska,Grad,Primorje-Gorski kotar,Town,Cres
203,Primorsko-goranska,Grad,Primorje-Gorski kotar,Town,Crikvenica
204,Primorsko-goranska,Grad,Primorje-Gorski kotar,Town,Čabar
205,Primorsko-goranska,Grad,Primorje-Gorski kotar,Town,Delnice
206,Primorsko-goranska,Grad,Primorje-Gorski kotar,Town,Kastav
207,Primorsko-goranska,Grad,Primorje-Gorski kotar,Town,Kraljevica
208,Primorsko-goranska,Grad,Primorje-Gorski kotar,Town,Krk
209,Primorsko-goranska,Grad,Primorje-Gorski kotar,Town,Mali Lošinj
210,Primorsko-goranska,Grad,Primorje-Gorski kotar,Town,Novi Vinodolski
211,Primorsko-goranska,Grad,Primorje-Gorski kotar,Town,Opatija
212,Primorsko-goranska,Grad,Primorje-Gorski kotar,Town,Rab
213,Primorsko-goranska,Grad,Primorje-Gorski kotar,Town,Rijeka
214,Primorsko-goranska,Grad,Primorje-Gorski kotar,Town,Vrbovsko
215,Primorsko-goranska,Općina,Primorje-Gorski kotar,Municipality,Baška
216,Primorsko-goranska,Općina,Primorje-Gorski kotar,Municipality,Brod Moravice
217,Primorsko-goranska,Općina,Primorje-Gorski kotar,Municipality,Čavle
218,Primorsko-goranska,Općina,Primorje-Gorski kotar,Municipality,Dobrinj
219,Primorsko-goranska,Općina,Primorje-Gorski kotar,Municipality,Fužine
220,Primorsko-goranska,Općina,Primorje-Gorski kotar,Municipality,Jelenje
221,Primorsko-goranska,Općina,Primorje-Gorski kotar,Municipality,Klana
222,Primorsko-goranska,Općina,Primorje-Gorski kotar,Municipality,Kostrena
223,Primorsko-goranska,Općina,Primorje-Gorski kotar,Municipality,Lokve
224,Primorsko-goranska,Općina,Primorje-Gorski kotar,Municipality,Lopar
225,Primorsko-goranska,Općina,Primorje-Gorski kotar,Municipality,Lovran
226,Primorsko-goranska,Općina,Primorje-Gorski kotar,Municipality,Malinska-Dubašnica
227,Primorsko-goranska,Općina,Primorje-Gorski kotar,Municipality,Matulji
228,Primorsko-goranska,Općina,Primorje-Gorski kotar,Municipality,Mošćenička Draga
229,Primorsko-goranska,Općina,Primorje-Gorski kotar,Municipality,Mrkopalj
230,Primorsko-goranska,Općina,Primorje-Gorski kotar,Municipality,Omišalj
231,Primorsko-goranska,Općina,Primorje-Gorski kotar,Municipality,Punat
232,Primorsko-goranska,Općina,Primorje-Gorski kotar,Municipality,Ravna Gora
233,Primorsko-goranska,Općina,Primorje-Gorski kotar,Municipality,Skrad
234,Primorsko-goranska,Općina,Primorje-Gorski kotar,Municipality,Vinodolska općina
235,Primorsko-goranska,Općina,Primorje-Gorski kotar,Municipality,Viškovo
236,Primorsko-goranska,Općina,Primorje-Gorski kotar,Municipality,Vrbnik
238,Ličko-senjska,Grad,Lika-Senj,Town,Gospić
239,Ličko-senjska,Grad,Lika-Senj,Town,Novalja
240,Ličko-senjska,Grad,Lika-Senj,Town,Otočac
241,Ličko-senjska,Grad,Lika-Senj,Town,Senj
242,Ličko-senjska,Općina,Lika-Senj,Municipality,Brinje
243,Ličko-senjska,Općina,Lika-Senj,Municipality,Donji Lapac
244,Ličko-senjska,Općina,Lika-Senj,Municipality,Karlobag
245,Ličko-senjska,Općina,Lika-Senj,Municipality,Lovinac
246,Ličko-senjska,Općina,Lika-Senj,Municipality,Perušić
247,Ličko-senjska,Općina,Lika-Senj,Municipality,Plitvička Jezera
248,Ličko-senjska,Općina,Lika-Senj,Municipality,Udbina
249,Ličko-senjska,Općina,Lika-Senj,Municipality,Vrhovine
251,Virovitičko-podravska,Grad,Virovitica-Podravina,Town,Orahovica
252,Virovitičko-podravska,Grad,Virovitica-Podravina,Town,Slatina
253,Virovitičko-podravska,Grad,Virovitica-Podravina,Town,Virovitica
254,Virovitičko-podravska,Općina,Virovitica-Podravina,Municipality,Crnac
255,Virovitičko-podravska,Općina,Virovitica-Podravina,Municipality,Čačinci
256,Virovitičko-podravska,Općina,Virovitica-Podravina,Municipality,Čađavica
257,Virovitičko-podravska,Općina,Virovitica-Podravina,Municipality,Gradina
258,Virovitičko-podravska,Općina,Virovitica-Podravina,Municipality,Lukač
259,Virovitičko-podravska,Općina,Virovitica-Podravina,Municipality,Mikleuš
260,Virovitičko-podravska,Općina,Virovitica-Podravina,Municipality,Nova Bukovica
261,Virovitičko-podravska,Općina,Virovitica-Podravina,Municipality,Pitomača
262,Virovitičko-podravska,Općina,Virovitica-Podravina,Municipality,Sopje
263,Virovitičko-podravska,Općina,Virovitica-Podravina,Municipality,Suhopolje
264,Virovitičko-podravska,Općina,Virovitica-Podravina,Municipality,Špišić Bukovica
265,Virovitičko-podravska,Općina,Virovitica-Podravina,Municipality,Voćin
266,Virovitičko-podravska,Općina,Virovitica-Podravina,Municipality,Zdenci
268,Požeško-slavonska,Grad,Požega-Slavonia,Town,Kutjevo
269,Požeško-slavonska,Grad,Požega-Slavonia,Town,Lipik
270,Požeško-slavonska,Grad,Požega-Slavonia,Town,Pakrac
271,Požeško-slavonska,Grad,Požega-Slavonia,Town,Pleternica
272,Požeško-slavonska,Grad,Požega-Slavonia,Town,Požega
273,Požeško-slavonska,Općina,Požega-Slavonia,Municipality,Brestovac
274,Požeško-slavonska,Općina,Požega-Slavonia,Municipality,Čaglin
275,Požeško-slavonska,Općina,Požega-Slavonia,Municipality,Jakšić
276,Požeško-slavonska,Općina,Požega-Slavonia,Municipality,Kaptol
277,Požeško-slavonska,Općina,Požega-Slavonia,Municipality,Velika
279,Brodsko-posavska,Grad,Slavonski Brod-Posavina,Town,Nova Gradiška
280,Brodsko-posavska,Grad,Slavonski Brod-Posavina,Town,Slavonski Brod
281,Brodsko-posavska,Općina,Slavonski Brod-Posavina,Municipality,Bebrina
282,Brodsko-posavska,Općina,Slavonski Brod-Posavina,Municipality,Brodski Stupnik
283,Brodsko-posavska,Općina,Slavonski Brod-Posavina,Municipality,Bukovlje
284,Brodsko-posavska,Općina,Slavonski Brod-Posavina,Municipality,Cernik
285,Brodsko-posavska,Općina,Slavonski Brod-Posavina,Municipality,Davor
286,Brodsko-posavska,Općina,Slavonski Brod-Posavina,Municipality,Donji Andrijevci
287,Brodsko-posavska,Općina,Slavonski Brod-Posavina,Municipality,Dragalić
288,Brodsko-posavska,Općina,Slavonski Brod-Posavina,Municipality,Garčin
289,Brodsko-posavska,Općina,Slavonski Brod-Posavina,Municipality,Gornja Vrba
290,Brodsko-posavska,Općina,Slavonski Brod-Posavina,Municipality,Gornji Bogićevci
291,Brodsko-posavska,Općina,Slavonski Brod-Posavina,Municipality,Gundinci
292,Brodsko-posavska,Općina,Slavonski Brod-Posavina,Municipality,Klakar
293,Brodsko-posavska,Općina,Slavonski Brod-Posavina,Municipality,Nova Kapela
294,Brodsko-posavska,Općina,Slavonski Brod-Posavina,Municipality,Okučani
295,Brodsko-posavska,Općina,Slavonski Brod-Posavina,Municipality,Oprisavci
296,Brodsko-posavska,Općina,Slavonski Brod-Posavina,Municipality,Oriovac
297,Brodsko-posavska,Općina,Slavonski Brod-Posavina,Municipality,Podcrkavlje
298,Brodsko-posavska,Općina,Slavonski Brod-Posavina,Municipality,Rešetari
299,Brodsko-posavska,Općina,Slavonski Brod-Posavina,Municipality,Sibinj
300,Brodsko-posavska,Općina,Slavonski Brod-Posavina,Municipality,Sikirevci
301,Brodsko-posavska,Općina,Slavonski Brod-Posavina,Municipality,Slavonski Šamac
302,Brodsko-posavska,Općina,Slavonski Brod-Posavina,Municipality,Stara Gradiška
303,Brodsko-posavska,Općina,Slavonski Brod-Posavina,Municipality,Staro Petrovo Selo
304,Brodsko-posavska,Općina,Slavonski Brod-Posavina,Municipality,Velika Kopanica
305,Brodsko-posavska,Općina,Slavonski Brod-Posavina,Municipality,Vrbje
306,Brodsko-posavska,Općina,Slavonski Brod-Posavina,Municipality,Vrpolje
308,Zadarska,Grad,Zadar,Town,Benkovac
309,Zadarska,Grad,Zadar,Town,Biograd na Moru
310,Zadarska,Grad,Zadar,Town,Nin
311,Zadarska,Grad,Zadar,Town,Obrovac
312,Zadarska,Grad,Zadar,Town,Pag
313,Zadarska,Grad,Zadar,Town,Zadar
314,Zadarska,Općina,Zadar,Municipality,Bibinje
315,Zadarska,Općina,Zadar,Municipality,Galovac
316,Zadarska,Općina,Zadar,Municipality,Gračac
317,Zadarska,Općina,Zadar,Municipality,Jasenice
318,Zadarska,Općina,Zadar,Municipality,Kali
319,Zadarska,Općina,Zadar,Municipality,Kolan
320,Zadarska,Općina,Zadar,Municipality,Kukljica
321,Zadarska,Općina,Zadar,Municipality,Lišane Ostrovičke
322,Zadarska,Općina,Zadar,Municipality,Novigrad
323,Zadarska,Općina,Zadar,Municipality,Pakoštane
324,Zadarska,Općina,Zadar,Municipality,Pašman
325,Zadarska,Općina,Zadar,Municipality,Polača
326,Zadarska,Općina,Zadar,Municipality,Poličnik
327,Zadarska,Općina,Zadar,Municipality,Posedarje
328,Zadarska,Općina,Zadar,Municipality,Povljana
329,Zadarska,Općina,Zadar,Municipality,Preko
330,Zadarska,Općina,Zadar,Municipality,Privlaka
331,Zadarska,Općina,Zadar,Municipality,Ražanac
332,Zadarska,Općina,Zadar,Municipality,Sali
333,Zadarska,Općina,Zadar,Municipality,Stankovci
334,Zadarska,Općina,Zadar,Municipality,Starigrad
335,Zadarska,Općina,Zadar,Municipality,Sukošan
336,Zadarska,Općina,Zadar,Municipality,Sveti Filip i Jakov
337,Zadarska,Općina,Zadar,Municipality,Škabrnja
338,Zadarska,Općina,Zadar,Municipality,Tkon
339,Zadarska,Općina,Zadar,Municipality,Vir
340,Zadarska,Općina,Zadar,Municipality,Vrsi
341,Zadarska,Općina,Zadar,Municipality,Zemunik Donji
343,Osječko-baranjska,Grad,Osijek-Baranja,Town,Beli Manastir
344,Osječko-baranjska,Grad,Osijek-Baranja,Town,Belišće
345,Osječko-baranjska,Grad,Osijek-Baranja,Town,Donji Miholjac
346,Osječko-baranjska,Grad,Osijek-Baranja,Town,Đakovo
347,Osječko-baranjska,Grad,Osijek-Baranja,Town,Našice
348,Osječko-baranjska,Grad,Osijek-Baranja,Town,Osijek
349,Osječko-baranjska,Grad,Osijek-Baranja,Town,Valpovo
350,Osječko-baranjska,Općina,Osijek-Baranja,Municipality,Antunovac
351,Osječko-baranjska,Općina,Osijek-Baranja,Municipality,Bilje
352,Osječko-baranjska,Općina,Osijek-Baranja,Municipality,Bizovac
353,Osječko-baranjska,Općina,Osijek-Baranja,Municipality,Čeminac
354,Osječko-baranjska,Općina,Osijek-Baranja,Municipality,Čepin
355,Osječko-baranjska,Općina,Osijek-Baranja,Municipality,Darda
356,Osječko-baranjska,Općina,Osijek-Baranja,Municipality,Donja Motičina
357,Osječko-baranjska,Općina,Osijek-Baranja,Municipality,Draž
358,Osječko-baranjska,Općina,Osijek-Baranja,Municipality,Drenje
359,Osječko-baranjska,Općina,Osijek-Baranja,Municipality,Đurđenovac
360,Osječko-baranjska,Općina,Osijek-Baranja,Municipality,Erdut
361,Osječko-baranjska,Općina,Osijek-Baranja,Municipality,Ernestinovo
362,Osječko-baranjska,Općina,Osijek-Baranja,Municipality,Feričanci
363,Osječko-baranjska,Općina,Osijek-Baranja,Municipality,Gorjani
364,Osječko-baranjska,Općina,Osijek-Baranja,Municipality,Jagodnjak
365,Osječko-baranjska,Općina,Osijek-Baranja,Municipality,Kneževi Vinogradi
366,Osječko-baranjska,Općina,Osijek-Baranja,Municipality,Koška
367,Osječko-baranjska,Općina,Osijek-Baranja,Municipality,Levanjska Varoš
368,Osječko-baranjska,Općina,Osijek-Baranja,Municipality,Magadenovac
369,Osječko-baranjska,Općina,Osijek-Baranja,Municipality,Marijanci
370,Osječko-baranjska,Općina,Osijek-Baranja,Municipality,Petlovac
371,Osječko-baranjska,Općina,Osijek-Baranja,Municipality,Petrijevci
372,Osječko-baranjska,Općina,Osijek-Baranja,Municipality,Podgorač
373,Osječko-baranjska,Općina,Osijek-Baranja,Municipality,Podravska Moslavina
374,Osječko-baranjska,Općina,Osijek-Baranja,Municipality,Popovac
375,Osječko-baranjska,Općina,Osijek-Baranja,Municipality,Punitovci
376,Osječko-baranjska,Općina,Osijek-Baranja,Municipality,Satnica Đakovačka
377,Osječko-baranjska,Općina,Osijek-Baranja,Municipality,Semeljci
378,Osječko-baranjska,Općina,Osijek-Baranja,Municipality,Strizivojna
379,Osječko-baranjska,Općina,Osijek-Baranja,Municipality,Šodolovci
380,Osječko-baranjska,Općina,Osijek-Baranja,Municipality,Trnava
381,Osječko-baranjska,Općina,Osijek-Baranja,Municipality,Viljevo
382,Osječko-baranjska,Općina,Osijek-Baranja,Municipality,Viškovci
383,Osječko-baranjska,Općina,Osijek-Baranja,Municipality,Vladislavci
384,Osječko-baranjska,Općina,Osijek-Baranja,Municipality,Vuka
386,Šibensko-kninska,Grad,Šibenik-Knin,Town,Drniš
387,Šibensko-kninska,Grad,Šibenik-Knin,Town,Knin
388,Šibensko-kninska,Grad,Šibenik-Knin,Town,Skradin
389,Šibensko-kninska,Grad,Šibenik-Knin,Town,Šibenik
390,Šibensko-kninska,Grad,Šibenik-Knin,Town,Vodice
391,Šibensko-kninska,Općina,Šibenik-Knin,Municipality,Bilice
392,Šibensko-kninska,Općina,Šibenik-Knin,Municipality,Biskupija
393,Šibensko-kninska,Općina,Šibenik-Knin,Municipality,Civljane
394,Šibensko-kninska,Općina,Šibenik-Knin,Municipality,Ervenik
395,Šibensko-kninska,Općina,Šibenik-Knin,Municipality,Kijevo
396,Šibensko-kninska,Općina,Šibenik-Knin,Municipality,Kistanje
397,Šibensko-kninska,Općina,Šibenik-Knin,Municipality,Murter-Kornati
398,Šibensko-kninska,Općina,Šibenik-Knin,Municipality,Pirovac
399,Šibensko-kninska,Općina,Šibenik-Knin,Municipality,Primošten
400,Šibensko-kninska,Općina,Šibenik-Knin,Municipality,Promina
401,Šibensko-kninska,Općina,Šibenik-Knin,Municipality,Rogoznica
402,Šibensko-kninska,Općina,Šibenik-Knin,Municipality,Ružić
403,Šibensko-kninska,Općina,Šibenik-Knin,Municipality,Tisno
404,Šibensko-kninska,Općina,Šibenik-Knin,Municipality,Tribunj
405,Šibensko-kninska,Općina,Šibenik-Knin,Municipality,Unešić
407,Vukovarsko-srijemska,Grad,Vukovar-Srijem,Town,Ilok
408,Vukovarsko-srijemska,Grad,Vukovar-Srijem,Town,Otok
409,Vukovarsko-srijemska,Grad,Vukovar-Srijem,Town,Vinkovci
410,Vukovarsko-srijemska,Grad,Vukovar-Srijem,Town,Vukovar
411,Vukovarsko-srijemska,Grad,Vukovar-Srijem,Town,Županja
412,Vukovarsko-srijemska,Općina,Vukovar-Srijem,Municipality,Andrijaševci
413,Vukovarsko-srijemska,Općina,Vukovar-Srijem,Municipality,Babina Greda
414,Vukovarsko-srijemska,Općina,Vukovar-Srijem,Municipality,Bogdanovci
415,Vukovarsko-srijemska,Općina,Vukovar-Srijem,Municipality,Borovo
416,Vukovarsko-srijemska,Općina,Vukovar-Srijem,Municipality,Bošnjaci
417,Vukovarsko-srijemska,Općina,Vukovar-Srijem,Municipality,Cerna
418,Vukovarsko-srijemska,Općina,Vukovar-Srijem,Municipality,Drenovci
419,Vukovarsko-srijemska,Općina,Vukovar-Srijem,Municipality,Gradište
420,Vukovarsko-srijemska,Općina,Vukovar-Srijem,Municipality,Gunja
421,Vukovarsko-srijemska,Općina,Vukovar-Srijem,Municipality,Ivankovo
422,Vukovarsko-srijemska,Općina,Vukovar-Srijem,Municipality,Jarmina
423,Vukovarsko-srijemska,Općina,Vukovar-Srijem,Municipality,Lovas
424,Vukovarsko-srijemska,Općina,Vukovar-Srijem,Municipality,Markušica
425,Vukovarsko-srijemska,Općina,Vukovar-Srijem,Municipality,Negoslavci
426,Vukovarsko-srijemska,Općina,Vukovar-Srijem,Municipality,Nijemci
427,Vukovarsko-srijemska,Općina,Vukovar-Srijem,Municipality,Nuštar
428,Vukovarsko-srijemska,Općina,Vukovar-Srijem,Municipality,Privlaka
429,Vukovarsko-srijemska,Općina,Vukovar-Srijem,Municipality,Stari Jankovci
430,Vukovarsko-srijemska,Općina,Vukovar-Srijem,Municipality,Stari Mikanovci
431,Vukovarsko-srijemska,Općina,Vukovar-Srijem,Municipality,Štitar
432,Vukovarsko-srijemska,Općina,Vukovar-Srijem,Municipality,Tompojevci
433,Vukovarsko-srijemska,Općina,Vukovar-Srijem,Municipality,Tordinci
434,Vukovarsko-srijemska,Općina,Vukovar-Srijem,Municipality,Tovarnik
435,Vukovarsko-srijemska,Općina,Vukovar-Srijem,Municipality,Trpinja
436,Vukovarsko-srijemska,Općina,Vukovar-Srijem,Municipality,Vođinci
437,Vukovarsko-srijemska,Općina,Vukovar-Srijem,Municipality,Vrbanja
439,Splitsko-dalmatinska,Grad,Split-Dalmatia,Town,Hvar
440,Splitsko-dalmatinska,Grad,Split-Dalmatia,Town,Imotski
441,Splitsko-dalmatinska,Grad,Split-Dalmatia,Town,Kaštela
442,Splitsko-dalmatinska,Grad,Split-Dalmatia,Town,Komiža
443,Splitsko-dalmatinska,Grad,Split-Dalmatia,Town,Makarska
444,Splitsko-dalmatinska,Grad,Split-Dalmatia,Town,Omiš
445,Splitsko-dalmatinska,Grad,Split-Dalmatia,Town,Sinj
446,Splitsko-dalmatinska,Grad,Split-Dalmatia,Town,Solin
447,Splitsko-dalmatinska,Grad,Split-Dalmatia,Town,Split
448,Splitsko-dalmatinska,Grad,Split-Dalmatia,Town,Stari Grad
449,Splitsko-dalmatinska,Grad,Split-Dalmatia,Town,Supetar
450,Splitsko-dalmatinska,Grad,Split-Dalmatia,Town,Trilj
451,Splitsko-dalmatinska,Grad,Split-Dalmatia,Town,Trogir
452,Splitsko-dalmatinska,Grad,Split-Dalmatia,Town,Vis
453,Splitsko-dalmatinska,Grad,Split-Dalmatia,Town,Vrgorac
454,Splitsko-dalmatinska,Grad,Split-Dalmatia,Town,Vrlika
455,Splitsko-dalmatinska,Općina,Split-Dalmatia,Municipality,Baška Voda
456,Splitsko-dalmatinska,Općina,Split-Dalmatia,Municipality,Bol
457,Splitsko-dalmatinska,Općina,Split-Dalmatia,Municipality,Brela
458,Splitsko-dalmatinska,Općina,Split-Dalmatia,Municipality,Cista Provo
459,Splitsko-dalmatinska,Općina,Split-Dalmatia,Municipality,Dicmo
460,Splitsko-dalmatinska,Općina,Split-Dalmatia,Municipality,Dugi Rat
461,Splitsko-dalmatinska,Općina,Split-Dalmatia,Municipality,Dugopolje
462,Splitsko-dalmatinska,Općina,Split-Dalmatia,Municipality,Gradac
463,Splitsko-dalmatinska,Općina,Split-Dalmatia,Municipality,Hrvace
464,Splitsko-dalmatinska,Općina,Split-Dalmatia,Municipality,Jelsa
465,Splitsko-dalmatinska,Općina,Split-Dalmatia,Municipality,Klis
466,Splitsko-dalmatinska,Općina,Split-Dalmatia,Municipality,Lećevica
467,Splitsko-dalmatinska,Općina,Split-Dalmatia,Municipality,Lokvičići
468,Splitsko-dalmatinska,Općina,Split-Dalmatia,Municipality,Lovreć
469,Splitsko-dalmatinska,Općina,Split-Dalmatia,Municipality,Marina
470,Splitsko-dalmatinska,Općina,Split-Dalmatia,Municipality,Milna
471,Splitsko-dalmatinska,Općina,Split-Dalmatia,Municipality,Muć
472,Splitsko-dalmatinska,Općina,Split-Dalmatia,Municipality,Nerežišća
473,Splitsko-dalmatinska,Općina,Split-Dalmatia,Municipality,Okrug
474,Splitsko-dalmatinska,Općina,Split-Dalmatia,Municipality,Otok
475,Splitsko-dalmatinska,Općina,Split-Dalmatia,Municipality,Podbablje
476,Splitsko-dalmatinska,Općina,Split-Dalmatia,Municipality,Podgora
477,Splitsko-dalmatinska,Općina,Split-Dalmatia,Municipality,Podstrana
478,Splitsko-dalmatinska,Općina,Split-Dalmatia,Municipality,Postira
479,Splitsko-dalmatinska,Općina,Split-Dalmatia,Municipality,Prgomet
480,Splitsko-dalmatinska,Općina,Split-Dalmatia,Municipality,Primorski Dolac
481,Splitsko-dalmatinska,Općina,Split-Dalmatia,Municipality,Proložac
482,Splitsko-dalmatinska,Općina,Split-Dalmatia,Municipality,Pučišća
483,Splitsko-dalmatinska,Općina,Split-Dalmatia,Municipality,Runovići
484,Splitsko-dalmatinska,Općina,Split-Dalmatia,Municipality,Seget
485,Splitsko-dalmatinska,Općina,Split-Dalmatia,Municipality,Selca
486,Splitsko-dalmatinska,Općina,Split-Dalmatia,Municipality,Sućuraj
487,Splitsko-dalmatinska,Općina,Split-Dalmatia,Municipality,Sutivan
488,Splitsko-dalmatinska,Općina,Split-Dalmatia,Municipality,Šestanovac
489,Splitsko-dalmatinska,Općina,Split-Dalmatia,Municipality,Šolta
490,Splitsko-dalmatinska,Općina,Split-Dalmatia,Municipality,Tučepi
491,Splitsko-dalmatinska,Općina,Split-Dalmatia,Municipality,Zadvarje
492,Splitsko-dalmatinska,Općina,Split-Dalmatia,Municipality,Zagvozd
493,Splitsko-dalmatinska,Općina,Split-Dalmatia,Municipality,Zmijavci
495,Istarska,Grad,Istria,Town,Buje – Buie
496,Istarska,Grad,Istria,Town,Buzet
497,Istarska,Grad,Istria,Town,Labin
498,Istarska,Grad,Istria,Town,Novigrad – Cittanova
499,Istarska,Grad,Istria,Town,Pazin
500,Istarska,Grad,Istria,Town,Poreč – Parenzo
501,Istarska,Grad,Istria,Town,Pula – Pola
502,Istarska,Grad,Istria,Town,Rovinj – Rovigno
503,Istarska,Grad,Istria,Town,Umag – Umago
504,Istarska,Grad,Istria,Town,Vodnjan – Dignano
505,Istarska,Općina,Istria,Municipality,Bale – Valle
506,Istarska,Općina,Istria,Municipality,Barban
507,Istarska,Općina,Istria,Municipality,Brtonigla – Verteneglio
508,Istarska,Općina,Istria,Municipality,Cerovlje
509,Istarska,Općina,Istria,Municipality,Fažana – Fasana
510,Istarska,Općina,Istria,Municipality,Funtana – Fontane
511,Istarska,Općina,Istria,Municipality,Gračišće
512,Istarska,Općina,Istria,Municipality,Grožnjan – Grisignana
513,Istarska,Općina,Istria,Municipality,Kanfanar
514,Istarska,Općina,Istria,Municipality,Karojba
515,Istarska,Općina,Istria,Municipality,Kaštelir-Labinci – Castelliere-S. Domenica
516,Istarska,Općina,Istria,Municipality,Kršan
517,Istarska,Općina,Istria,Municipality,Lanišće
518,Istarska,Općina,Istria,Municipality,Ližnjan – Lisignano
519,Istarska,Općina,Istria,Municipality,Lupoglav
520,Istarska,Općina,Istria,Municipality,Marčana
521,Istarska,Općina,Istria,Municipality,Medulin
522,Istarska,Općina,Istria,Municipality,Motovun – Montona
523,Istarska,Općina,Istria,Municipality,Oprtalj – Portole
524,Istarska,Općina,Istria,Municipality,Pićan
525,Istarska,Općina,Istria,Municipality,Raša
526,Istarska,Općina,Istria,Municipality,Sveta Nedelja
527,Istarska,Općina,Istria,Municipality,Sveti Lovreč
528,Istarska,Općina,Istria,Municipality,Sveti Petar u Šumi
529,Istarska,Općina,Istria,Municipality,Svetvinčenat
530,Istarska,Općina,Istria,Municipality,Tar-Vabriga – Torre-Abrega
531,Istarska,Općina,Istria,Municipality,Tinjan
532,Istarska,Općina,Istria,Municipality,Višnjan – Visignano
533,Istarska,Općina,Istria,Municipality,Vižinada – Visinada
534,Istarska,Općina,Istria,Municipality,Vrsar – Orsera
535,Istarska,Općina,Istria,Municipality,Žminj
537,Dubrovačko-neretvanska,Grad,Dubrovnik-Neretva,Town,Dubrovnik
538,Dubrovačko-neretvanska,Grad,Dubrovnik-Neretva,Town,Korčula
539,Dubrovačko-neretvanska,Grad,Dubrovnik-Neretva,Town,Metković
540,Dubrovačko-neretvanska,Grad,Dubrovnik-Neretva,Town,Opuzen
541,Dubrovačko-neretvanska,Grad,Dubrovnik-Neretva,Town,Ploče
542,Dubrovačko-neretvanska,Općina,Dubrovnik-Neretva,Municipality,Blato
543,Dubrovačko-neretvanska,Općina,Dubrovnik-Neretva,Municipality,Dubrovačko primorje
544,Dubrovačko-neretvanska,Općina,Dubrovnik-Neretva,Municipality,Janjina
545,Dubrovačko-neretvanska,Općina,Dubrovnik-Neretva,Municipality,Konavle
546,Dubrovačko-neretvanska,Općina,Dubrovnik-Neretva,Municipality,Kula Norinska
547,Dubrovačko-neretvanska,Općina,Dubrovnik-Neretva,Municipality,Lastovo
548,Dubrovačko-neretvanska,Općina,Dubrovnik-Neretva,Municipality,Lumbarda
549,Dubrovačko-neretvanska,Općina,Dubrovnik-Neretva,Municipality,Mljet
550,Dubrovačko-neretvanska,Općina,Dubrovnik-Neretva,Municipality,Orebić
551,Dubrovačko-neretvanska,Općina,Dubrovnik-Neretva,Municipality,Pojezerje
552,Dubrovačko-neretvanska,Općina,Dubrovnik-Neretva,Municipality,Slivno
553,Dubrovačko-neretvanska,Općina,Dubrovnik-Neretva,Municipality,Smokvica
554,Dubrovačko-neretvanska,Općina,Dubrovnik-Neretva,Municipality,Ston
555,Dubrovačko-neretvanska,Općina,Dubrovnik-Neretva,Municipality,Trpanj
556,Dubrovačko-neretvanska,Općina,Dubrovnik-Neretva,Municipality,Vela Luka
557,Dubrovačko-neretvanska,Općina,Dubrovnik-Neretva,Municipality,Zažablje
558,Dubrovačko-neretvanska,Općina,Dubrovnik-Neretva,Municipality,Župa dubrovačka
560,Međimurska,Grad,Međimurje,Town,Čakovec
561,Međimurska,Grad,Međimurje,Town,Mursko Središće
562,Međimurska,Grad,Međimurje,Town,Prelog
563,Međimurska,Općina,Međimurje,Municipality,Belica
564,Međimurska,Općina,Međimurje,Municipality,Dekanovec
565,Međimurska,Općina,Međimurje,Municipality,Domašinec
566,Međimurska,Općina,Međimurje,Municipality,Donja Dubrava
567,Međimurska,Općina,Međimurje,Municipality,Donji Kraljevec
568,Međimurska,Općina,Međimurje,Municipality,Donji Vidovec
569,Međimurska,Općina,Međimurje,Municipality,Goričan
570,Međimurska,Općina,Međimurje,Municipality,Gornji Mihaljevec
571,Međimurska,Općina,Međimurje,Municipality,Kotoriba
572,Međimurska,Općina,Međimurje,Municipality,Mala Subotica
573,Međimurska,Općina,Međimurje,Municipality,Nedelišće
574,Međimurska,Općina,Međimurje,Municipality,Orehovica
575,Međimurska,Općina,Međimurje,Municipality,Podturen
576,Međimurska,Općina,Međimurje,Municipality,Pribislavec
577,Međimurska,Općina,Međimurje,Municipality,Selnica
578,Međimurska,Općina,Međimurje,Municipality,Strahoninec
579,Međimurska,Općina,Međimurje,Municipality,Sveta Marija
580,Međimurska,Općina,Međimurje,Municipality,Sveti Juraj na Bregu
581,Međimurska,Općina,Međimurje,Municipality,Sveti Martin na Muri
582,Međimurska,Općina,Međimurje,Municipality,Šenkovec
583,Međimurska,Općina,Međimurje,Municipality,Štrigova
584,Međimurska,Općina,Međimurje,Municipality,Vratišinec
