source_id,path,role,vintage_or_retrieval,retrieved_at_utc,bytes,sha256,license_or_access,retention
issue-419-workload-scope,data/regional-review/regional-review-ce7798317652c0c2/scope.json,Exact machine-readable issue scope copied from retained GitHub API snapshot,2026-10-05,2026-10-05,13943,ba8a10ae3b8a67410bba8b687e256c44d01828c199b2d30961a678e4f5c3a635,GitHub public issue; retained as audit evidence,retained
github-issue-419,data/regional-review/regional-review-ce7798317652c0c2/source/issue-419-api-snapshot.json,Original issue API JSON snapshot; scope and instructions,2026-10-05,2026-10-05,24044,fad09b6e1744ef65fa88ca0d402f4cd591fded1c5c5a1de4f84fada6750f7403,Public GitHub issue response; audit evidence,retained
dzs-census-2021-detail,(not retained; restore exact official URL and extract with extract_dzs_roster.py),Official 2021 names/types/county roster,2021 census; retrieved 2026-10-05,2026-10-05,18279747,c2b1cff240a19b5bfbf6dcb5e919a264284dfa444a326adae5517bf39b6d7d42,DZS Open License; reuse without restriction with source attribution,restoration-only; original bytes pinned by size/SHA-256
dzs-census-2021-summary,data/regional-review/regional-review-ce7798317652c0c2/source/dzs-census-2021-summary-tables.xlsx,Official 2021 town/municipality county count cross-check,2021 census; retrieved 2026-10-05,2026-10-05,63196,99feecc93627db02509aee7d625b391c33a69f201f377464ac15c2fd7c16f20f,DZS Open License; reuse without restriction with source attribution,retained
dgu-inspire-au-croatian,data/regional-review/regional-review-ce7798317652c0c2/source/dgu-inspire-au-atom.xml,Official current DGU administrative-unit feed metadata; no linked polygon downloaded,retrieved 2026-10-05,2026-10-05,2149,1231571f5a59464dbccda7eafaed3099131d899b4ebf142fde55a43a852bdff7,Feed advertises a linked product with explicit INSPIRE Article 13(1)(e) public-access limitation,metadata-only
dgu-inspire-au-english,data/regional-review/regional-review-ce7798317652c0c2/source/dgu-inspire-au-atom-en.xml,Official current DGU administrative-unit feed metadata; no linked polygon downloaded,retrieved 2026-10-05,2026-10-05,2162,625fab1c27ca853ff24ecbcf41ae768ec422e593f82e1bf77ca85b21a3990178,Feed advertises a linked product with explicit INSPIRE Article 13(1)(e) public-access limitation,metadata-only
geoboundaries-hrv-adm2-metadata,data/regional-review/regional-review-ce7798317652c0c2/source/geoBoundaries-HRV-ADM2-metaData-content.txt,"Upstream LFS metadata object; ADM2, representative year 2021; updated 2023-01-19; built 2023-12-12; 560 units",upstream metadata; retrieved 2026-10-05,2026-10-05,985,e2b5d837084f3a2360a16b51e198d35799903c4b99687dd547f1b73a11847790,Metadata asserts CC BY-SA 2.0 and points to OSM; conflict with underlying OSM/geoBoundaries terms unresolved,retained-metadata-only
geoboundaries-citation-instructions,data/regional-review/regional-review-ce7798317652c0c2/source/geoBoundaries-CITATION-AND-USE-content.txt,Upstream citation/use instructions,upstream instructions; retrieved 2026-10-05,2026-10-05,4316,f6ea7572bea6036c4cdcacf8c0ca7bf09098d4e600d19546d7432533e9a290d5,Citation text only; does not resolve geometry file license,retained
geoboundaries-object-http-response,data/regional-review/regional-review-ce7798317652c0c2/source/geoboundaries-hrv-adm2-response-headers.txt,HTTP retrieval and redirect response headers for exact raw boundary object,retrieved 2026-10-05,2026-10-05,5495,9b7a7974a4a912a1e1a24be3a3b8c8ec7a4e0cfddddf4ebc7865f2417953e3b8,Transport metadata only,retained
geoboundaries-hrv-adm2-9469f09,(not retained; restore to temporary path per SOURCES.md),HRV ADM2 municipal/town polygon comparison source; 560 upstream features,representative year 2021; underlying source updated 2023-01-19; built 2023-12-12,2026-10-05,20788018,68a317129a0c295fd8baf7acc0f31ffefdf65ff2f1f62f8ed90a765cc57cf01e,metadata claims CC BY-SA 2.0; OSM/source-specific license conflict unresolved,restoration-only; exact immutable URL and hash in SOURCES.md
geoboundaries-metaData-lfs-pointer,data/regional-review/regional-review-ce7798317652c0c2/source/geoBoundaries-HRV-ADM2-metaData.txt,Original 128-byte upstream Git LFS pointer to metadata object,upstream LFS pointer; retrieved 2026-10-05,2026-10-05,128,545991f9a147b33b2ac77cef62b95179576d66296f0c35b0e2fda3c915cf74c6,Pointer metadata only; see resolved object and source documentation,retained
geoboundaries-citation-lfs-pointer,data/regional-review/regional-review-ce7798317652c0c2/source/geoBoundaries-CITATION-AND-USE.txt,Original 129-byte upstream Git LFS pointer to citation/use instructions,upstream LFS pointer; retrieved 2026-10-05,2026-10-05,129,1036efd533332c7eed31d4b26c176a559f9742ef849cffd4488b5cd75fa5dbbb,Pointer metadata only; see resolved object and source documentation,retained
dzs-census-2021-detail-extract,data/regional-review/regional-review-ce7798317652c0c2/source/dzs-census-2021-detail-extract.csv,Complete 555-row lawful names/type/county excerpt extracted from the official DZS workbook,2021 census; extracted 2026-10-05,2026-10-05,35680,225021e29f4ec2eeeffda3801031f4c0587241e91eed984394c9d2d56b09785c,DZS Open License; reuse without restriction with source attribution; parent workbook URL/hash retained as restoration instructions,retained-complete-roster-extract
