family_id,component_count,original_fine_family_count,admin_status_counts,physical_status_counts,missing_admin_count,mismatched_admin_component_ids,invalid_original_source_count,unmeasured_component_count,unmeasured_fragment_component_count,hierarchy_unknown_component_ids,numeric_closure_component_ids,components_without_existing_area,complete_positive_length_neighbor_count,complete_positive_length_neighbor_ids,boundary_length_m,boundary_length_limit,exclusive_next_prerequisite_counts,dispatch_ready,physical_authority
gap-source-batch:0e920da84651ecccf7d7b7c1,3,1,"{""no-source-intersection-in-literal-domain"": 1, ""one-compatible-recorded-subject-uniquely-covers-component"": 1, ""positive-source-coverage-mixed-partial-or-subject-unresolved"": 1}","{""mapped-land-support"": 3}",0,,0,[],0,,,0,1,gb:FRA:ADM3:44848369B9486526015477,,Boundary metres are unknown; complete positive-length neighbor IDs/counts are retained.,"{""land-plus-compatible-original-processing-reproduction-candidate"": 1, ""land-with-admin-partial-or-unbound-source-fitness-review"": 2}",False,unapproved
gap-source-batch:0eb18a06fb5bb2314bbd56f2,2,1,"{""no-source-intersection-in-literal-domain"": 1, ""one-compatible-recorded-subject-uniquely-covers-component"": 1}","{""mapped-land-support"": 1, ""outside-mapped-L1-context"": 1}",0,,0,[],0,,,0,1,gb:FRA:ADM3:44848369B61352423180706,,Boundary metres are unknown; complete positive-length neighbor IDs/counts are retained.,"{""land-plus-compatible-original-processing-reproduction-candidate"": 1, ""outside-source-domain-unclassified"": 1}",False,unapproved
gap-source-batch:11cedea672dd46f282449a82,3,1,"{""no-source-intersection-in-literal-domain"": 1, ""one-compatible-recorded-subject-uniquely-covers-component"": 1, ""positive-source-coverage-mixed-partial-or-subject-unresolved"": 1}","{""mapped-land-support"": 2, ""outside-mapped-L1-context"": 1}",0,,0,[],0,,,0,0,,,Boundary metres are unknown; complete positive-length neighbor IDs/counts are retained.,"{""land-plus-compatible-original-processing-reproduction-candidate"": 1, ""land-with-admin-partial-or-unbound-source-fitness-review"": 1, ""outside-source-domain-unclassified"": 1}",False,unapproved
gap-source-batch:4fe08d0189a4441287edc313,6,1,"{""no-source-intersection-in-literal-domain"": 1, ""one-compatible-recorded-subject-uniquely-covers-component"": 1, ""positive-source-coverage-mixed-partial-or-subject-unresolved"": 4}","{""mapped-land-support"": 6}",0,,0,[],0,,,0,2,gb:FRA:ADM3:44848369B24772961780517; gb:FRA:ADM3:44848369B58525580777905,,Boundary metres are unknown; complete positive-length neighbor IDs/counts are retained.,"{""land-plus-compatible-original-processing-reproduction-candidate"": 1, ""land-with-admin-partial-or-unbound-source-fitness-review"": 5}",False,unapproved
gap-source-batch:684bd24a8c28a6b56d28cccd,1,1,"{""one-compatible-recorded-subject-uniquely-covers-component"": 1}","{""mapped-land-support"": 1}",0,,0,[],0,,,0,0,,,Boundary metres are unknown; complete positive-length neighbor IDs/counts are retained.,"{""land-plus-compatible-original-processing-reproduction-candidate"": 1}",False,unapproved
gap-source-batch:ca93501e68912c49e5549547,10,1,"{""no-source-intersection-in-literal-domain"": 4, ""one-compatible-recorded-subject-uniquely-covers-component"": 1, ""positive-source-coverage-mixed-partial-or-subject-unresolved"": 5}","{""mapped-land-support"": 10}",0,,0,[],0,,,0,3,gb:FRA:ADM3:44848369B23089242581912; gb:FRA:ADM3:44848369B30656648376570; gb:FRA:ADM3:44848369B51773291035899,,Boundary metres are unknown; complete positive-length neighbor IDs/counts are retained.,"{""land-plus-compatible-original-processing-reproduction-candidate"": 1, ""land-with-admin-partial-or-unbound-source-fitness-review"": 9}",False,unapproved
gap-source-batch:f019654befb4e4d24e63f5b5,14,1,"{""no-source-intersection-in-literal-domain"": 5, ""one-compatible-recorded-subject-uniquely-covers-component"": 1, ""positive-source-coverage-mixed-partial-or-subject-unresolved"": 8}","{""mapped-land-support"": 14}",0,,0,[],0,,,0,2,gb:FRA:ADM3:44848369B52172696301627; gb:FRA:ADM3:44848369B6767271871799,,Boundary metres are unknown; complete positive-length neighbor IDs/counts are retained.,"{""land-plus-compatible-original-processing-reproduction-candidate"": 1, ""land-with-admin-partial-or-unbound-source-fitness-review"": 13}",False,unapproved
gap-source-batch:feb9f1d252a9eb7e11d2c8af,4,1,"{""one-compatible-recorded-subject-uniquely-covers-component"": 3, ""positive-source-coverage-mixed-partial-or-subject-unresolved"": 1}","{""mapped-land-support"": 4}",0,,0,[],0,,,0,1,gb:FRA:ADM3:44848369B68747842589675,,Boundary metres are unknown; complete positive-length neighbor IDs/counts are retained.,"{""land-plus-compatible-original-processing-reproduction-candidate"": 3, ""land-with-admin-partial-or-unbound-source-fitness-review"": 1}",False,unapproved
gap-source-batch:ff223ec98aab019ffbf4463f,5,1,"{""one-compatible-recorded-subject-uniquely-covers-component"": 1, ""positive-source-coverage-mixed-partial-or-subject-unresolved"": 4}","{""mapped-land-support"": 5}",0,,0,[],0,,,0,2,gb:FRA:ADM3:44848369B20305007943392; gb:FRA:ADM3:44848369B94347640394198,,Boundary metres are unknown; complete positive-length neighbor IDs/counts are retained.,"{""land-plus-compatible-original-processing-reproduction-candidate"": 1, ""land-with-admin-partial-or-unbound-source-fitness-review"": 4}",False,unapproved
