province_id,atlas_name,official_name_for_name_check,scoped_child_count,partial_scope,parent_adm1_source_name,parent_adm1_source_shape_id,parent_adm1_source_exact_name_match,parent_adm1_source_year,parent_adm1_source_role,parent_adm1_source_license,name_classification,boundary_classification,assessment
framework:province:ciudad-autonoma-de-buenos-aires:64e45f3ee651,Ciudad Autónoma de Buenos Aires,Ciudad Autónoma de Buenos Aires,10,False,Ciudad Autónoma de Buenos Aires,19177384B49506124846693,True,2006,Province,Creative Commons Attribution 2.5 Generic,label-justified,insufficient-evidence,Display name matches official jurisdiction spelling; provincial boundary/currentness and parent approval remain open.
framework:province:ciudad-de-buenos-aires:bd2311b3ca38,Ciudad de Buenos Aires,Ciudad Autónoma de Buenos Aires,1,False,,,False,2006,Province,Creative Commons Attribution 2.5 Generic,correction-needed,insufficient-evidence,This separate framework parent is fed by a 17-member city aggregate that includes 2 Buenos Aires Province partidos; reconcile identity and CABA scope.
framework:province:buenos-aires:e6d4b2d1b661,Buenos Aires,Buenos Aires,1,False,Buenos Aires,19177384B97722443848736,True,2006,Province,Creative Commons Attribution 2.5 Generic,label-justified,insufficient-evidence,Display name matches official jurisdiction spelling; provincial boundary/currentness and parent approval remain open.
framework:province:corrientes:a04006099866,Corrientes,Corrientes,24,False,Corrientes,19177384B61983540054875,True,2006,Province,Creative Commons Attribution 2.5 Generic,label-justified,insufficient-evidence,Display name matches official jurisdiction spelling; provincial boundary/currentness and parent approval remain open.
framework:province:misiones:2c036a9d514b,Misiones,Misiones,17,False,Misiones,19177384B16625472822217,True,2006,Province,Creative Commons Attribution 2.5 Generic,label-justified,insufficient-evidence,Display name matches official jurisdiction spelling; provincial boundary/currentness and parent approval remain open.
framework:province:mendoza:48b57dc0eff4,Mendoza,Mendoza,18,False,Mendoza,19177384B51705615570562,True,2006,Province,Creative Commons Attribution 2.5 Generic,label-justified,insufficient-evidence,Display name matches official jurisdiction spelling; provincial boundary/currentness and parent approval remain open.
framework:province:san-juan:799fda7ed469,San Juan,San Juan,19,False,San Juan,19177384B47339545206363,True,2006,Province,Creative Commons Attribution 2.5 Generic,label-justified,insufficient-evidence,Display name matches official jurisdiction spelling; provincial boundary/currentness and parent approval remain open.
framework:province:la-roja:f24d29a5d9d5,La Roja,La Rioja,18,False,La Roja,19177384B72583408220290,True,2006,Province,Creative Commons Attribution 2.5 Generic,correction-needed,insufficient-evidence,Atlas display differs from official jurisdiction spelling; ID-preserving label correction belongs to hierarchy integration.
framework:province:catamarca:f79a45014eac,Catamarca,Catamarca,18,False,Catamarca,19177384B98145761763330,True,2006,Province,Creative Commons Attribution 2.5 Generic,label-justified,insufficient-evidence,Display name matches official jurisdiction spelling; provincial boundary/currentness and parent approval remain open.
framework:province:san-luis:cd428b4f89ab,San Luis,San Luis,9,False,San Luis,19177384B8726453430521,True,2006,Province,Creative Commons Attribution 2.5 Generic,label-justified,insufficient-evidence,Display name matches official jurisdiction spelling; provincial boundary/currentness and parent approval remain open.
framework:province:jujuy:3ff7dd67ec60,Jujuy,Jujuy,16,False,Jujuy,19177384B3883129267492,True,2006,Province,Creative Commons Attribution 2.5 Generic,label-justified,insufficient-evidence,Display name matches official jurisdiction spelling; provincial boundary/currentness and parent approval remain open.
framework:province:tucuman:13e5687d0f21,Tucumán,Tucumán,15,False,Tucumán,19177384B70412318542153,True,2006,Province,Creative Commons Attribution 2.5 Generic,label-justified,insufficient-evidence,Display name matches official jurisdiction spelling; provincial boundary/currentness and parent approval remain open.
framework:province:salta:7e3f9095353a,Salta,Salta,23,False,Salta,19177384B81563233036116,True,2006,Province,Creative Commons Attribution 2.5 Generic,label-justified,insufficient-evidence,Display name matches official jurisdiction spelling; provincial boundary/currentness and parent approval remain open.
framework:province:santiago-del-estero:5e9f1329a5b6,Santiago del Estero,Santiago del Estero,26,False,Santiago del Estero,19177384B61792957744675,True,2006,Province,Creative Commons Attribution 2.5 Generic,label-justified,insufficient-evidence,Display name matches official jurisdiction spelling; provincial boundary/currentness and parent approval remain open.
