location_id,atlas_name,geoBoundaries_name,current_GURS_code,current_GURS_name,GURS_feature_date,atlas_reference_year,source_shape_id,classification,follow_up
gb:SVN:ADM2:79292919B14844764164504,Ckocjan,Ckocjan,121,Škocjan,2026-09-15T10:57:55Z,2017,79292919B14844764164504,candidate only; validate historical name and source vintage,preserve stable location ID; compare official historical register/name date before proposing any name edit
gb:SVN:ADM2:79292919B19982075256158,Sveti Tomaa,Sveti Tomaa,205,Sveti Tomaž,2026-09-30T09:45:05Z,2017,79292919B19982075256158,candidate only; validate historical name and source vintage,preserve stable location ID; compare official historical register/name date before proposing any name edit
gb:SVN:ADM2:79292919B22803518802899,Kalovci,Kalovci,33,Šalovci,2025-10-02T18:06:46Z,2017,79292919B22803518802899,candidate only; validate historical name and source vintage,preserve stable location ID; compare official historical register/name date before proposing any name edit
gb:SVN:ADM2:79292919B24232853487661,Velike La,Velike La,134,Velike Lašče,2026-09-11T10:38:48Z,2017,79292919B24232853487661,candidate only; validate historical name and source vintage,preserve stable location ID; compare official historical register/name date before proposing any name edit
gb:SVN:ADM2:79292919B24234918778023,Krcko,Krcko,54,Krško,2026-09-15T10:57:55Z,2017,79292919B24234918778023,candidate only; validate historical name and source vintage,preserve stable location ID; compare official historical register/name date before proposing any name edit
gb:SVN:ADM2:79292919B27119869854741,Ajdovtcina,Ajdovtcina,1,Ajdovščina,2025-12-05T09:38:07Z,2017,79292919B27119869854741,candidate only; validate historical name and source vintage,preserve stable location ID; compare official historical register/name date before proposing any name edit
gb:SVN:ADM2:79292919B27121964158679,Pentilj,Pentilj,118,Šentilj,2026-06-03T16:26:54Z,2017,79292919B27121964158679,candidate only; validate historical name and source vintage,preserve stable location ID; compare official historical register/name date before proposing any name edit
gb:SVN:ADM2:79292919B29250597194434,Miklavl na Dravskem polju,Miklavl na Dravskem polju,169,Miklavž na Dravskem polju,2025-10-30T09:21:10Z,2017,79292919B29250597194434,candidate only; validate historical name and source vintage,preserve stable location ID; compare official historical register/name date before proposing any name edit
gb:SVN:ADM2:79292919B30339441017456,Star-e,Star-e,115,Starše,2025-10-02T18:06:46Z,2017,79292919B30339441017456,candidate only; validate historical name and source vintage,preserve stable location ID; compare official historical register/name date before proposing any name edit
gb:SVN:ADM2:79292919B31270316639781,Gelezniki,Gelezniki,146,Železniki,2026-09-16T09:52:14Z,2017,79292919B31270316639781,candidate only; validate historical name and source vintage,preserve stable location ID; compare official historical register/name date before proposing any name edit
gb:SVN:ADM2:79292919B34418813957407,Centjernej,Centjernej,119,Šentjernej,2026-07-10T10:54:41Z,2017,79292919B34418813957407,candidate only; validate historical name and source vintage,preserve stable location ID; compare official historical register/name date before proposing any name edit
gb:SVN:ADM2:79292919B36449465355430,Valec,Valec,190,Žalec,2026-07-02T11:04:20Z,2017,79292919B36449465355430,candidate only; validate historical name and source vintage,preserve stable location ID; compare official historical register/name date before proposing any name edit
gb:SVN:ADM2:79292919B36906673582366,Vmartno ob Paki,Vmartno ob Paki,125,Šmartno ob Paki,2026-02-18T12:02:20Z,2017,79292919B36906673582366,candidate only; validate historical name and source vintage,preserve stable location ID; compare official historical register/name date before proposing any name edit
gb:SVN:ADM2:79292919B37217694614402,Rogatka Slatina,Rogatka Slatina,106,Rogaška Slatina,2026-09-07T12:17:47Z,2017,79292919B37217694614402,candidate only; validate historical name and source vintage,preserve stable location ID; compare official historical register/name date before proposing any name edit
gb:SVN:ADM2:79292919B37893156652188,Voatanj,Voatanj,126,Šoštanj,2026-10-05T14:32:29Z,2017,79292919B37893156652188,candidate only; validate historical name and source vintage,preserve stable location ID; compare official historical register/name date before proposing any name edit
gb:SVN:ADM2:79292919B39454020264245,Crencovci,Crencovci,15,Črenšovci,2026-06-22T10:08:11Z,2017,79292919B39454020264245,candidate only; validate historical name and source vintage,preserve stable location ID; compare official historical register/name date before proposing any name edit
gb:SVN:ADM2:79292919B40236159589403,Ikofljica,Ikofljica,123,Škofljica,2026-08-17T09:29:06Z,2017,79292919B40236159589403,candidate only; validate historical name and source vintage,preserve stable location ID; compare official historical register/name date before proposing any name edit
gb:SVN:ADM2:79292919B41680562738857,Rmartno pri Litiji,Rmartno pri Litiji,194,Šmartno pri Litiji,2026-07-27T08:55:59Z,2017,79292919B41680562738857,candidate only; validate historical name and source vintage,preserve stable location ID; compare official historical register/name date before proposing any name edit
gb:SVN:ADM2:79292919B41699436206095,Senana,Senana,111,Sežana,2026-09-30T10:02:04Z,2017,79292919B41699436206095,candidate only; validate historical name and source vintage,preserve stable location ID; compare official historical register/name date before proposing any name edit
gb:SVN:ADM2:79292919B41960414721213,Tigina,Tigina,10,Tišina,2026-09-22T09:49:47Z,2017,79292919B41960414721213,candidate only; validate historical name and source vintage,preserve stable location ID; compare official historical register/name date before proposing any name edit
gb:SVN:ADM2:79292919B43187654305214,Straca,Straca,203,Straža,2025-10-28T12:24:02Z,2017,79292919B43187654305214,candidate only; validate historical name and source vintage,preserve stable location ID; compare official historical register/name date before proposing any name edit
gb:SVN:ADM2:79292919B4491351811803,Lentjur,Lentjur,120,Šentjur,2026-06-29T07:31:02Z,2017,79292919B4491351811803,candidate only; validate historical name and source vintage,preserve stable location ID; compare official historical register/name date before proposing any name edit
gb:SVN:ADM2:79292919B4658103719865,Ltore,Ltore,127,Štore,2026-05-27T08:49:43Z,2017,79292919B4658103719865,candidate only; validate historical name and source vintage,preserve stable location ID; compare official historical register/name date before proposing any name edit
gb:SVN:ADM2:79292919B47659572418488,Sveti Jurij ob lcavnici,Sveti Jurij ob lcavnici,116,Sveti Jurij ob Ščavnici,2026-06-30T10:27:09Z,2017,79292919B47659572418488,candidate only; validate historical name and source vintage,preserve stable location ID; compare official historical register/name date before proposing any name edit
gb:SVN:ADM2:79292919B50582380192051,Tirovnica,Tirovnica,192,Žirovnica,2025-10-02T18:06:46Z,2017,79292919B50582380192051,candidate only; validate historical name and source vintage,preserve stable location ID; compare official historical register/name date before proposing any name edit
gb:SVN:ADM2:79292919B51659604970826,Labko,Labko,57,Laško,2026-10-02T08:18:41Z,2017,79292919B51659604970826,candidate only; validate historical name and source vintage,preserve stable location ID; compare official historical register/name date before proposing any name edit
gb:SVN:ADM2:79292919B51703506835671,Domcale,Domcale,23,Domžale,2026-07-20T07:35:46Z,2017,79292919B51703506835671,candidate only; validate historical name and source vintage,preserve stable location ID; compare official historical register/name date before proposing any name edit
gb:SVN:ADM2:79292919B52859595102923,Jurkinci,Jurkinci,42,Juršinci,2026-08-13T08:48:08Z,2017,79292919B52859595102923,candidate only; validate historical name and source vintage,preserve stable location ID; compare official historical register/name date before proposing any name edit
gb:SVN:ADM2:79292919B53548294602396,Goriunica,Goriunica,28,Gorišnica,2026-09-21T08:02:30Z,2017,79292919B53548294602396,candidate only; validate historical name and source vintage,preserve stable location ID; compare official historical register/name date before proposing any name edit
gb:SVN:ADM2:79292919B54937293403521,Rube,Rube,108,Ruše,2026-04-07T11:29:29Z,2017,79292919B54937293403521,candidate only; validate historical name and source vintage,preserve stable location ID; compare official historical register/name date before proposing any name edit
gb:SVN:ADM2:79292919B550141556557,Siri,Siri,147,Žiri,2026-07-28T07:22:47Z,2017,79292919B550141556557,candidate only; validate historical name and source vintage,preserve stable location ID; compare official historical register/name date before proposing any name edit
gb:SVN:ADM2:79292919B606741638743,Ravne na Korokkem,Ravne na Korokkem,103,Ravne na Koroškem,2026-02-19T07:14:42Z,2017,79292919B606741638743,candidate only; validate historical name and source vintage,preserve stable location ID; compare official historical register/name date before proposing any name edit
gb:SVN:ADM2:79292919B61887521642572,Ormo,Ormo,87,Ormož,2026-07-14T08:54:34Z,2017,79292919B61887521642572,candidate only; validate historical name and source vintage,preserve stable location ID; compare official historical register/name date before proposing any name edit
gb:SVN:ADM2:79292919B63771260852336,Rogaoovci,Rogaoovci,105,Rogašovci,2025-11-10T14:07:06Z,2017,79292919B63771260852336,candidate only; validate historical name and source vintage,preserve stable location ID; compare official historical register/name date before proposing any name edit
gb:SVN:ADM2:79292919B64708895890629,Razkrirje,Razkrirje,176,Razkrižje,2026-07-27T14:35:10Z,2017,79292919B64708895890629,candidate only; validate historical name and source vintage,preserve stable location ID; compare official historical register/name date before proposing any name edit
gb:SVN:ADM2:79292919B66240323896523,Sveti Andrac v Slov. goricah,Sveti Andrac v Slov. goricah,182,Sveti Andraž v Slov. goricah,2026-08-13T08:48:08Z,2017,79292919B66240323896523,candidate only; validate historical name and source vintage,preserve stable location ID; compare official historical register/name date before proposing any name edit
gb:SVN:ADM2:79292919B6737679693048,Majrperk,Majrperk,69,Majšperk,2026-09-01T13:53:45Z,2017,79292919B6737679693048,candidate only; validate historical name and source vintage,preserve stable location ID; compare official historical register/name date before proposing any name edit
gb:SVN:ADM2:79292919B69562863296028,Kritevci,Kritevci,166,Križevci,2026-07-28T09:00:51Z,2017,79292919B69562863296028,candidate only; validate historical name and source vintage,preserve stable location ID; compare official historical register/name date before proposing any name edit
gb:SVN:ADM2:79292919B71143168599957,Turnicce,Turnicce,132,Turnišče,2025-10-02T18:06:46Z,2017,79292919B71143168599957,candidate only; validate historical name and source vintage,preserve stable location ID; compare official historical register/name date before proposing any name edit
gb:SVN:ADM2:79292919B72046348709828,Sredikce ob Dravi,Sredikce ob Dravi,202,Središče ob Dravi,2026-06-01T08:16:06Z,2017,79292919B72046348709828,candidate only; validate historical name and source vintage,preserve stable location ID; compare official historical register/name date before proposing any name edit
gb:SVN:ADM2:79292919B72096121739234,Vencur,Vencur,117,Šenčur,2026-07-17T12:23:57Z,2017,79292919B72096121739234,candidate only; validate historical name and source vintage,preserve stable location ID; compare official historical register/name date before proposing any name edit
gb:SVN:ADM2:79292919B72498543032792,Lmarje pri Jelcah,Lmarje pri Jelcah,124,Šmarje pri Jelšah,2026-09-07T12:17:47Z,2017,79292919B72498543032792,candidate only; validate historical name and source vintage,preserve stable location ID; compare official historical register/name date before proposing any name edit
gb:SVN:ADM2:79292919B74602913806737,Crna na Koroakem,Crna na Koroakem,16,Črna na Koroškem,2026-03-17T11:21:50Z,2017,79292919B74602913806737,candidate only; validate historical name and source vintage,preserve stable location ID; compare official historical register/name date before proposing any name edit
gb:SVN:ADM2:79292919B76966153673191,Cetale,Cetale,191,Žetale,2025-10-02T18:06:46Z,2017,79292919B76966153673191,candidate only; validate historical name and source vintage,preserve stable location ID; compare official historical register/name date before proposing any name edit
gb:SVN:ADM2:79292919B80018774368860,Vertej,Vertej,188,Veržej,2026-05-07T08:18:52Z,2017,79292919B80018774368860,candidate only; validate historical name and source vintage,preserve stable location ID; compare official historical register/name date before proposing any name edit
gb:SVN:ADM2:79292919B85077344195583,Smarjepke Toplice,Smarjepke Toplice,206,Šmarješke Toplice,2026-09-15T10:14:22Z,2017,79292919B85077344195583,candidate only; validate historical name and source vintage,preserve stable location ID; compare official historical register/name date before proposing any name edit
gb:SVN:ADM2:79292919B88661184998894,Sodracica,Sodracica,179,Sodražica,2026-05-04T08:56:17Z,2017,79292919B88661184998894,candidate only; validate historical name and source vintage,preserve stable location ID; compare official historical register/name date before proposing any name edit
gb:SVN:ADM2:79292919B90781452828589,Nempeter-Vrtojba,Nempeter-Vrtojba,183,Šempeter-Vrtojba,2026-09-14T10:46:25Z,2017,79292919B90781452828589,candidate only; validate historical name and source vintage,preserve stable location ID; compare official historical register/name date before proposing any name edit
gb:SVN:ADM2:79292919B92459471483438,Mengel,Mengel,72,Mengeš,2026-06-11T08:45:23Z,2017,79292919B92459471483438,candidate only; validate historical name and source vintage,preserve stable location ID; compare official historical register/name date before proposing any name edit
gb:SVN:ADM2:79292919B95549890377821,Mkofja Loka,Mkofja Loka,122,Škofja Loka,2026-09-16T09:52:14Z,2017,79292919B95549890377821,candidate only; validate historical name and source vintage,preserve stable location ID; compare official historical register/name date before proposing any name edit
gb:SVN:ADM2:79292919B98583397902155,Trsic,Trsic,131,Tržič,2026-09-08T12:32:00Z,2017,79292919B98583397902155,candidate only; validate historical name and source vintage,preserve stable location ID; compare official historical register/name date before proposing any name edit
gb:SVN:ADM2:79292919B98620751360041,Bretice,Bretice,9,Brežice,2026-09-08T09:50:38Z,2017,79292919B98620751360041,candidate only; validate historical name and source vintage,preserve stable location ID; compare official historical register/name date before proposing any name edit
gb:SVN:ADM2:79292919B99171533039052,Suremberk,Suremberk,193,Žužemberk,2025-10-02T18:06:46Z,2017,79292919B99171533039052,candidate only; validate historical name and source vintage,preserve stable location ID; compare official historical register/name date before proposing any name edit
