id,name,source_level,source_role,source_vintage,source_license,parent_id,parent_name,official_roster_name_match,child_land_share_inside_old_parent,classification,finding
gb:GAB:ADM2:22940354B11019670045233,Bayi-Brikolo,ADM2,Department (geoBoundaries metadata),2018,CC BY 3.0,framework:province:haut-ogooue:4f53426cfe1a,Haut-Ogooué,True,0.95707618,insufficient-evidence,"The 2018 source Department name and province roster entry match, but parent geometry is only screening evidence against a 2005 source ADM1; current legal boundary lineage/completeness is not independently established."
gb:GAB:ADM2:22940354B13456808053161,Lolo-Bouenguidi,ADM2,Department (geoBoundaries metadata),2018,CC BY 3.0,framework:province:ogooue-lolo:cbcc0e4ebf91,Ogooué-Lolo,True,0.960499563,insufficient-evidence,"The 2018 source Department name and province roster entry match, but parent geometry is only screening evidence against a 2005 source ADM1; current legal boundary lineage/completeness is not independently established."
gb:GAB:ADM2:22940354B15845982668686,Mvoung,ADM2,Department (geoBoundaries metadata),2018,CC BY 3.0,framework:province:ogooue-ivindo:f86169440bd3,Ogooué-Ivindo,True,0.986857902,insufficient-evidence,"The 2018 source Department name and province roster entry match, but parent geometry is only screening evidence against a 2005 source ADM1; current legal boundary lineage/completeness is not independently established."
gb:GAB:ADM2:22940354B21315660080276,Ivindo,ADM2,Department (geoBoundaries metadata),2018,CC BY 3.0,framework:province:ogooue-ivindo:f86169440bd3,Ogooué-Ivindo,True,0.967488462,insufficient-evidence,"The 2018 source Department name and province roster entry match, but parent geometry is only screening evidence against a 2005 source ADM1; current legal boundary lineage/completeness is not independently established."
gb:GAB:ADM2:22940354B21912666573849,Lèkoni-Lèkori,ADM2,Department (geoBoundaries metadata),2018,CC BY 3.0,framework:province:haut-ogooue:4f53426cfe1a,Haut-Ogooué,True,1.0,insufficient-evidence,"The 2018 source Department name and province roster entry match, but parent geometry is only screening evidence against a 2005 source ADM1; current legal boundary lineage/completeness is not independently established."
gb:GAB:ADM2:22940354B21948278538135,Djouori-Agnili,ADM2,Department (geoBoundaries metadata),2018,CC BY 3.0,framework:province:haut-ogooue:4f53426cfe1a,Haut-Ogooué,True,1.0,insufficient-evidence,"The 2018 source Department name and province roster entry match, but parent geometry is only screening evidence against a 2005 source ADM1; current legal boundary lineage/completeness is not independently established."
gb:GAB:ADM2:22940354B21970441224980,Lèbombi-Leyou,ADM2,Department (geoBoundaries metadata),2018,CC BY 3.0,framework:province:haut-ogooue:4f53426cfe1a,Haut-Ogooué,True,0.986875805,insufficient-evidence,"The 2018 source Department name and province roster entry match, but parent geometry is only screening evidence against a 2005 source ADM1; current legal boundary lineage/completeness is not independently established."
gb:GAB:ADM2:22940354B26580795617541,Offouè-Onoyè,ADM2,Department (geoBoundaries metadata),2018,CC BY 3.0,framework:province:ogooue-lolo:cbcc0e4ebf91,Ogooué-Lolo,True,0.89197866,insufficient-evidence,"The 2018 source Department name and province roster entry match, but parent geometry is only screening evidence against a 2005 source ADM1; current legal boundary lineage/completeness is not independently established."
gb:GAB:ADM2:22940354B37639469829308,Mpassa,ADM2,Department (geoBoundaries metadata),2018,CC BY 3.0,framework:province:haut-ogooue:4f53426cfe1a,Haut-Ogooué,True,0.971673412,insufficient-evidence,"The 2018 source Department name and province roster entry match, but parent geometry is only screening evidence against a 2005 source ADM1; current legal boundary lineage/completeness is not independently established."
gb:GAB:ADM2:22940354B44244492121045,Lèkoko,ADM2,Department (geoBoundaries metadata),2018,CC BY 3.0,framework:province:haut-ogooue:4f53426cfe1a,Haut-Ogooué,True,0.980101641,insufficient-evidence,"The 2018 source Department name and province roster entry match, but parent geometry is only screening evidence against a 2005 source ADM1; current legal boundary lineage/completeness is not independently established."
gb:GAB:ADM2:22940354B47016566751071,Lombo-Bouenguidi,ADM2,Department (geoBoundaries metadata),2018,CC BY 3.0,framework:province:ogooue-lolo:cbcc0e4ebf91,Ogooué-Lolo,True,0.912952012,insufficient-evidence,"The 2018 source Department name and province roster entry match, but parent geometry is only screening evidence against a 2005 source ADM1; current legal boundary lineage/completeness is not independently established."
gb:GAB:ADM2:22940354B50404497002370,Mouloundou,ADM2,Department (geoBoundaries metadata),2018,CC BY 3.0,framework:province:ogooue-lolo:cbcc0e4ebf91,Ogooué-Lolo,False,0.979350353,insufficient-evidence,The source's 2018 Department name does not match the 2018 Ministry roster under lossless accent/punctuation normalization; no authoritative dated alias or code crosswalk was found.
gb:GAB:ADM2:22940354B60180935649619,Sèbè-Brikolo,ADM2,Department (geoBoundaries metadata),2018,CC BY 3.0,framework:province:haut-ogooue:4f53426cfe1a,Haut-Ogooué,True,0.969957692,insufficient-evidence,"The 2018 source Department name and province roster entry match, but parent geometry is only screening evidence against a 2005 source ADM1; current legal boundary lineage/completeness is not independently established."
gb:GAB:ADM2:22940354B6249741247917,Plateaux,ADM2,Department (geoBoundaries metadata),2018,CC BY 3.0,framework:province:haut-ogooue:4f53426cfe1a,Haut-Ogooué,True,0.982276434,insufficient-evidence,"The 2018 source Department name and province roster entry match, but parent geometry is only screening evidence against a 2005 source ADM1; current legal boundary lineage/completeness is not independently established."
gb:GAB:ADM2:22940354B62509297980866,Djouè,ADM2,Department (geoBoundaries metadata),2018,CC BY 3.0,framework:province:haut-ogooue:4f53426cfe1a,Haut-Ogooué,True,0.971032835,insufficient-evidence,"The 2018 source Department name and province roster entry match, but parent geometry is only screening evidence against a 2005 source ADM1; current legal boundary lineage/completeness is not independently established."
gb:GAB:ADM2:22940354B86386728493807,Zadiè,ADM2,Department (geoBoundaries metadata),2018,CC BY 3.0,framework:province:ogooue-ivindo:f86169440bd3,Ogooué-Ivindo,True,0.951343633,insufficient-evidence,"The 2018 source Department name and province roster entry match, but parent geometry is only screening evidence against a 2005 source ADM1; current legal boundary lineage/completeness is not independently established."
gb:GAB:ADM2:22940354B94372756375204,Lèkabi-Lèwolo,ADM2,Department (geoBoundaries metadata),2018,CC BY 3.0,framework:province:haut-ogooue:4f53426cfe1a,Haut-Ogooué,True,1.0,insufficient-evidence,"The 2018 source Department name and province roster entry match, but parent geometry is only screening evidence against a 2005 source ADM1; current legal boundary lineage/completeness is not independently established."
gb:GAB:ADM2:22940354B97125723234680,Lopè,ADM2,Department (geoBoundaries metadata),2018,CC BY 3.0,framework:province:ogooue-ivindo:f86169440bd3,Ogooué-Ivindo,True,0.970314954,insufficient-evidence,"The 2018 source Department name and province roster entry match, but parent geometry is only screening evidence against a 2005 source ADM1; current legal boundary lineage/completeness is not independently established."
gb:GAB:ADM2:22940354B99015789882932,Ogoouè-Lètili,ADM2,Department (geoBoundaries metadata),2018,CC BY 3.0,framework:province:haut-ogooue:4f53426cfe1a,Haut-Ogooué,True,0.946282614,insufficient-evidence,"The 2018 source Department name and province roster entry match, but parent geometry is only screening evidence against a 2005 source ADM1; current legal boundary lineage/completeness is not independently established."
gb:STP:ADM1:19237168B40253326356618,São Tomé Province,ADM1,blank canonical role; metadata calls feature a named island-level local administrative territory,2017,ODbL 1.0,framework:province:sao-tome-province:4b696869dc61,São Tomé Province,,,correction-needed,"The source's 'Province' display label and the atlas one-child province parent do not represent the official current administrative roles: São Tomé is an island containing six districts, while Príncipe is an autonomous region. A geographic island grouping may still be useful, but its role/tier and same-footprint parent purpose need a sourced engineering decision."
gb:STP:ADM1:19237168B82261817076051,Príncipe Province,ADM1,blank canonical role; metadata calls feature a named island-level local administrative territory,2017,ODbL 1.0,framework:province:principe-province:c09206cf27ff,Príncipe Province,,,correction-needed,"The source's 'Province' display label and the atlas one-child province parent do not represent the official current administrative roles: São Tomé is an island containing six districts, while Príncipe is an autonomous region. A geographic island grouping may still be useful, but its role/tier and same-footprint parent purpose need a sourced engineering decision."
