record_type,area_id,area_name,area_owned_member_count,full_area_member_count,scope_companion_issues,parent_id,atlas_province_child_count,wgsrpd_code,wgsrpd_l2,wgsrpd_l4_count,wgsrpd_l4_names,atlas_to_l4_name_match,scope_note
area,framework:area:chile-central:4657b9c2c6bd,Chile Central,75,252,#444,framework:region:southern-south-america:c6bb0f01446e,31,CLC,"85,00",7,Biobío; Coquimbo; La Araucania; Maule; O'Higgins; Santiago; Valparaíso,not_equivalent_tier,"Source scale/name crosswalk only; no completeness, legal-parent or boundary finding."
area,framework:area:chile-north:dae240b20a69,Chile North,29,29,,framework:region:southern-south-america:c6bb0f01446e,10,CLN,"85,00",3,Antofagasta; Atacama; Tarapaca,not_equivalent_tier,"Source scale/name crosswalk only; no completeness, legal-parent or boundary finding."
area,framework:area:chile-south:f59e68fc819a,Chile South,62,62,,framework:region:southern-south-america:c6bb0f01446e,14,CLS,"85,00",3,Aisén; Los Lagos; Magellanes,not_equivalent_tier,"Source scale/name crosswalk only; no completeness, legal-parent or boundary finding."
area,framework:area:juan-fernandez-is:fba2727a951e,Juan Fernández Is.,1,1,,framework:region:southern-south-america:c6bb0f01446e,1,JNF,"85,00",1,Juan Fernández Is.,not_equivalent_tier,"Source scale/name crosswalk only; no completeness, legal-parent or boundary finding."
area,framework:area:paraguay:b8f36a1a90ee,Paraguay,48,243,#446,framework:region:southern-south-america:c6bb0f01446e,18,PAR,"85,00",1,Paraguay,not_equivalent_tier,"Source scale/name crosswalk only; no completeness, legal-parent or boundary finding."
parent,framework:area:chile-central:4657b9c2c6bd,Chile Central,,,,framework:province:provincia-de-elqui:c20577796ef4,6,CLC,"85,00",7,Biobío; Coquimbo; La Araucania; Maule; O'Higgins; Santiago; Valparaíso,no_exact_name_match,"Atlas parent name vs historical botanical L4 label; match/nonmatch cannot establish administrative identity, parentage or boundaries."
parent,framework:area:chile-central:4657b9c2c6bd,Chile Central,,,,framework:province:provincia-de-cachapoal:1a58bdd5b4c1,17,CLC,"85,00",7,Biobío; Coquimbo; La Araucania; Maule; O'Higgins; Santiago; Valparaíso,no_exact_name_match,"Atlas parent name vs historical botanical L4 label; match/nonmatch cannot establish administrative identity, parentage or boundaries."
parent,framework:area:chile-central:4657b9c2c6bd,Chile Central,,,,framework:province:provincia-de-chacabuco:8644f649981d,3,CLC,"85,00",7,Biobío; Coquimbo; La Araucania; Maule; O'Higgins; Santiago; Valparaíso,no_exact_name_match,"Atlas parent name vs historical botanical L4 label; match/nonmatch cannot establish administrative identity, parentage or boundaries."
parent,framework:area:chile-central:4657b9c2c6bd,Chile Central,,,,framework:province:provincia-de-san-felipe-de-aconcagua:b80f64b33467,6,CLC,"85,00",7,Biobío; Coquimbo; La Araucania; Maule; O'Higgins; Santiago; Valparaíso,no_exact_name_match,"Atlas parent name vs historical botanical L4 label; match/nonmatch cannot establish administrative identity, parentage or boundaries."
parent,framework:area:chile-central:4657b9c2c6bd,Chile Central,,,,framework:province:provincia-de-maipo:5c1de48a380e,4,CLC,"85,00",7,Biobío; Coquimbo; La Araucania; Maule; O'Higgins; Santiago; Valparaíso,no_exact_name_match,"Atlas parent name vs historical botanical L4 label; match/nonmatch cannot establish administrative identity, parentage or boundaries."
parent,framework:area:chile-central:4657b9c2c6bd,Chile Central,,,,framework:province:provincia-de-santiago:fa4b4b8baca8,32,CLC,"85,00",7,Biobío; Coquimbo; La Araucania; Maule; O'Higgins; Santiago; Valparaíso,Santiago,"Atlas parent name vs historical botanical L4 label; match/nonmatch cannot establish administrative identity, parentage or boundaries."
parent,framework:area:chile-central:4657b9c2c6bd,Chile Central,,,,framework:province:provincia-de-los-andes:358150dc4143,4,CLC,"85,00",7,Biobío; Coquimbo; La Araucania; Maule; O'Higgins; Santiago; Valparaíso,no_exact_name_match,"Atlas parent name vs historical botanical L4 label; match/nonmatch cannot establish administrative identity, parentage or boundaries."
parent,framework:area:chile-central:4657b9c2c6bd,Chile Central,,,,framework:province:provincia-de-cordillera:c89a7b0a72ee,3,CLC,"85,00",7,Biobío; Coquimbo; La Araucania; Maule; O'Higgins; Santiago; Valparaíso,no_exact_name_match,"Atlas parent name vs historical botanical L4 label; match/nonmatch cannot establish administrative identity, parentage or boundaries."
parent,framework:area:chile-north:dae240b20a69,Chile North,,,,framework:province:provincia-de-huasco:a2e6c9514df2,4,CLN,"85,00",3,Antofagasta; Atacama; Tarapaca,no_exact_name_match,"Atlas parent name vs historical botanical L4 label; match/nonmatch cannot establish administrative identity, parentage or boundaries."
parent,framework:area:chile-north:dae240b20a69,Chile North,,,,framework:province:provincia-de-copiapo:8159a8597475,3,CLN,"85,00",3,Antofagasta; Atacama; Tarapaca,no_exact_name_match,"Atlas parent name vs historical botanical L4 label; match/nonmatch cannot establish administrative identity, parentage or boundaries."
parent,framework:area:chile-north:dae240b20a69,Chile North,,,,framework:province:provincia-de-iquique:39603cca8513,2,CLN,"85,00",3,Antofagasta; Atacama; Tarapaca,no_exact_name_match,"Atlas parent name vs historical botanical L4 label; match/nonmatch cannot establish administrative identity, parentage or boundaries."
parent,framework:area:chile-north:dae240b20a69,Chile North,,,,framework:province:provincia-de-arica:bd25da30e948,2,CLN,"85,00",3,Antofagasta; Atacama; Tarapaca,no_exact_name_match,"Atlas parent name vs historical botanical L4 label; match/nonmatch cannot establish administrative identity, parentage or boundaries."
parent,framework:area:chile-north:dae240b20a69,Chile North,,,,framework:province:provincia-de-chanaral:fe0aada33322,2,CLN,"85,00",3,Antofagasta; Atacama; Tarapaca,no_exact_name_match,"Atlas parent name vs historical botanical L4 label; match/nonmatch cannot establish administrative identity, parentage or boundaries."
parent,framework:area:chile-north:dae240b20a69,Chile North,,,,framework:province:provincia-de-tocopilla:38287c654a17,2,CLN,"85,00",3,Antofagasta; Atacama; Tarapaca,no_exact_name_match,"Atlas parent name vs historical botanical L4 label; match/nonmatch cannot establish administrative identity, parentage or boundaries."
parent,framework:area:chile-north:dae240b20a69,Chile North,,,,framework:province:provincia-de-antofagasta:0ab09f2ba737,4,CLN,"85,00",3,Antofagasta; Atacama; Tarapaca,Antofagasta,"Atlas parent name vs historical botanical L4 label; match/nonmatch cannot establish administrative identity, parentage or boundaries."
parent,framework:area:chile-north:dae240b20a69,Chile North,,,,framework:province:provincia-de-parinacota:69c22170c20f,2,CLN,"85,00",3,Antofagasta; Atacama; Tarapaca,no_exact_name_match,"Atlas parent name vs historical botanical L4 label; match/nonmatch cannot establish administrative identity, parentage or boundaries."
parent,framework:area:chile-north:dae240b20a69,Chile North,,,,framework:province:provincia-del-tamarugal:2fd8da06464c,5,CLN,"85,00",3,Antofagasta; Atacama; Tarapaca,no_exact_name_match,"Atlas parent name vs historical botanical L4 label; match/nonmatch cannot establish administrative identity, parentage or boundaries."
parent,framework:area:chile-north:dae240b20a69,Chile North,,,,framework:province:provincia-de-el-loa:ed22daaf73ec,3,CLN,"85,00",3,Antofagasta; Atacama; Tarapaca,no_exact_name_match,"Atlas parent name vs historical botanical L4 label; match/nonmatch cannot establish administrative identity, parentage or boundaries."
parent,framework:area:chile-south:f59e68fc819a,Chile South,,,,framework:province:provincia-de-aysen:525d545bce93,3,CLS,"85,00",3,Aisén; Los Lagos; Magellanes,no_exact_name_match,"Atlas parent name vs historical botanical L4 label; match/nonmatch cannot establish administrative identity, parentage or boundaries."
parent,framework:area:chile-south:f59e68fc819a,Chile South,,,,framework:province:provincia-de-chiloe:f12b2e39d7d8,10,CLS,"85,00",3,Aisén; Los Lagos; Magellanes,no_exact_name_match,"Atlas parent name vs historical botanical L4 label; match/nonmatch cannot establish administrative identity, parentage or boundaries."
parent,framework:area:chile-south:f59e68fc819a,Chile South,,,,framework:province:provincia-de-capitan-prat:fa694550c133,3,CLS,"85,00",3,Aisén; Los Lagos; Magellanes,no_exact_name_match,"Atlas parent name vs historical botanical L4 label; match/nonmatch cannot establish administrative identity, parentage or boundaries."
parent,framework:area:chile-south:f59e68fc819a,Chile South,,,,framework:province:provincia-de-osorno:3fa85726d907,7,CLS,"85,00",3,Aisén; Los Lagos; Magellanes,no_exact_name_match,"Atlas parent name vs historical botanical L4 label; match/nonmatch cannot establish administrative identity, parentage or boundaries."
parent,framework:area:chile-south:f59e68fc819a,Chile South,,,,framework:province:provincia-de-ultima-esperanza:7b22f210ac68,2,CLS,"85,00",3,Aisén; Los Lagos; Magellanes,no_exact_name_match,"Atlas parent name vs historical botanical L4 label; match/nonmatch cannot establish administrative identity, parentage or boundaries."
parent,framework:area:chile-south:f59e68fc819a,Chile South,,,,framework:province:provincia-de-llanquihue:84b334e75758,9,CLS,"85,00",3,Aisén; Los Lagos; Magellanes,no_exact_name_match,"Atlas parent name vs historical botanical L4 label; match/nonmatch cannot establish administrative identity, parentage or boundaries."
parent,framework:area:chile-south:f59e68fc819a,Chile South,,,,framework:province:provincia-de-valdivia:39a58f7bac73,8,CLS,"85,00",3,Aisén; Los Lagos; Magellanes,no_exact_name_match,"Atlas parent name vs historical botanical L4 label; match/nonmatch cannot establish administrative identity, parentage or boundaries."
parent,framework:area:chile-south:f59e68fc819a,Chile South,,,,framework:province:provincia-de-ranco:23642ecd7484,4,CLS,"85,00",3,Aisén; Los Lagos; Magellanes,no_exact_name_match,"Atlas parent name vs historical botanical L4 label; match/nonmatch cannot establish administrative identity, parentage or boundaries."
parent,framework:area:chile-south:f59e68fc819a,Chile South,,,,framework:province:provincia-de-general-carrera:6cd7f9fcc4ac,2,CLS,"85,00",3,Aisén; Los Lagos; Magellanes,no_exact_name_match,"Atlas parent name vs historical botanical L4 label; match/nonmatch cannot establish administrative identity, parentage or boundaries."
parent,framework:area:chile-south:f59e68fc819a,Chile South,,,,framework:province:provincia-de-palena:edfb5526cf9c,4,CLS,"85,00",3,Aisén; Los Lagos; Magellanes,no_exact_name_match,"Atlas parent name vs historical botanical L4 label; match/nonmatch cannot establish administrative identity, parentage or boundaries."
parent,framework:area:chile-south:f59e68fc819a,Chile South,,,,framework:province:provincia-de-coyhaique:9baef6b8d4cc,2,CLS,"85,00",3,Aisén; Los Lagos; Magellanes,no_exact_name_match,"Atlas parent name vs historical botanical L4 label; match/nonmatch cannot establish administrative identity, parentage or boundaries."
parent,framework:area:chile-south:f59e68fc819a,Chile South,,,,framework:province:provincia-de-magallanes:97a4a60c5897,4,CLS,"85,00",3,Aisén; Los Lagos; Magellanes,no_exact_name_match,"Atlas parent name vs historical botanical L4 label; match/nonmatch cannot establish administrative identity, parentage or boundaries."
parent,framework:area:chile-south:f59e68fc819a,Chile South,,,,framework:province:provincia-de-la-antartica-chilena:54037f6b3197,1,CLS,"85,00",3,Aisén; Los Lagos; Magellanes,no_exact_name_match,"Atlas parent name vs historical botanical L4 label; match/nonmatch cannot establish administrative identity, parentage or boundaries."
parent,framework:area:chile-south:f59e68fc819a,Chile South,,,,framework:province:provincia-de-tierra-del-fuego:a9fef902738c,3,CLS,"85,00",3,Aisén; Los Lagos; Magellanes,no_exact_name_match,"Atlas parent name vs historical botanical L4 label; match/nonmatch cannot establish administrative identity, parentage or boundaries."
parent,framework:area:juan-fernandez-is:fba2727a951e,Juan Fernández Is.,,,,framework:province:provincia-de-valparaiso:1556db69a421,1,JNF,"85,00",1,Juan Fernández Is.,no_exact_name_match,"Atlas parent name vs historical botanical L4 label; match/nonmatch cannot establish administrative identity, parentage or boundaries."
parent,framework:area:paraguay:b8f36a1a90ee,Paraguay,,,,framework:province:boqueron:36a3b944f331,3,PAR,"85,00",1,Paraguay,no_exact_name_match,"Atlas parent name vs historical botanical L4 label; match/nonmatch cannot establish administrative identity, parentage or boundaries."
parent,framework:area:paraguay:b8f36a1a90ee,Paraguay,,,,framework:province:alto-paraguay:f581933c106e,4,PAR,"85,00",1,Paraguay,no_exact_name_match,"Atlas parent name vs historical botanical L4 label; match/nonmatch cannot establish administrative identity, parentage or boundaries."
parent,framework:area:paraguay:b8f36a1a90ee,Paraguay,,,,framework:province:presidente-hayes:49bc9023041b,8,PAR,"85,00",1,Paraguay,no_exact_name_match,"Atlas parent name vs historical botanical L4 label; match/nonmatch cannot establish administrative identity, parentage or boundaries."
parent,framework:area:paraguay:b8f36a1a90ee,Paraguay,,,,framework:province:neembucu:38570c4a9dad,16,PAR,"85,00",1,Paraguay,no_exact_name_match,"Atlas parent name vs historical botanical L4 label; match/nonmatch cannot establish administrative identity, parentage or boundaries."
parent,framework:area:paraguay:b8f36a1a90ee,Paraguay,,,,framework:province:asuncion:5f1c1189a91b,1,PAR,"85,00",1,Paraguay,no_exact_name_match,"Atlas parent name vs historical botanical L4 label; match/nonmatch cannot establish administrative identity, parentage or boundaries."
parent,framework:area:paraguay:b8f36a1a90ee,Paraguay,,,,framework:province:central:ab6cd1e1166f,16,PAR,"85,00",1,Paraguay,no_exact_name_match,"Atlas parent name vs historical botanical L4 label; match/nonmatch cannot establish administrative identity, parentage or boundaries."
