province_id,province_name,full_scope_location_count,partial_province,scoped_location_ids,classification,individual_review,required_follow_up
framework:province:provincia-de-elqui:c20577796ef4,Provincia de Elqui,6,False,gb:CHL:ADM3:31580391B34726464425967;gb:CHL:ADM3:31580391B3811800507492;gb:CHL:ADM3:31580391B75172292816953;gb:CHL:ADM3:31580391B7674701645834;gb:CHL:ADM3:31580391B79728435947549;gb:CHL:ADM3:31580391B88956171884587,insufficient-evidence,"Scoped children map one-to-one by shapeID/name to 2020 geoBoundaries; official 2023 SUBDERE polygon source identified but could not be extracted or rights-cleared. Parent legal limits, completeness and every commune edge remain unverified.","Obtain legally authorized current parent/child roster and redistributable geometry; verify all children, parent boundary and adjacent-unit edges, then document justified/correction-needed conclusions."
framework:province:provincia-de-cachapoal:1a58bdd5b4c1,Provincia de Cachapoal,17,False,gb:CHL:ADM3:31580391B16287760329596;gb:CHL:ADM3:31580391B24538840197761;gb:CHL:ADM3:31580391B25014857799049;gb:CHL:ADM3:31580391B37313242648898;gb:CHL:ADM3:31580391B39509026168252;gb:CHL:ADM3:31580391B45394305822259;gb:CHL:ADM3:31580391B4979702353558;gb:CHL:ADM3:31580391B63995213395764;gb:CHL:ADM3:31580391B75129966173474;gb:CHL:ADM3:31580391B79874922065351;gb:CHL:ADM3:31580391B84239010606499;gb:CHL:ADM3:31580391B85533839701783;gb:CHL:ADM3:31580391B86917433937838;gb:CHL:ADM3:31580391B86931218507115;gb:CHL:ADM3:31580391B8715492284201;gb:CHL:ADM3:31580391B92061396410742;gb:CHL:ADM3:31580391B98477687116493,insufficient-evidence,"Scoped children map one-to-one by shapeID/name to 2020 geoBoundaries; official 2023 SUBDERE polygon source identified but could not be extracted or rights-cleared. Parent legal limits, completeness and every commune edge remain unverified.","Obtain legally authorized current parent/child roster and redistributable geometry; verify all children, parent boundary and adjacent-unit edges, then document justified/correction-needed conclusions."
framework:province:provincia-de-chacabuco:8644f649981d,Provincia de Chacabuco,3,False,gb:CHL:ADM3:31580391B54842462376014;gb:CHL:ADM3:31580391B73601844049871;gb:CHL:ADM3:31580391B74302481356480,insufficient-evidence,"Scoped children map one-to-one by shapeID/name to 2020 geoBoundaries; official 2023 SUBDERE polygon source identified but could not be extracted or rights-cleared. Parent legal limits, completeness and every commune edge remain unverified.","Obtain legally authorized current parent/child roster and redistributable geometry; verify all children, parent boundary and adjacent-unit edges, then document justified/correction-needed conclusions."
framework:province:provincia-de-san-felipe-de-aconcagua:b80f64b33467,Provincia de San Felipe de Aconcagua,6,False,gb:CHL:ADM3:31580391B14657055065495;gb:CHL:ADM3:31580391B34010203023342;gb:CHL:ADM3:31580391B60367822428643;gb:CHL:ADM3:31580391B62725680971713;gb:CHL:ADM3:31580391B7751000529293;gb:CHL:ADM3:31580391B9464511553154,insufficient-evidence,"Scoped children map one-to-one by shapeID/name to 2020 geoBoundaries; official 2023 SUBDERE polygon source identified but could not be extracted or rights-cleared. Parent legal limits, completeness and every commune edge remain unverified.","Obtain legally authorized current parent/child roster and redistributable geometry; verify all children, parent boundary and adjacent-unit edges, then document justified/correction-needed conclusions."
framework:province:provincia-de-maipo:5c1de48a380e,Provincia de Maipo,4,False,gb:CHL:ADM3:31580391B1737108115017;gb:CHL:ADM3:31580391B18247129618874;gb:CHL:ADM3:31580391B21147601031988;gb:CHL:ADM3:31580391B83492364018828,insufficient-evidence,"Scoped children map one-to-one by shapeID/name to 2020 geoBoundaries; official 2023 SUBDERE polygon source identified but could not be extracted or rights-cleared. Parent legal limits, completeness and every commune edge remain unverified.","Obtain legally authorized current parent/child roster and redistributable geometry; verify all children, parent boundary and adjacent-unit edges, then document justified/correction-needed conclusions."
framework:province:provincia-de-santiago:fa4b4b8baca8,Provincia de Santiago,32,False,gb:CHL:ADM3:31580391B16312294796125;gb:CHL:ADM3:31580391B16776746231466;gb:CHL:ADM3:31580391B20234968505516;gb:CHL:ADM3:31580391B20253935546381;gb:CHL:ADM3:31580391B29877596026205;gb:CHL:ADM3:31580391B30105740387181;gb:CHL:ADM3:31580391B31899948739001;gb:CHL:ADM3:31580391B32014603083922;gb:CHL:ADM3:31580391B36538579898586;gb:CHL:ADM3:31580391B39616453759581;gb:CHL:ADM3:31580391B39902805409744;gb:CHL:ADM3:31580391B42295611215123;gb:CHL:ADM3:31580391B45879249461091;gb:CHL:ADM3:31580391B5292255055119;gb:CHL:ADM3:31580391B54255694075203;gb:CHL:ADM3:31580391B56777636401083;gb:CHL:ADM3:31580391B57152254375369;gb:CHL:ADM3:31580391B6088277903523;gb:CHL:ADM3:31580391B61733069646330;gb:CHL:ADM3:31580391B67871198178279;gb:CHL:ADM3:31580391B68594600356064;gb:CHL:ADM3:31580391B69208313187276;gb:CHL:ADM3:31580391B74270597548549;gb:CHL:ADM3:31580391B7497461884357;gb:CHL:ADM3:31580391B79402141795326;gb:CHL:ADM3:31580391B79880685307186;gb:CHL:ADM3:31580391B80757598530871;gb:CHL:ADM3:31580391B86030802741485;gb:CHL:ADM3:31580391B86167013469223;gb:CHL:ADM3:31580391B95143676071953;gb:CHL:ADM3:31580391B95168081259880;gb:CHL:ADM3:31580391B97492234005028,insufficient-evidence,"Scoped children map one-to-one by shapeID/name to 2020 geoBoundaries; official 2023 SUBDERE polygon source identified but could not be extracted or rights-cleared. Parent legal limits, completeness and every commune edge remain unverified.","Obtain legally authorized current parent/child roster and redistributable geometry; verify all children, parent boundary and adjacent-unit edges, then document justified/correction-needed conclusions."
framework:province:provincia-de-los-andes:358150dc4143,Provincia de Los Andes,4,False,gb:CHL:ADM3:31580391B46704720588942;gb:CHL:ADM3:31580391B50856275233909;gb:CHL:ADM3:31580391B81746292667458;gb:CHL:ADM3:31580391B86476010007881,insufficient-evidence,"Scoped children map one-to-one by shapeID/name to 2020 geoBoundaries; official 2023 SUBDERE polygon source identified but could not be extracted or rights-cleared. Parent legal limits, completeness and every commune edge remain unverified.","Obtain legally authorized current parent/child roster and redistributable geometry; verify all children, parent boundary and adjacent-unit edges, then document justified/correction-needed conclusions."
framework:province:provincia-de-cordillera:c89a7b0a72ee,Provincia de Cordillera,3,False,gb:CHL:ADM3:31580391B26254927650389;gb:CHL:ADM3:31580391B37440353370461;gb:CHL:ADM3:31580391B58927276287382,insufficient-evidence,"Scoped children map one-to-one by shapeID/name to 2020 geoBoundaries; official 2023 SUBDERE polygon source identified but could not be extracted or rights-cleared. Parent legal limits, completeness and every commune edge remain unverified.","Obtain legally authorized current parent/child roster and redistributable geometry; verify all children, parent boundary and adjacent-unit edges, then document justified/correction-needed conclusions."
framework:province:provincia-de-huasco:a2e6c9514df2,Provincia de Huasco,4,False,gb:CHL:ADM3:31580391B35749130566987;gb:CHL:ADM3:31580391B72689200796248;gb:CHL:ADM3:31580391B9180394653649;gb:CHL:ADM3:31580391B95482152650096,insufficient-evidence,"Scoped children map one-to-one by shapeID/name to 2020 geoBoundaries; official 2023 SUBDERE polygon source identified but could not be extracted or rights-cleared. Parent legal limits, completeness and every commune edge remain unverified.","Obtain legally authorized current parent/child roster and redistributable geometry; verify all children, parent boundary and adjacent-unit edges, then document justified/correction-needed conclusions."
framework:province:provincia-de-copiapo:8159a8597475,Provincia de Copiapó,3,False,gb:CHL:ADM3:31580391B517801523389;gb:CHL:ADM3:31580391B56581654768327;gb:CHL:ADM3:31580391B68394503878013,insufficient-evidence,"Scoped children map one-to-one by shapeID/name to 2020 geoBoundaries; official 2023 SUBDERE polygon source identified but could not be extracted or rights-cleared. Parent legal limits, completeness and every commune edge remain unverified.","Obtain legally authorized current parent/child roster and redistributable geometry; verify all children, parent boundary and adjacent-unit edges, then document justified/correction-needed conclusions."
framework:province:provincia-de-iquique:39603cca8513,Provincia de Iquique,2,False,gb:CHL:ADM3:31580391B24417758362002;gb:CHL:ADM3:31580391B51872287301832,insufficient-evidence,"Scoped children map one-to-one by shapeID/name to 2020 geoBoundaries; official 2023 SUBDERE polygon source identified but could not be extracted or rights-cleared. Parent legal limits, completeness and every commune edge remain unverified.","Obtain legally authorized current parent/child roster and redistributable geometry; verify all children, parent boundary and adjacent-unit edges, then document justified/correction-needed conclusions."
framework:province:provincia-de-arica:bd25da30e948,Provincia de Arica,2,False,gb:CHL:ADM3:31580391B64686819718964;gb:CHL:ADM3:31580391B95865474454532,insufficient-evidence,"Scoped children map one-to-one by shapeID/name to 2020 geoBoundaries; official 2023 SUBDERE polygon source identified but could not be extracted or rights-cleared. Parent legal limits, completeness and every commune edge remain unverified.","Obtain legally authorized current parent/child roster and redistributable geometry; verify all children, parent boundary and adjacent-unit edges, then document justified/correction-needed conclusions."
framework:province:provincia-de-chanaral:fe0aada33322,Provincia de Chañaral,2,False,gb:CHL:ADM3:31580391B80208036778055;gb:CHL:ADM3:31580391B81614613738603,insufficient-evidence,"Scoped children map one-to-one by shapeID/name to 2020 geoBoundaries; official 2023 SUBDERE polygon source identified but could not be extracted or rights-cleared. Parent legal limits, completeness and every commune edge remain unverified.","Obtain legally authorized current parent/child roster and redistributable geometry; verify all children, parent boundary and adjacent-unit edges, then document justified/correction-needed conclusions."
framework:province:provincia-de-tocopilla:38287c654a17,Provincia de Tocopilla,2,False,gb:CHL:ADM3:31580391B23115834252062;gb:CHL:ADM3:31580391B33006615985282,insufficient-evidence,"Scoped children map one-to-one by shapeID/name to 2020 geoBoundaries; official 2023 SUBDERE polygon source identified but could not be extracted or rights-cleared. Parent legal limits, completeness and every commune edge remain unverified.","Obtain legally authorized current parent/child roster and redistributable geometry; verify all children, parent boundary and adjacent-unit edges, then document justified/correction-needed conclusions."
framework:province:provincia-de-antofagasta:0ab09f2ba737,Provincia de Antofagasta,4,False,gb:CHL:ADM3:31580391B13583394574689;gb:CHL:ADM3:31580391B45677036257542;gb:CHL:ADM3:31580391B49278946238747;gb:CHL:ADM3:31580391B88428293585564,insufficient-evidence,"Scoped children map one-to-one by shapeID/name to 2020 geoBoundaries; official 2023 SUBDERE polygon source identified but could not be extracted or rights-cleared. Parent legal limits, completeness and every commune edge remain unverified.","Obtain legally authorized current parent/child roster and redistributable geometry; verify all children, parent boundary and adjacent-unit edges, then document justified/correction-needed conclusions."
framework:province:provincia-de-parinacota:69c22170c20f,Provincia de Parinacota,2,False,gb:CHL:ADM3:31580391B17516141931920;gb:CHL:ADM3:31580391B29601674474460,insufficient-evidence,"Scoped children map one-to-one by shapeID/name to 2020 geoBoundaries; official 2023 SUBDERE polygon source identified but could not be extracted or rights-cleared. Parent legal limits, completeness and every commune edge remain unverified.","Obtain legally authorized current parent/child roster and redistributable geometry; verify all children, parent boundary and adjacent-unit edges, then document justified/correction-needed conclusions."
framework:province:provincia-del-tamarugal:2fd8da06464c,Provincia del Tamarugal,5,False,gb:CHL:ADM3:31580391B11476037248109;gb:CHL:ADM3:31580391B1904763449838;gb:CHL:ADM3:31580391B51685391096737;gb:CHL:ADM3:31580391B53353244523422;gb:CHL:ADM3:31580391B91621176177599,insufficient-evidence,"Scoped children map one-to-one by shapeID/name to 2020 geoBoundaries; official 2023 SUBDERE polygon source identified but could not be extracted or rights-cleared. Parent legal limits, completeness and every commune edge remain unverified.","Obtain legally authorized current parent/child roster and redistributable geometry; verify all children, parent boundary and adjacent-unit edges, then document justified/correction-needed conclusions."
framework:province:provincia-de-el-loa:ed22daaf73ec,Provincia de El Loa,3,False,gb:CHL:ADM3:31580391B28886517546216;gb:CHL:ADM3:31580391B47319089706859;gb:CHL:ADM3:31580391B51853434136338,insufficient-evidence,"Scoped children map one-to-one by shapeID/name to 2020 geoBoundaries; official 2023 SUBDERE polygon source identified but could not be extracted or rights-cleared. Parent legal limits, completeness and every commune edge remain unverified.","Obtain legally authorized current parent/child roster and redistributable geometry; verify all children, parent boundary and adjacent-unit edges, then document justified/correction-needed conclusions."
framework:province:provincia-de-aysen:525d545bce93,Provincia de Aysén,3,False,gb:CHL:ADM3:31580391B25445680924192;gb:CHL:ADM3:31580391B31116083585510;gb:CHL:ADM3:31580391B38314507677764,insufficient-evidence,"Scoped children map one-to-one by shapeID/name to 2020 geoBoundaries; official 2023 SUBDERE polygon source identified but could not be extracted or rights-cleared. Parent legal limits, completeness and every commune edge remain unverified.","Obtain legally authorized current parent/child roster and redistributable geometry; verify all children, parent boundary and adjacent-unit edges, then document justified/correction-needed conclusions."
framework:province:provincia-de-chiloe:f12b2e39d7d8,Provincia de Chiloé,10,False,gb:CHL:ADM3:31580391B10529430884395;gb:CHL:ADM3:31580391B19608003332303;gb:CHL:ADM3:31580391B21345235865978;gb:CHL:ADM3:31580391B626536000946;gb:CHL:ADM3:31580391B86648787376177;gb:CHL:ADM3:31580391B86809383773766;gb:CHL:ADM3:31580391B96800266009932;gb:CHL:ADM3:31580391B96879426416605;gb:CHL:ADM3:31580391B97524572804690;gb:CHL:ADM3:31580391B97832823017356,insufficient-evidence,"Scoped children map one-to-one by shapeID/name to 2020 geoBoundaries; official 2023 SUBDERE polygon source identified but could not be extracted or rights-cleared. Parent legal limits, completeness and every commune edge remain unverified.","Obtain legally authorized current parent/child roster and redistributable geometry; verify all children, parent boundary and adjacent-unit edges, then document justified/correction-needed conclusions."
framework:province:provincia-de-capitan-prat:fa694550c133,Provincia de Capitán Prat,3,False,gb:CHL:ADM3:31580391B36216303545368;gb:CHL:ADM3:31580391B52503329212096;gb:CHL:ADM3:31580391B64264256248068,insufficient-evidence,"Scoped children map one-to-one by shapeID/name to 2020 geoBoundaries; official 2023 SUBDERE polygon source identified but could not be extracted or rights-cleared. Parent legal limits, completeness and every commune edge remain unverified.","Obtain legally authorized current parent/child roster and redistributable geometry; verify all children, parent boundary and adjacent-unit edges, then document justified/correction-needed conclusions."
framework:province:provincia-de-osorno:3fa85726d907,Provincia de Osorno,7,False,gb:CHL:ADM3:31580391B35608134604095;gb:CHL:ADM3:31580391B46254298668209;gb:CHL:ADM3:31580391B50711333358760;gb:CHL:ADM3:31580391B68672208187210;gb:CHL:ADM3:31580391B76641681476048;gb:CHL:ADM3:31580391B87301119007681;gb:CHL:ADM3:31580391B88394411656952,insufficient-evidence,"Scoped children map one-to-one by shapeID/name to 2020 geoBoundaries; official 2023 SUBDERE polygon source identified but could not be extracted or rights-cleared. Parent legal limits, completeness and every commune edge remain unverified.","Obtain legally authorized current parent/child roster and redistributable geometry; verify all children, parent boundary and adjacent-unit edges, then document justified/correction-needed conclusions."
framework:province:provincia-de-ultima-esperanza:7b22f210ac68,Provincia de Última Esperanza,2,False,gb:CHL:ADM3:31580391B25021854607078;gb:CHL:ADM3:31580391B37206008199329,insufficient-evidence,"Scoped children map one-to-one by shapeID/name to 2020 geoBoundaries; official 2023 SUBDERE polygon source identified but could not be extracted or rights-cleared. Parent legal limits, completeness and every commune edge remain unverified.","Obtain legally authorized current parent/child roster and redistributable geometry; verify all children, parent boundary and adjacent-unit edges, then document justified/correction-needed conclusions."
framework:province:provincia-de-llanquihue:84b334e75758,Provincia de Llanquihue,9,False,gb:CHL:ADM3:31580391B26030551478673;gb:CHL:ADM3:31580391B59120105101978;gb:CHL:ADM3:31580391B74995401428721;gb:CHL:ADM3:31580391B75419072749083;gb:CHL:ADM3:31580391B75938243188929;gb:CHL:ADM3:31580391B76960234207747;gb:CHL:ADM3:31580391B79566277846707;gb:CHL:ADM3:31580391B86756900370534;gb:CHL:ADM3:31580391B87808276298486,insufficient-evidence,"Scoped children map one-to-one by shapeID/name to 2020 geoBoundaries; official 2023 SUBDERE polygon source identified but could not be extracted or rights-cleared. Parent legal limits, completeness and every commune edge remain unverified.","Obtain legally authorized current parent/child roster and redistributable geometry; verify all children, parent boundary and adjacent-unit edges, then document justified/correction-needed conclusions."
framework:province:provincia-de-valdivia:39a58f7bac73,Provincia de Valdivia,8,False,gb:CHL:ADM3:31580391B23161891747404;gb:CHL:ADM3:31580391B26682446129827;gb:CHL:ADM3:31580391B27424541974317;gb:CHL:ADM3:31580391B45462934251867;gb:CHL:ADM3:31580391B51180961694982;gb:CHL:ADM3:31580391B55966190254454;gb:CHL:ADM3:31580391B6992418782250;gb:CHL:ADM3:31580391B87887428491601,insufficient-evidence,"Scoped children map one-to-one by shapeID/name to 2020 geoBoundaries; official 2023 SUBDERE polygon source identified but could not be extracted or rights-cleared. Parent legal limits, completeness and every commune edge remain unverified.","Obtain legally authorized current parent/child roster and redistributable geometry; verify all children, parent boundary and adjacent-unit edges, then document justified/correction-needed conclusions."
framework:province:provincia-de-ranco:23642ecd7484,Provincia de Ranco,4,False,gb:CHL:ADM3:31580391B26603680019364;gb:CHL:ADM3:31580391B32282799712782;gb:CHL:ADM3:31580391B35950065140274;gb:CHL:ADM3:31580391B71710685782349,insufficient-evidence,"Scoped children map one-to-one by shapeID/name to 2020 geoBoundaries; official 2023 SUBDERE polygon source identified but could not be extracted or rights-cleared. Parent legal limits, completeness and every commune edge remain unverified.","Obtain legally authorized current parent/child roster and redistributable geometry; verify all children, parent boundary and adjacent-unit edges, then document justified/correction-needed conclusions."
framework:province:provincia-de-general-carrera:6cd7f9fcc4ac,Provincia de General Carrera,2,False,gb:CHL:ADM3:31580391B21213947843857;gb:CHL:ADM3:31580391B47577742989715,insufficient-evidence,"Scoped children map one-to-one by shapeID/name to 2020 geoBoundaries; official 2023 SUBDERE polygon source identified but could not be extracted or rights-cleared. Parent legal limits, completeness and every commune edge remain unverified.","Obtain legally authorized current parent/child roster and redistributable geometry; verify all children, parent boundary and adjacent-unit edges, then document justified/correction-needed conclusions."
framework:province:provincia-de-palena:edfb5526cf9c,Provincia de Palena,4,False,gb:CHL:ADM3:31580391B46058913461950;gb:CHL:ADM3:31580391B57791198662521;gb:CHL:ADM3:31580391B96087672142878;gb:CHL:ADM3:31580391B98082003034839,insufficient-evidence,"Scoped children map one-to-one by shapeID/name to 2020 geoBoundaries; official 2023 SUBDERE polygon source identified but could not be extracted or rights-cleared. Parent legal limits, completeness and every commune edge remain unverified.","Obtain legally authorized current parent/child roster and redistributable geometry; verify all children, parent boundary and adjacent-unit edges, then document justified/correction-needed conclusions."
framework:province:provincia-de-coyhaique:9baef6b8d4cc,Provincia de Coyhaique,2,False,gb:CHL:ADM3:31580391B1368067434005;gb:CHL:ADM3:31580391B39895407148935,insufficient-evidence,"Scoped children map one-to-one by shapeID/name to 2020 geoBoundaries; official 2023 SUBDERE polygon source identified but could not be extracted or rights-cleared. Parent legal limits, completeness and every commune edge remain unverified.","Obtain legally authorized current parent/child roster and redistributable geometry; verify all children, parent boundary and adjacent-unit edges, then document justified/correction-needed conclusions."
framework:province:provincia-de-magallanes:97a4a60c5897,Provincia de Magallanes,4,False,gb:CHL:ADM3:31580391B31396080073247;gb:CHL:ADM3:31580391B3449113779888;gb:CHL:ADM3:31580391B58608740571249;gb:CHL:ADM3:31580391B81196991632,insufficient-evidence,"Scoped children map one-to-one by shapeID/name to 2020 geoBoundaries; official 2023 SUBDERE polygon source identified but could not be extracted or rights-cleared. Parent legal limits, completeness and every commune edge remain unverified.","Obtain legally authorized current parent/child roster and redistributable geometry; verify all children, parent boundary and adjacent-unit edges, then document justified/correction-needed conclusions."
framework:province:provincia-de-la-antartica-chilena:54037f6b3197,Provincia de la Antártica Chilena,1,False,gb:CHL:ADM3:31580391B47132724763017,insufficient-evidence,"Scoped children map one-to-one by shapeID/name to 2020 geoBoundaries; official 2023 SUBDERE polygon source identified but could not be extracted or rights-cleared. Parent legal limits, completeness and every commune edge remain unverified.","Obtain legally authorized current parent/child roster and redistributable geometry; verify all children, parent boundary and adjacent-unit edges, then document justified/correction-needed conclusions."
framework:province:provincia-de-tierra-del-fuego:a9fef902738c,Provincia de Tierra del Fuego,3,False,gb:CHL:ADM3:31580391B12903588172382;gb:CHL:ADM3:31580391B24908365261115;gb:CHL:ADM3:31580391B43226139928092,insufficient-evidence,"Scoped children map one-to-one by shapeID/name to 2020 geoBoundaries; official 2023 SUBDERE polygon source identified but could not be extracted or rights-cleared. Parent legal limits, completeness and every commune edge remain unverified.","Obtain legally authorized current parent/child roster and redistributable geometry; verify all children, parent boundary and adjacent-unit edges, then document justified/correction-needed conclusions."
framework:province:provincia-de-valparaiso:1556db69a421,Provincia de Valparaíso,1,False,gb:CHL:ADM3:31580391B64836371657473,insufficient-evidence,"Scoped children map one-to-one by shapeID/name to 2020 geoBoundaries; official 2023 SUBDERE polygon source identified but could not be extracted or rights-cleared. Parent legal limits, completeness and every commune edge remain unverified.","Obtain legally authorized current parent/child roster and redistributable geometry; verify all children, parent boundary and adjacent-unit edges, then document justified/correction-needed conclusions."
framework:province:boqueron:36a3b944f331,BOQUERÓN,3,False,gb:PRY:ADM2:47425931B26005780695530;gb:PRY:ADM2:47425931B89191859634930;gb:PRY:ADM2:47425931B94838681343765,insufficient-evidence,All scoped parent-child names/IDs were cross-referenced against 2012 geoBoundaries source and 2022 INE statistical roster. Cadastre study establishes unresolved legal delimitation (see country/dept-specific unit notes in crosswalk); province polygon and full neighboring consistency unverified.,"Obtain legally authorized current parent/child roster and redistributable geometry; verify all children, parent boundary and adjacent-unit edges, then document justified/correction-needed conclusions."
framework:province:alto-paraguay:f581933c106e,ALTO PARAGUAY,4,False,gb:PRY:ADM2:47425931B25078680836288;gb:PRY:ADM2:47425931B35476910232021;gb:PRY:ADM2:47425931B84408781125046;gb:PRY:ADM2:47425931B9722261120940,insufficient-evidence,All scoped parent-child names/IDs were cross-referenced against 2012 geoBoundaries source and 2022 INE statistical roster. Cadastre study establishes unresolved legal delimitation (see country/dept-specific unit notes in crosswalk); province polygon and full neighboring consistency unverified.,"Obtain legally authorized current parent/child roster and redistributable geometry; verify all children, parent boundary and adjacent-unit edges, then document justified/correction-needed conclusions."
framework:province:presidente-hayes:49bc9023041b,PRESIDENTE HAYES,8,False,gb:PRY:ADM2:47425931B16201959329223;gb:PRY:ADM2:47425931B42264815177972;gb:PRY:ADM2:47425931B43221842999646;gb:PRY:ADM2:47425931B58095809951185;gb:PRY:ADM2:47425931B60341753182291;gb:PRY:ADM2:47425931B72894192936650;gb:PRY:ADM2:47425931B85611692874371;gb:PRY:ADM2:47425931B98680052715157,insufficient-evidence,All scoped parent-child names/IDs were cross-referenced against 2012 geoBoundaries source and 2022 INE statistical roster. Cadastre study establishes unresolved legal delimitation (see country/dept-specific unit notes in crosswalk); province polygon and full neighboring consistency unverified.,"Obtain legally authorized current parent/child roster and redistributable geometry; verify all children, parent boundary and adjacent-unit edges, then document justified/correction-needed conclusions."
framework:province:neembucu:38570c4a9dad,ÑEEMBUCÚ,16,False,gb:PRY:ADM2:47425931B14797011029950;gb:PRY:ADM2:47425931B21142118117367;gb:PRY:ADM2:47425931B31933517313962;gb:PRY:ADM2:47425931B33852864254301;gb:PRY:ADM2:47425931B41451977713324;gb:PRY:ADM2:47425931B45653423990895;gb:PRY:ADM2:47425931B49841351885195;gb:PRY:ADM2:47425931B61040156603066;gb:PRY:ADM2:47425931B62913618352400;gb:PRY:ADM2:47425931B65534900525854;gb:PRY:ADM2:47425931B6717993317674;gb:PRY:ADM2:47425931B68930804777572;gb:PRY:ADM2:47425931B69422984222201;gb:PRY:ADM2:47425931B73623552020207;gb:PRY:ADM2:47425931B93456312703363;gb:PRY:ADM2:47425931B93590483076249,insufficient-evidence,All scoped parent-child names/IDs were cross-referenced against 2012 geoBoundaries source and 2022 INE statistical roster. Cadastre study establishes unresolved legal delimitation (see country/dept-specific unit notes in crosswalk); province polygon and full neighboring consistency unverified.,"Obtain legally authorized current parent/child roster and redistributable geometry; verify all children, parent boundary and adjacent-unit edges, then document justified/correction-needed conclusions."
framework:province:asuncion:5f1c1189a91b,Asunción,1,False,atlas:city:PRY-4837,insufficient-evidence,All scoped parent-child names/IDs were cross-referenced against 2012 geoBoundaries source and 2022 INE statistical roster. Cadastre study establishes unresolved legal delimitation (see country/dept-specific unit notes in crosswalk); province polygon and full neighboring consistency unverified.,"Obtain legally authorized current parent/child roster and redistributable geometry; verify all children, parent boundary and adjacent-unit edges, then document justified/correction-needed conclusions."
framework:province:central:ab6cd1e1166f,CENTRAL,16,False,gb:PRY:ADM2:47425931B10108460675613;gb:PRY:ADM2:47425931B16986362649925;gb:PRY:ADM2:47425931B18921914604638;gb:PRY:ADM2:47425931B23553271998065;gb:PRY:ADM2:47425931B39490307858483;gb:PRY:ADM2:47425931B40847834137770;gb:PRY:ADM2:47425931B50668499022522;gb:PRY:ADM2:47425931B53869937317029;gb:PRY:ADM2:47425931B59590750807460;gb:PRY:ADM2:47425931B60424429305218;gb:PRY:ADM2:47425931B65990443512434;gb:PRY:ADM2:47425931B6791761944562;gb:PRY:ADM2:47425931B8511715364309;gb:PRY:ADM2:47425931B85980467085082;gb:PRY:ADM2:47425931B87893072435783;gb:PRY:ADM2:47425931B95815374080744,insufficient-evidence,All scoped parent-child names/IDs were cross-referenced against 2012 geoBoundaries source and 2022 INE statistical roster. Cadastre study establishes unresolved legal delimitation (see country/dept-specific unit notes in crosswalk); province polygon and full neighboring consistency unverified.,"Obtain legally authorized current parent/child roster and redistributable geometry; verify all children, parent boundary and adjacent-unit edges, then document justified/correction-needed conclusions."
