location_id,atlas_name,atlas_parent_id,province_name,retained_source_shapeID,retained_source_name,source_shapeGroup,source_geometry_type,source_polygon_component_count,source_role_vintage_license,official_roster_source,roster_join,classification,reason,recommendation
gb:TUR:ADM2:54988432B11506112394599,Şemdinli,framework:province:hakkari:45bd46f77b6f,Hakkâri,54988432B11506112394599,Şemdinli,TUR,Polygon,1,geoBoundaries TUR ADM2; metadata says Districts; 2021; ODbL 1.0,Hakkâri Valiliği İlçelerimiz and official notices,official roster match,insufficient-evidence,"District role and parent roster membership are supported; current authoritative boundary, legal crosswalk, complete source population, and district-vs-city territorial semantics are not established.","Preserve identity and parent; do not replace geometry. Obtain lawful authoritative versioned district boundary and official identity crosswalk, then compare source coverage, edge topology, urban subdivision and neighboring level."
gb:TUR:ADM2:54988432B12859589940172,Muradiye,framework:province:van:f871881e462f,Van,54988432B12859589940172,Muradiye,TUR,Polygon,1,geoBoundaries TUR ADM2; metadata says Districts; 2021; ODbL 1.0,Van Valiliği Yöneticilerimiz,official roster match,insufficient-evidence,"District role and parent roster membership are supported; current authoritative boundary, legal crosswalk, complete source population, and district-vs-city territorial semantics are not established.","Preserve identity and parent; do not replace geometry. Obtain lawful authoritative versioned district boundary and official identity crosswalk, then compare source coverage, edge topology, urban subdivision and neighboring level."
gb:TUR:ADM2:54988432B27415936221667,Aralık,framework:province:igdr:1542a52eac4f,Iğdır,54988432B27415936221667,Aralık,TUR,Polygon,1,geoBoundaries TUR ADM2; metadata says Districts; 2021; ODbL 1.0,Iğdır Valiliği İlçeleri,official roster match,insufficient-evidence,"District role and parent roster membership are supported; current authoritative boundary, legal crosswalk, complete source population, and district-vs-city territorial semantics are not established.","Preserve identity and parent; do not replace geometry. Obtain lawful authoritative versioned district boundary and official identity crosswalk, then compare source coverage, edge topology, urban subdivision and neighboring level."
gb:TUR:ADM2:54988432B29564092922191,Çukurca,framework:province:hakkari:45bd46f77b6f,Hakkâri,54988432B29564092922191,Çukurca,TUR,Polygon,1,geoBoundaries TUR ADM2; metadata says Districts; 2021; ODbL 1.0,Hakkâri Valiliği İlçelerimiz and official notices,official roster match,insufficient-evidence,"District role and parent roster membership are supported; current authoritative boundary, legal crosswalk, complete source population, and district-vs-city territorial semantics are not established.","Preserve identity and parent; do not replace geometry. Obtain lawful authoritative versioned district boundary and official identity crosswalk, then compare source coverage, edge topology, urban subdivision and neighboring level."
gb:TUR:ADM2:54988432B35038871298949,Edremit,framework:province:van:f871881e462f,Van,54988432B35038871298949,Edremit,TUR,Polygon,1,geoBoundaries TUR ADM2; metadata says Districts; 2021; ODbL 1.0,Van Valiliği Yöneticilerimiz,official roster match,insufficient-evidence,"District role and parent roster membership are supported; current authoritative boundary, legal crosswalk, complete source population, and district-vs-city territorial semantics are not established.","Preserve identity and parent; do not replace geometry. Obtain lawful authoritative versioned district boundary and official identity crosswalk, then compare source coverage, edge topology, urban subdivision and neighboring level."
gb:TUR:ADM2:54988432B39980691668600,Gevaş,framework:province:van:f871881e462f,Van,54988432B39980691668600,Gevaş,TUR,Polygon,1,geoBoundaries TUR ADM2; metadata says Districts; 2021; ODbL 1.0,Van Valiliği Yöneticilerimiz,official roster match,insufficient-evidence,"District role and parent roster membership are supported; current authoritative boundary, legal crosswalk, complete source population, and district-vs-city territorial semantics are not established.","Preserve identity and parent; do not replace geometry. Obtain lawful authoritative versioned district boundary and official identity crosswalk, then compare source coverage, edge topology, urban subdivision and neighboring level."
gb:TUR:ADM2:54988432B42317071313317,Yüksekova,framework:province:hakkari:45bd46f77b6f,Hakkâri,54988432B42317071313317,Yüksekova,TUR,Polygon,1,geoBoundaries TUR ADM2; metadata says Districts; 2021; ODbL 1.0,Hakkâri Valiliği İlçelerimiz and official notices,official roster match,insufficient-evidence,"District role and parent roster membership are supported; current authoritative boundary, legal crosswalk, complete source population, and district-vs-city territorial semantics are not established.","Preserve identity and parent; do not replace geometry. Obtain lawful authoritative versioned district boundary and official identity crosswalk, then compare source coverage, edge topology, urban subdivision and neighboring level."
gb:TUR:ADM2:54988432B47270758673920,Iğdır (merkez),framework:province:igdr:1542a52eac4f,Iğdır,54988432B47270758673920,Iğdır (merkez),TUR,Polygon,1,geoBoundaries TUR ADM2; metadata says Districts; 2021; ODbL 1.0,Iğdır Valiliği İlçeleri,official roster match; center label normalized to Merkez,insufficient-evidence,"District role and parent roster membership are supported; current authoritative boundary, legal crosswalk, complete source population, and district-vs-city territorial semantics are not established.","Preserve identity and parent; do not replace geometry. Obtain lawful authoritative versioned district boundary and official identity crosswalk, then compare source coverage, edge topology, urban subdivision and neighboring level."
gb:TUR:ADM2:54988432B48034047733274,Saray,framework:province:van:f871881e462f,Van,54988432B48034047733274,Saray,TUR,Polygon,1,geoBoundaries TUR ADM2; metadata says Districts; 2021; ODbL 1.0,Van Valiliği Yöneticilerimiz,official roster match,insufficient-evidence,"District role and parent roster membership are supported; current authoritative boundary, legal crosswalk, complete source population, and district-vs-city territorial semantics are not established.","Preserve identity and parent; do not replace geometry. Obtain lawful authoritative versioned district boundary and official identity crosswalk, then compare source coverage, edge topology, urban subdivision and neighboring level."
gb:TUR:ADM2:54988432B49000461137157,Hakkari merkez,framework:province:hakkari:45bd46f77b6f,Hakkâri,54988432B49000461137157,Hakkari merkez,TUR,Polygon,1,geoBoundaries TUR ADM2; metadata says Districts; 2021; ODbL 1.0,Hakkâri Valiliği İlçelerimiz and official notices,official roster match; center label normalized to Merkez,insufficient-evidence,"District role and parent roster membership are supported; current authoritative boundary, legal crosswalk, complete source population, and district-vs-city territorial semantics are not established.","Preserve identity and parent; do not replace geometry. Obtain lawful authoritative versioned district boundary and official identity crosswalk, then compare source coverage, edge topology, urban subdivision and neighboring level."
gb:TUR:ADM2:54988432B50394805884304,Özalp,framework:province:van:f871881e462f,Van,54988432B50394805884304,Özalp,TUR,Polygon,1,geoBoundaries TUR ADM2; metadata says Districts; 2021; ODbL 1.0,Van Valiliği Yöneticilerimiz,official roster match,insufficient-evidence,"District role and parent roster membership are supported; current authoritative boundary, legal crosswalk, complete source population, and district-vs-city territorial semantics are not established.","Preserve identity and parent; do not replace geometry. Obtain lawful authoritative versioned district boundary and official identity crosswalk, then compare source coverage, edge topology, urban subdivision and neighboring level."
gb:TUR:ADM2:54988432B53167672259322,Tuzluca,framework:province:igdr:1542a52eac4f,Iğdır,54988432B53167672259322,Tuzluca,TUR,Polygon,1,geoBoundaries TUR ADM2; metadata says Districts; 2021; ODbL 1.0,Iğdır Valiliği İlçeleri,official roster match,insufficient-evidence,"District role and parent roster membership are supported; current authoritative boundary, legal crosswalk, complete source population, and district-vs-city territorial semantics are not established.","Preserve identity and parent; do not replace geometry. Obtain lawful authoritative versioned district boundary and official identity crosswalk, then compare source coverage, edge topology, urban subdivision and neighboring level."
gb:TUR:ADM2:54988432B53179569886424,Başkale,framework:province:van:f871881e462f,Van,54988432B53179569886424,Başkale,TUR,Polygon,1,geoBoundaries TUR ADM2; metadata says Districts; 2021; ODbL 1.0,Van Valiliği Yöneticilerimiz,official roster match,insufficient-evidence,"District role and parent roster membership are supported; current authoritative boundary, legal crosswalk, complete source population, and district-vs-city territorial semantics are not established.","Preserve identity and parent; do not replace geometry. Obtain lawful authoritative versioned district boundary and official identity crosswalk, then compare source coverage, edge topology, urban subdivision and neighboring level."
gb:TUR:ADM2:54988432B53845687770419,Karakoyunlu,framework:province:igdr:1542a52eac4f,Iğdır,54988432B53845687770419,Karakoyunlu,TUR,Polygon,1,geoBoundaries TUR ADM2; metadata says Districts; 2021; ODbL 1.0,Iğdır Valiliği İlçeleri,official roster match,insufficient-evidence,"District role and parent roster membership are supported; current authoritative boundary, legal crosswalk, complete source population, and district-vs-city territorial semantics are not established.","Preserve identity and parent; do not replace geometry. Obtain lawful authoritative versioned district boundary and official identity crosswalk, then compare source coverage, edge topology, urban subdivision and neighboring level."
gb:TUR:ADM2:54988432B59251116366587,Diyadin,framework:province:agr:dc819bd911a0,Ağrı,54988432B59251116366587,Diyadin,TUR,Polygon,1,geoBoundaries TUR ADM2; metadata says Districts; 2021; ODbL 1.0,Ağrı Valiliği İl Protokol Listesi,official roster match,insufficient-evidence,"District role and parent roster membership are supported; current authoritative boundary, legal crosswalk, complete source population, and district-vs-city territorial semantics are not established.","Preserve identity and parent; do not replace geometry. Obtain lawful authoritative versioned district boundary and official identity crosswalk, then compare source coverage, edge topology, urban subdivision and neighboring level."
gb:TUR:ADM2:54988432B62353974928440,Erciş,framework:province:van:f871881e462f,Van,54988432B62353974928440,Erciş,TUR,Polygon,1,geoBoundaries TUR ADM2; metadata says Districts; 2021; ODbL 1.0,Van Valiliği Yöneticilerimiz,official roster match,insufficient-evidence,"District role and parent roster membership are supported; current authoritative boundary, legal crosswalk, complete source population, and district-vs-city territorial semantics are not established.","Preserve identity and parent; do not replace geometry. Obtain lawful authoritative versioned district boundary and official identity crosswalk, then compare source coverage, edge topology, urban subdivision and neighboring level."
gb:TUR:ADM2:54988432B6281772994077,Patnos,framework:province:agr:dc819bd911a0,Ağrı,54988432B6281772994077,Patnos,TUR,Polygon,1,geoBoundaries TUR ADM2; metadata says Districts; 2021; ODbL 1.0,Ağrı Valiliği İl Protokol Listesi,official roster match,insufficient-evidence,"District role and parent roster membership are supported; current authoritative boundary, legal crosswalk, complete source population, and district-vs-city territorial semantics are not established.","Preserve identity and parent; do not replace geometry. Obtain lawful authoritative versioned district boundary and official identity crosswalk, then compare source coverage, edge topology, urban subdivision and neighboring level."
gb:TUR:ADM2:54988432B66454172152747,Gürpınar,framework:province:van:f871881e462f,Van,54988432B66454172152747,Gürpınar,TUR,Polygon,1,geoBoundaries TUR ADM2; metadata says Districts; 2021; ODbL 1.0,Van Valiliği Yöneticilerimiz,official roster match,insufficient-evidence,"District role and parent roster membership are supported; current authoritative boundary, legal crosswalk, complete source population, and district-vs-city territorial semantics are not established.","Preserve identity and parent; do not replace geometry. Obtain lawful authoritative versioned district boundary and official identity crosswalk, then compare source coverage, edge topology, urban subdivision and neighboring level."
gb:TUR:ADM2:54988432B69584017445691,Hamur,framework:province:agr:dc819bd911a0,Ağrı,54988432B69584017445691,Hamur,TUR,Polygon,1,geoBoundaries TUR ADM2; metadata says Districts; 2021; ODbL 1.0,Ağrı Valiliği İl Protokol Listesi,official roster match,insufficient-evidence,"District role and parent roster membership are supported; current authoritative boundary, legal crosswalk, complete source population, and district-vs-city territorial semantics are not established.","Preserve identity and parent; do not replace geometry. Obtain lawful authoritative versioned district boundary and official identity crosswalk, then compare source coverage, edge topology, urban subdivision and neighboring level."
gb:TUR:ADM2:54988432B71225398808763,Tutak,framework:province:agr:dc819bd911a0,Ağrı,54988432B71225398808763,Tutak,TUR,Polygon,1,geoBoundaries TUR ADM2; metadata says Districts; 2021; ODbL 1.0,Ağrı Valiliği İl Protokol Listesi,official roster match,insufficient-evidence,"District role and parent roster membership are supported; current authoritative boundary, legal crosswalk, complete source population, and district-vs-city territorial semantics are not established.","Preserve identity and parent; do not replace geometry. Obtain lawful authoritative versioned district boundary and official identity crosswalk, then compare source coverage, edge topology, urban subdivision and neighboring level."
gb:TUR:ADM2:54988432B73173192257924,İpekyolu,framework:province:van:f871881e462f,Van,54988432B73173192257924,İpekyolu,TUR,Polygon,1,geoBoundaries TUR ADM2; metadata says Districts; 2021; ODbL 1.0,Van Valiliği Yöneticilerimiz,official roster match,insufficient-evidence,"District role and parent roster membership are supported; current authoritative boundary, legal crosswalk, complete source population, and district-vs-city territorial semantics are not established.","Preserve identity and parent; do not replace geometry. Obtain lawful authoritative versioned district boundary and official identity crosswalk, then compare source coverage, edge topology, urban subdivision and neighboring level."
gb:TUR:ADM2:54988432B7371544527763,Eleşkirt,framework:province:agr:dc819bd911a0,Ağrı,54988432B7371544527763,Eleşkirt,TUR,Polygon,1,geoBoundaries TUR ADM2; metadata says Districts; 2021; ODbL 1.0,Ağrı Valiliği İl Protokol Listesi,official roster match,insufficient-evidence,"District role and parent roster membership are supported; current authoritative boundary, legal crosswalk, complete source population, and district-vs-city territorial semantics are not established.","Preserve identity and parent; do not replace geometry. Obtain lawful authoritative versioned district boundary and official identity crosswalk, then compare source coverage, edge topology, urban subdivision and neighboring level."
gb:TUR:ADM2:54988432B79438437943955,Doğubayazıt,framework:province:agr:dc819bd911a0,Ağrı,54988432B79438437943955,Doğubayazıt,TUR,Polygon,1,geoBoundaries TUR ADM2; metadata says Districts; 2021; ODbL 1.0,Ağrı Valiliği İl Protokol Listesi,official roster match,insufficient-evidence,"District role and parent roster membership are supported; current authoritative boundary, legal crosswalk, complete source population, and district-vs-city territorial semantics are not established.","Preserve identity and parent; do not replace geometry. Obtain lawful authoritative versioned district boundary and official identity crosswalk, then compare source coverage, edge topology, urban subdivision and neighboring level."
gb:TUR:ADM2:54988432B81567150601582,Ağrı merkez,framework:province:agr:dc819bd911a0,Ağrı,54988432B81567150601582,Ağrı merkez,TUR,Polygon,1,geoBoundaries TUR ADM2; metadata says Districts; 2021; ODbL 1.0,Ağrı Valiliği İl Protokol Listesi,Ağrı Valiliği lists the seven named kaymakam districts; Ağrı Valiliği project notice separately refers to seven districts plus the provincial center,insufficient-evidence,"District role and parent roster membership are supported; current authoritative boundary, legal crosswalk, complete source population, and district-vs-city territorial semantics are not established.","Preserve identity and parent; do not replace geometry. Obtain lawful authoritative versioned district boundary and official identity crosswalk, then compare source coverage, edge topology, urban subdivision and neighboring level."
gb:TUR:ADM2:54988432B84066107129786,Çatak,framework:province:van:f871881e462f,Van,54988432B84066107129786,Çatak,TUR,Polygon,1,geoBoundaries TUR ADM2; metadata says Districts; 2021; ODbL 1.0,Van Valiliği Yöneticilerimiz,official roster match,insufficient-evidence,"District role and parent roster membership are supported; current authoritative boundary, legal crosswalk, complete source population, and district-vs-city territorial semantics are not established.","Preserve identity and parent; do not replace geometry. Obtain lawful authoritative versioned district boundary and official identity crosswalk, then compare source coverage, edge topology, urban subdivision and neighboring level."
gb:TUR:ADM2:54988432B84889548595985,Bahçesaray,framework:province:van:f871881e462f,Van,54988432B84889548595985,Bahçesaray,TUR,Polygon,1,geoBoundaries TUR ADM2; metadata says Districts; 2021; ODbL 1.0,Van Valiliği Yöneticilerimiz,official roster match,insufficient-evidence,"District role and parent roster membership are supported; current authoritative boundary, legal crosswalk, complete source population, and district-vs-city territorial semantics are not established.","Preserve identity and parent; do not replace geometry. Obtain lawful authoritative versioned district boundary and official identity crosswalk, then compare source coverage, edge topology, urban subdivision and neighboring level."
gb:TUR:ADM2:54988432B86310086710434,Tuşba,framework:province:van:f871881e462f,Van,54988432B86310086710434,Tuşba,TUR,Polygon,1,geoBoundaries TUR ADM2; metadata says Districts; 2021; ODbL 1.0,Van Valiliği Yöneticilerimiz,official roster match,insufficient-evidence,"District role and parent roster membership are supported; current authoritative boundary, legal crosswalk, complete source population, and district-vs-city territorial semantics are not established.","Preserve identity and parent; do not replace geometry. Obtain lawful authoritative versioned district boundary and official identity crosswalk, then compare source coverage, edge topology, urban subdivision and neighboring level."
gb:TUR:ADM2:54988432B86685660972424,Çaldıran,framework:province:van:f871881e462f,Van,54988432B86685660972424,Çaldıran,TUR,Polygon,1,geoBoundaries TUR ADM2; metadata says Districts; 2021; ODbL 1.0,Van Valiliği Yöneticilerimiz,official roster match,insufficient-evidence,"District role and parent roster membership are supported; current authoritative boundary, legal crosswalk, complete source population, and district-vs-city territorial semantics are not established.","Preserve identity and parent; do not replace geometry. Obtain lawful authoritative versioned district boundary and official identity crosswalk, then compare source coverage, edge topology, urban subdivision and neighboring level."
gb:TUR:ADM2:54988432B8973824492298,Derecik,framework:province:hakkari:45bd46f77b6f,Hakkâri,54988432B8973824492298,Derecik,TUR,Polygon,1,geoBoundaries TUR ADM2; metadata says Districts; 2021; ODbL 1.0,Hakkâri Valiliği İlçelerimiz and official notices,official roster match,insufficient-evidence,"District role and parent roster membership are supported; current authoritative boundary, legal crosswalk, complete source population, and district-vs-city territorial semantics are not established.","Preserve identity and parent; do not replace geometry. Obtain lawful authoritative versioned district boundary and official identity crosswalk, then compare source coverage, edge topology, urban subdivision and neighboring level."
gb:TUR:ADM2:54988432B97639118870532,Taşlıçay,framework:province:agr:dc819bd911a0,Ağrı,54988432B97639118870532,Taşlıçay,TUR,Polygon,1,geoBoundaries TUR ADM2; metadata says Districts; 2021; ODbL 1.0,Ağrı Valiliği İl Protokol Listesi,official roster match,insufficient-evidence,"District role and parent roster membership are supported; current authoritative boundary, legal crosswalk, complete source population, and district-vs-city territorial semantics are not established.","Preserve identity and parent; do not replace geometry. Obtain lawful authoritative versioned district boundary and official identity crosswalk, then compare source coverage, edge topology, urban subdivision and neighboring level."
