page,region,province,commune
71,Plateau central,Oubritenga,Absouya
71,Centre-est,Kouritenga,Andemtenga
71,Sahel,Soum,Arbinda
71,Nord,Passore,Arbole
71,Nord,Passore,Bagare
71,Boucle du mouhoun,Bale,Bagassi
71,Centre-est,Boulgou,Bagre
71,Centre-ouest,Ziro,Bakata
71,Boucle du mouhoun,Banwa,Balave
71,Hauts-bassins,Houet,Bama
71,Boucle du mouhoun,Bale,Bana
71,Centre-est,Boulgou,Bane
71,Cascades,Comoe,Banfora
71,Nord,Loroum,Banh
71,Sahel,Seno,Bani
71,Hauts-bassins,Kenedougou,Banzon
71,Sahel,Soum,Baraboule
71,Boucle du mouhoun,Kossi,Barani
71,Nord,Yatenga,Barga
71,Centre-nord,Sanmatenga,Barsalogho
71,Est,Komandjoari,Bartibougou
71,Centre-est,Kouritenga,Baskoure
71,Nord,Zondoma,Bassi
71,Sud-ouest,Noumbiel,Batie
71,Centre-est,Boulgou,Beguedo
71,Hauts-bassins,Tuy,Bekuy
71,Centre-sud,Zoundweogo,Bere
71,Hauts-bassins,Tuy,Bereba
71,Cascades,Comoe,Beregadougou
71,Centre-ouest,Sissili,Bieha
71,Est,Gnagna,Bilanga
71,Centre-sud,Zoundweogo,Binde
71,Centre-ouest,Boulkiemde,Bingo
71,Centre-est,Boulgou,Bissiga
71,Centre-est,Boulgou,Bittou
71,Centre-nord,Namentenga,Boala
72,Est,Gnagna,Bogande
72,Nord,Passore,Bokin
72,Boucle du mouhoun,Kossi,Bomborokuy
72,Sud-ouest,Bougouriba,Bondigui
72,Boucle du mouhoun,Mouhoun,Bondokuy
72,Hauts-bassins,Tuy,Boni
72,Boucle du mouhoun,Bale,Boromo
72,Est,Tapoa,Botou
72,Plateau central,Ganzourgou,Boudri
72,Centre-ouest,Ziro,Bougnounou
72,Centre-nord,Namentenga,Boulsa
72,Sahel,Yagha,Boundore
72,Centre-ouest,Sissili,Boura
72,Boucle du mouhoun,Kossi,Bourasso
72,Centre-nord,Namentenga,Bouroum
72,Sud-ouest,Poni,Bouroum-bouroum
72,Centre-nord,Bam,Bourzanga
72,Plateau central,Kourweogo,Bousse
72,Sud-ouest,Poni,Boussera
72,Nord,Zondoma,Boussou
72,Sud-ouest,Noumbiel,Boussoukoula
72,Centre-est,Boulgou,Boussouma
72,Centre-nord,Sanmatenga,Boussouma_cn
72,Centre-ouest,Ziro,Cassou
72,Boucle du mouhoun,Sourou,Cassoum
72,Centre-est,Koulpelogo,Comin-yanga
72,Centre-nord,Sanmatenga,Dablo
72,Cascades,Leraba,Dakoro
72,Centre-ouest,Ziro,Dalo
72,Hauts-bassins,Houet,Dande
72,Sud-ouest,Ioba,Dano
72,Plateau central,Oubritenga,Dapelogo
72,Centre-nord,Namentenga,Dargo
72,Centre-ouest,Sanguie,Dassa
72,Boucle du mouhoun,Mouhoun,Dedougou
72,Sahel,Oudalan,Deou
72,Boucle du mouhoun,Sourou,Di
73,Centre-est,Kouritenga,Dialgaye
73,Est,Tapoa,Diapaga
73,Est,Gourma,Diapangou
73,Centre-ouest,Sanguie,Didyr
73,Sud-ouest,Bougouriba,Diebougou
73,Sahel,Soum,Diguel
73,Sud-ouest,Ioba,dissin
73,Boucle du mouhoun,Kossi,Djibasso
73,Sahel,Soum,Djibo
73,Sud-ouest,Poni,Djigoue
73,Hauts-bassins,Kenedougou,Djigouera
73,Boucle du mouhoun,Kossi,Dokui
73,Sud-ouest,Bougouriba,Dolo
73,Sahel,Seno,Dori
73,Centre-sud,Bazega,Doulougou
73,Boucle du mouhoun,Kossi,Doumbala
73,Cascades,Leraba,Douna
73,Boucle du mouhoun,Mouhoun,Douroula
73,Centre-est,Koulpelogo,Dourtenga
73,Est,Gourma,Fada-Ngourma
73,Sahel,Seno,Falagountou
73,Boucle du mouhoun,Bale,Fara
73,Hauts-bassins,Houet,Faramana
73,Hauts-bassins,Houet,Fo
73,Hauts-bassins,Tuy,Founzan
73,Est,Komandjoari,Foutouri
73,Centre-ouest,Ziro,Gao
73,Centre-sud,Bazega,Gaongo
73,Sud-ouest,Poni,Gaoua
73,Centre-est,Boulgou,Garango
73,Boucle du mouhoun,Nayala,Gassan
73,Est,Komandjoari,Gayeri
73,Sud-ouest,Poni,Gbomblora
73,Centre-ouest,Sanguie,Godyr
73,Centre-sud,Zoundweogo,Gogo
73,Boucle du mouhoun,Sourou,Gomboro
73,Centre-sud,Zoundweogo,Gomboussougou
74,Sahel,Seno,Gorgadji
74,Sahel,Oudalan,Gorom-gorom
74,Boucle du mouhoun,Nayala,Gossina
74,Centre-est,Kouritenga,Gounguen
74,Nord,Zondoma,Goursi
74,Sud-ouest,Ioba,Gueguere
74,Centre-sud,Nahouri,Guiaro
74,Centre-sud,Zoundweogo,Guiba
74,Centre-nord,Bam,Guibare
74,Hauts-bassins,Tuy,Hounde
74,Centre-ouest,Boulkiemde,Imasgho
74,Sud-ouest,Bougouriba,Iolonioro
74,Centre-sud,Bazega,Ipelse
74,Nord,Yatenga,Kain
74,Nord,Yatenga,Kalsaka
74,Sud-ouest,Poni,Kampti
74,Centre-est,Kouritenga,Kando
74,Hauts-bassins,Kenedougou,Kangala
74,Cascades,Leraba,Kankalaba
74,Est,Tapoa,Kantchari
74,Hauts-bassins,Houet,Karangasso-sambla
74,Hauts-bassins,Houet,Karangasso-vigue
74,Centre-nord,Sanmatenga,Kaya
74,Hauts-bassins,Kenedougou,Kayan
74,Centre-sud,Bazega,Kayao
74,Sahel,Soum,Kelbo
74,Boucle du mouhoun,Sourou,Kiembara
74,Centre-ouest,Boulkiemde,Kindi
74,Nord,Passore,Kirsi
74,Est,Gnagna,Koala
74,Plateau central,Ganzourgou,Kogho
74,Centre-ouest,Boulkiemde,Kokologo
74,Hauts-bassins,Kenedougou,Koloko
74,Centre-sud,Bazega,Kombissiri
74,Boucle du mouhoun,Kossi,Kombori
74,Centre,Kadiogo,Komki-ipala
74,Est,Kompienga,Kompienga
75,Centre-est,Boulgou,Komtoega
75,Boucle du mouhoun,Mouhoun,Kona
75,Centre-nord,Bam,Kongoussi
75,Sud-ouest,Ioba,Koper
75,Centre-ouest,Sanguie,Kordie
75,Centre-nord,Sanmatenga,Korsimoro
75,Nord,Yatenga,Kossouka
75,Hauts-bassins,Tuy,Koti
75,Centre,Kadiogo,Koubri
75,Centre-ouest,Boulkiemde,Koudougou
75,Boucle du mouhoun,Nayala,Kougny
75,Boucle du mouhoun,Banwa,Kouka
75,Hauts-bassins,Tuy,Koumbia
75,Nord,Yatenga,Koumbri
75,Hauts-bassins,Houet,Koundougou
75,Centre-est,Kouritenga,Koupela
75,Hauts-bassins,Kenedougou,Kourinion
75,Hauts-bassins,Kenedougou,Kourouma
75,Sahel,Soum,Koutougou
75,Sud-ouest,Noumbiel,Kpuere
75,Centre-ouest,Sanguie,Kyon
75,Centre-est,Koulpelogo,Lalgaye
75,Boucle du mouhoun,Sourou,Lanfiera
75,Boucle du mouhoun,Sourou,Lankoue
75,Nord,Passore,La-toden
75,Plateau central,Kourweogo,Laye
75,Nord,Zondoma,Leba
75,Sud-ouest,Noumbiel,Legmoin
75,Hauts-bassins,Houet,Lena
75,Centre-ouest,Sissili,Leo
75,Est,Gnagna,Liptougou
75,Est,Tapoa,Logbou
75,Sud-ouest,Poni,Loropeni
75,Cascades,Leraba,Loumana
75,Plateau central,Oubritenga,Loumbila
75,Est,Kompienga,Madjoari
75,Boucle du mouhoun,Kossi,Madouba
76,Centre-nord,Sanmatenga,Mane
76,Centre-sud,Zoundweogo,Manga
76,Cascades,Comoe,Mangodara
76,Est,Gnagna,Mani
76,Sahel,Yagha,Mansila
76,Sahel,Oudalan,Markoye
76,Est,Gourma,Matiakoali
76,Plateau central,Ganzourgou,Megue
76,Sud-ouest,Noumbiel,Midebdo
76,Plateau central,Ganzourgou,Mogtedo
76,Hauts-bassins,Kenedougou,Morlaba
76,Cascades,Comoe,Moussodougou
76,Centre-nord,Namentenga,Nagbingou
76,Plateau central,Oubritenga,Nagreongo
76,Sud-ouest,Poni,Nako
76,Centre-nord,Sanmatenga,Namissiguima
76,Nord,Yatenga,Namissiguima_n
76,Est,Tapoa,Namouno
76,Centre-ouest,Boulkiemde,Nandiala
76,Centre-ouest,Boulkiemde,Nanoro
76,Centre-nord,Bam,Nassere
76,Sahel,Soum,Nassoumbou
76,Hauts-bassins,Kenedougou,Ndorola
76,Centre-ouest,Sissili,Nebielianayou
76,Centre-ouest,Sissili,Niabouri
76,Cascades,Comoe,Niangoloko
76,Cascades,Leraba,Niankorodougou
76,Centre-est,Boulgou,Niaogho
76,Sud-ouest,Ioba,Niego
76,Plateau central,Kourweogo,Niou
76,Centre-sud,Zoundweogo,Nobere
76,Boucle du mouhoun,Kossi,Nouna
76,Hauts-bassins,Kenedougou,Orodara
76,Sud-ouest,Ioba,Oronkua
76,Centre,Kadiogo,Ouagadougou
76,Nord,Yatenga,Ouahigouya
76,Centre-est,Koulpelogo,Ouargaye
77,Cascades,Leraba,Oueleni
77,Sud-ouest,Ioba,Ouessa
77,Nord,Loroum,Ouindigui
77,Nord,Yatenga,Oula
77,Cascades,Comoe,Ouo
77,Plateau central,Oubritenga,Ourgou-manega
77,Boucle du mouhoun,Bale,Ouri
77,Sahel,Oudalan,Oursi
77,Boucle du mouhoun,Bale,Pa
77,Centre,Kadiogo,Pabre
77,Hauts-bassins,Houet,Padema
77,Est,Kompienga,Pama
77,Est,Tapoa,Partiaga
77,Centre-ouest,Boulkiemde,Pella
77,Hauts-bassins,Houet,Peni
77,Centre-nord,Sanmatenga,Pensa
77,Sud-ouest,Poni,Perigban
77,Centre-nord,Sanmatenga,Pibaore
77,Est,Gnagna,Piela
77,Nord,Passore,Pilimpikou
77,Centre-nord,Sanmatenga,Pissila
77,Centre-sud,Nahouri,Po
77,Centre-ouest,Boulkiemde,Poa
77,Sahel,Soum,Pobe-mengao
77,Boucle du mouhoun,Bale,Pompoi
77,Centre-ouest,Sanguie,Pouni
77,Boucle du mouhoun,Bale,Poura
77,Centre-est,Kouritenga,Pouytenga
77,Nord,Yatenga,Rambo
77,Centre-ouest,Boulkiemde,Ramongo
77,Centre-ouest,Sanguie,Reo
77,Centre-nord,Bam,Rollo
77,Centre-nord,Bam,Rouko
77,Centre,Kadiogo,Saaba
77,Centre-nord,Bam,Sabce
77,Centre-ouest,Boulkiemde,Sabou
77,Boucle du mouhoun,Mouhoun,Safane
78,Nord,Passore,Samba
78,Boucle du mouhoun,Banwa,Sami
78,Hauts-bassins,Kenedougou,Samogohiri
78,Hauts-bassins,Kenedougou,Samorogouan
78,Sahel,Seno,Sampelga
78,Boucle du mouhoun,Banwa,Sanaba
78,Centre-est,Koulpelogo,Sangha
78,Centre-sud,Bazega,Sapone
78,Centre-ouest,Ziro,Sapouy
78,Hauts-bassins,Houet,Satiri
78,Sahel,Yagha,Sebba
78,Nord,Yatenga,Senguenega
78,Sahel,Seno,Seytenga
78,Boucle du mouhoun,Bale,Siby
78,Cascades,Comoe,Sideradougou
78,Centre-ouest,Boulkiemde,Sigle
78,Centre-ouest,Sissili,Silly
78,Hauts-bassins,Kenedougou,Sindo
78,Cascades,Leraba,Sindou
78,Centre-ouest,Boulkiemde,soaw
78,Boucle du mouhoun,Banwa,Solenzo
78,Sahel,Yagha,Solhan
78,Nord,Loroum,Solle
78,Boucle du mouhoun,Kossi,Sono
78,Cascades,Comoe,Soubakaniedougou
78,Centre-est,Koulpelogo,Soudougui
78,Centre-ouest,Boulkiemde,Sourgou
78,Plateau central,Kourweogo,Sourgoubila
78,Est,Tapoa,Tambaga
78,Nord,Yatenga,Tangaye
78,Centre,Kadiogo,tanghin dassouri
78,Sahel,Yagha,Tankougounadie
78,Est,Tapoa,Tansarga
78,Boucle du mouhoun,Banwa,Tansila
78,Boucle du mouhoun,Mouhoun,Tcheriba
78,Centre-ouest,Sanguie,Tenado
78,Centre-est,Boulgou,Tenkodogo
79,Est,Gnagna,Thion
79,Nord,Yatenga,Thiou
79,Centre-ouest,Boulkiemde,Thyou
79,Sud-ouest,Bougouriba,Tiankoura
79,Est,Gourma,Tibga
79,Centre-sud,Nahouri,Tiebele
79,Cascades,Comoe,Tiefora
79,Centre-nord,Bam,Tikare
79,Sahel,Oudalan,Tin-akoff
79,Sahel,Yagha,Titabe
79,Nord,Loroum,Titao
79,Centre-ouest,Sissili,To
79,Centre-sud,Bazega,Toece
79,Plateau central,Kourweogo,Toeghin
79,Boucle du mouhoun,Sourou,Toeni
79,Boucle du mouhoun,Nayala,Toma
79,Sahel,Soum,Tongomayel
79,Boucle du mouhoun,Sourou,Tougan
79,Nord,Zondoma,Tougo
79,Centre-nord,Namentenga,Tougouri
79,Hauts-bassins,Houet,Toussiana
79,Cascades,Leraba,Wolonkoto
79,Boucle du mouhoun,Nayala,Yaba
79,Boucle du mouhoun,Bale,Yaho
79,Nord,Passore,Yako
79,Centre-nord,Namentenga,Yalgo
79,Est,Gourma,Yamba
79,Centre-est,Koulpelogo,Yargatenga
79,Centre-est,Kouritenga,Yargo
79,Boucle du mouhoun,Nayala,Ye
79,Centre-est,Koulpelogo,Yonde
79,Centre-est,Boulgou,Zabre
79,Plateau central,Ganzourgou,Zam
79,Sud-ouest,Ioba,Zambo
79,Centre-ouest,Sanguie,Zamo
79,Centre-ouest,Sanguie,Zawara
79,Centre-sud,Nahouri,Zecco
80,Centre-nord,Sanmatenga,Ziga
80,Centre-nord,Bam,Zimtenga
80,Plateau central,Oubritenga,Ziniare
80,Centre-sud,Nahouri,Ziou
80,Plateau central,Oubritenga,Zitenga
80,Centre-est,Boulgou,Zoaga
80,Nord,Yatenga,Zogore
80,Centre-est,Boulgou,Zonse
80,Plateau central,Ganzourgou,Zorgho
80,Plateau central,Ganzourgou,Zoungou
