department,official_2019_subprefecture,issue_source_name,issue_id,name_match
Guiglo,Guiglo,Guiglo,gb:CIV:ADM3:97208781B40820422658221,match
Guiglo,Kaadé,Kaadé,gb:CIV:ADM3:97208781B53164727477852,match
Guiglo,Bédy-Gouazon,Bédi-Gaozon,gb:CIV:ADM3:97208781B99008253798247,spelling-unresolved
Guiglo,Nizahon,Nizahon,gb:CIV:ADM3:97208781B14254656136001,match
Bloléquin,Bloléquin,Bloléquin,gb:CIV:ADM3:97208781B38790553549950,match
Bloléquin,Doké,Doké,gb:CIV:ADM3:97208781B65006749613232,match
Bloléquin,Zéglô,Zéaglo,gb:CIV:ADM3:97208781B55365319431945,current-2026-government-confirmed-variant
Bloléquin,Diboké,Diboké,gb:CIV:ADM3:97208781B62487661802726,match
Bloléquin,Tinhou,Tinhou,gb:CIV:ADM3:97208781B64110027733651,match
Taï,Taï,Taï,gb:CIV:ADM3:97208781B29516824292901,match
Taï,Zagné,Zagné,gb:CIV:ADM3:97208781B88410375487944,match
Toulépleu,Toulépleu,Toulepleu,gb:CIV:ADM3:97208781B71195816645295,match
Toulépleu,Bakoubly,Bakoubly,gb:CIV:ADM3:97208781B66565295768879,match
Toulépleu,Péhé,Péhé,gb:CIV:ADM3:97208781B38203482147219,match
Toulépleu,Tiobly,Tiobly,gb:CIV:ADM3:97208781B84405559218834,match
Toulépleu,Méo,Méo,gb:CIV:ADM3:97208781B15477288261625,match
Toulépleu,Nézobly,Nézobly,gb:CIV:ADM3:97208781B46095565828075,match
