metric_id,value,unit
old_geoboundaries_subject_count,39,subjects
salb_adm2_count,39,features
salb_regional_sector_count,38,sectors
salb_autonomous_sector_count,1,sectors
atlas_parent_vs_overlap_candidate_review_rows,18,rows
atlas_parent_vs_overlap_candidate_consistent_rows,21,rows
salb_regional_sector_difference_vs_2025_nc4,2,sectors
crosswalk_13655514B11561761851968_old_area_covered_by_top_pct,94.3638,percent
crosswalk_13655514B11561761851968_salb_top_area_covered_by_old_pct,95.2613,percent
crosswalk_13655514B12793543239296_old_area_covered_by_top_pct,97.3689,percent
crosswalk_13655514B12793543239296_salb_top_area_covered_by_old_pct,97.2789,percent
crosswalk_13655514B15077734082289_old_area_covered_by_top_pct,78.4799,percent
crosswalk_13655514B15077734082289_salb_top_area_covered_by_old_pct,57.8585,percent
crosswalk_13655514B15408487636665_old_area_covered_by_top_pct,96.6747,percent
crosswalk_13655514B15408487636665_salb_top_area_covered_by_old_pct,79.1131,percent
crosswalk_13655514B16168252486838_old_area_covered_by_top_pct,99.8086,percent
crosswalk_13655514B16168252486838_salb_top_area_covered_by_old_pct,98.2761,percent
crosswalk_13655514B168355566476_old_area_covered_by_top_pct,89.1615,percent
crosswalk_13655514B168355566476_salb_top_area_covered_by_old_pct,97.433,percent
crosswalk_13655514B24413703823033_old_area_covered_by_top_pct,65.9801,percent
crosswalk_13655514B24413703823033_salb_top_area_covered_by_old_pct,90.3878,percent
crosswalk_13655514B30693048438959_old_area_covered_by_top_pct,77.1791,percent
crosswalk_13655514B30693048438959_salb_top_area_covered_by_old_pct,99.1626,percent
crosswalk_13655514B31772276876031_old_area_covered_by_top_pct,88.7969,percent
crosswalk_13655514B31772276876031_salb_top_area_covered_by_old_pct,99.756,percent
crosswalk_13655514B37452641895852_old_area_covered_by_top_pct,94.0664,percent
crosswalk_13655514B37452641895852_salb_top_area_covered_by_old_pct,91.8114,percent
crosswalk_13655514B37576476310465_old_area_covered_by_top_pct,69.1117,percent
crosswalk_13655514B37576476310465_salb_top_area_covered_by_old_pct,65.8567,percent
crosswalk_13655514B38974563194217_old_area_covered_by_top_pct,48.4808,percent
crosswalk_13655514B38974563194217_salb_top_area_covered_by_old_pct,94.4943,percent
crosswalk_13655514B4319146558278_old_area_covered_by_top_pct,64.2906,percent
crosswalk_13655514B4319146558278_salb_top_area_covered_by_old_pct,99.9986,percent
crosswalk_13655514B44985576134462_old_area_covered_by_top_pct,87.1749,percent
crosswalk_13655514B44985576134462_salb_top_area_covered_by_old_pct,57.1607,percent
crosswalk_13655514B47112439721810_old_area_covered_by_top_pct,52.6985,percent
crosswalk_13655514B47112439721810_salb_top_area_covered_by_old_pct,32.7755,percent
crosswalk_13655514B47480576799194_old_area_covered_by_top_pct,95.396,percent
crosswalk_13655514B47480576799194_salb_top_area_covered_by_old_pct,93.8192,percent
crosswalk_13655514B48763126228848_old_area_covered_by_top_pct,88.3603,percent
crosswalk_13655514B48763126228848_salb_top_area_covered_by_old_pct,95.0582,percent
crosswalk_13655514B49812801634354_old_area_covered_by_top_pct,97.611,percent
crosswalk_13655514B49812801634354_salb_top_area_covered_by_old_pct,99.3416,percent
crosswalk_13655514B51179315853055_old_area_covered_by_top_pct,95.564,percent
crosswalk_13655514B51179315853055_salb_top_area_covered_by_old_pct,83.0832,percent
crosswalk_13655514B53615250576563_old_area_covered_by_top_pct,93.2282,percent
crosswalk_13655514B53615250576563_salb_top_area_covered_by_old_pct,95.4198,percent
crosswalk_13655514B57644193184055_old_area_covered_by_top_pct,98.3674,percent
crosswalk_13655514B57644193184055_salb_top_area_covered_by_old_pct,97.8443,percent
crosswalk_13655514B57740331915335_old_area_covered_by_top_pct,98.4603,percent
crosswalk_13655514B57740331915335_salb_top_area_covered_by_old_pct,66.2408,percent
crosswalk_13655514B59106895169358_old_area_covered_by_top_pct,77.4864,percent
crosswalk_13655514B59106895169358_salb_top_area_covered_by_old_pct,75.2064,percent
crosswalk_13655514B65296626482863_old_area_covered_by_top_pct,77.1996,percent
crosswalk_13655514B65296626482863_salb_top_area_covered_by_old_pct,98.7234,percent
crosswalk_13655514B65471558325414_old_area_covered_by_top_pct,94.4034,percent
crosswalk_13655514B65471558325414_salb_top_area_covered_by_old_pct,97.0666,percent
crosswalk_13655514B65726406107890_old_area_covered_by_top_pct,84.7666,percent
crosswalk_13655514B65726406107890_salb_top_area_covered_by_old_pct,99.4588,percent
crosswalk_13655514B65757043009502_old_area_covered_by_top_pct,93.0527,percent
crosswalk_13655514B65757043009502_salb_top_area_covered_by_old_pct,94.0306,percent
crosswalk_13655514B66751603958816_old_area_covered_by_top_pct,78.6428,percent
crosswalk_13655514B66751603958816_salb_top_area_covered_by_old_pct,92.5933,percent
crosswalk_13655514B71925291750028_old_area_covered_by_top_pct,82.9678,percent
crosswalk_13655514B71925291750028_salb_top_area_covered_by_old_pct,96.2649,percent
crosswalk_13655514B76388735674013_old_area_covered_by_top_pct,95.825,percent
crosswalk_13655514B76388735674013_salb_top_area_covered_by_old_pct,95.5032,percent
crosswalk_13655514B77006902429960_old_area_covered_by_top_pct,69.7557,percent
crosswalk_13655514B77006902429960_salb_top_area_covered_by_old_pct,29.9141,percent
crosswalk_13655514B8216177448850_old_area_covered_by_top_pct,77.6016,percent
crosswalk_13655514B8216177448850_salb_top_area_covered_by_old_pct,58.9273,percent
crosswalk_13655514B91246233663569_old_area_covered_by_top_pct,92.2272,percent
crosswalk_13655514B91246233663569_salb_top_area_covered_by_old_pct,99.2846,percent
crosswalk_13655514B91994517778696_old_area_covered_by_top_pct,89.652,percent
crosswalk_13655514B91994517778696_salb_top_area_covered_by_old_pct,98.5734,percent
crosswalk_13655514B9524670555472_old_area_covered_by_top_pct,85.8005,percent
crosswalk_13655514B9524670555472_salb_top_area_covered_by_old_pct,88.0456,percent
crosswalk_13655514B95678269815128_old_area_covered_by_top_pct,88.1563,percent
crosswalk_13655514B95678269815128_salb_top_area_covered_by_old_pct,99.0783,percent
crosswalk_13655514B97576906537580_old_area_covered_by_top_pct,98.626,percent
crosswalk_13655514B97576906537580_salb_top_area_covered_by_old_pct,99.5091,percent
crosswalk_13655514B98496568253651_old_area_covered_by_top_pct,83.916,percent
crosswalk_13655514B98496568253651_salb_top_area_covered_by_old_pct,45.4652,percent
crosswalk_13655514B99052541590952_old_area_covered_by_top_pct,59.9562,percent
crosswalk_13655514B99052541590952_salb_top_area_covered_by_old_pct,35.5924,percent
