id,atlas_name,source_name,source_id,source_year,geometry_type,polygon_components,bbox_lonlat,screen_result,risk_note
atlas:local:IND:7132399B10223964064805,Duldula,Duldula,gb:IND:ADM3,2018,Polygon,1,"[83.93263987173276, 22.57862735876563, 84.29555416529257, 22.838393826613867]",manual source-to-current-authoritative geometry review unresolved,"Single polygon representation does not establish coverage, topology or legal boundary correctness."
atlas:local:IND:7132399B1041439061255,Bemetara,Bemetara,gb:IND:ADM3,2018,Polygon,1,"[81.40706599959628, 21.6172006808668, 81.76795128322522, 22.018558999898005]",manual source-to-current-authoritative geometry review unresolved,"Single polygon representation does not establish coverage, topology or legal boundary correctness."
atlas:local:IND:7132399B10904765970331,Piploda,Piploda,gb:IND:ADM3,2018,Polygon,1,"[74.82168317064185, 23.505081934783504, 75.10328633879357, 23.85890312288086]",manual source-to-current-authoritative geometry review unresolved,"Single polygon representation does not establish coverage, topology or legal boundary correctness."
atlas:local:IND:7132399B11037621068848,Thikri,Thikri,gb:IND:ADM3,2018,Polygon,1,"[75.22832868402162, 21.935532796301572, 75.51268619051535, 22.137078322206833]",manual source-to-current-authoritative geometry review unresolved,"Single polygon representation does not establish coverage, topology or legal boundary correctness."
atlas:local:IND:7132399B12180396123597,Rampura,Rampura,gb:IND:ADM3,2018,Polygon,1,"[75.25184781892176, 24.321894784916424, 75.60897991958768, 24.716089000207262]",manual source-to-current-authoritative geometry review unresolved,"Single polygon representation does not establish coverage, topology or legal boundary correctness."
atlas:local:IND:7132399B12632148560195,Bodla,Bodla,gb:IND:ADM3,2018,Polygon,1,"[80.8254470003788, 21.79918801801267, 81.35973616868927, 22.489577999724986]",manual source-to-current-authoritative geometry review unresolved,"Single polygon representation does not establish coverage, topology or legal boundary correctness."
atlas:local:IND:7132399B12691748538599,Raigarh,Raigarh,gb:IND:ADM3,2018,Polygon,1,"[83.1839070000081, 21.7902986998252, 83.60758999957886, 22.06041614049252]",manual source-to-current-authoritative geometry review unresolved,"Single polygon representation does not establish coverage, topology or legal boundary correctness."
atlas:local:IND:7132399B13611355015715,Magarlod,Magarlod,gb:IND:ADM3,2018,Polygon,1,"[81.6988456289227, 20.49572607859568, 82.0207823728083, 20.962407999829395]",manual source-to-current-authoritative geometry review unresolved,"Single polygon representation does not establish coverage, topology or legal boundary correctness."
atlas:local:IND:7132399B13725341645604,Lailunga,Lailunga,gb:IND:ADM3,2018,Polygon,1,"[83.42458833238567, 22.204130258604607, 83.80511500015717, 22.54419300020686]",manual source-to-current-authoritative geometry review unresolved,"Single polygon representation does not establish coverage, topology or legal boundary correctness."
atlas:local:IND:7132399B14190288109359,Tilda,Tilda,gb:IND:ADM3,2018,Polygon,1,"[81.63156217285604, 21.312238533581535, 82.01691263501016, 21.62699515320378]",manual source-to-current-authoritative geometry review unresolved,"Single polygon representation does not establish coverage, topology or legal boundary correctness."
atlas:local:IND:7132399B14282597540467,Bhairamgarh,Bhairamgarh,gb:IND:ADM3,2018,MultiPolygon,2,"[80.53354570087345, 18.770183756675067, 81.50534484808634, 19.340153887791757]",manual source-to-current-authoritative geometry review unresolved,MultiPolygon has multiple source components; verify all components correspond to the named admin unit and are not offshore omissions/aggregation before any acceptance.
atlas:local:IND:7132399B15628011459305,Jagdalpur,Jagdalpur,gb:IND:ADM3,2018,Polygon,1,"[81.94617013184615, 18.764499999975044, 82.24758100026298, 19.169116510618494]",manual source-to-current-authoritative geometry review unresolved,"Single polygon representation does not establish coverage, topology or legal boundary correctness."
atlas:local:IND:7132399B16083064944667,Farsabahar,Farsabahar,gb:IND:ADM3,2018,Polygon,1,"[83.74099700031138, 22.29168700025491, 84.04855300012093, 22.626848802730137]",manual source-to-current-authoritative geometry review unresolved,"Single polygon representation does not establish coverage, topology or legal boundary correctness."
atlas:local:IND:7132399B16324390361245,Petlawad,Petlawad,gb:IND:ADM3,2018,Polygon,1,"[74.70430379028772, 22.721503167537207, 75.02886806900625, 23.168494887629038]",manual source-to-current-authoritative geometry review unresolved,"Single polygon representation does not establish coverage, topology or legal boundary correctness."
atlas:local:IND:7132399B16405682059984,Nawagarh,Nawagarh,gb:IND:ADM3,2018,Polygon,1,"[81.5090506394755, 21.757790000208388, 81.94272600000494, 22.0244160001983]",manual source-to-current-authoritative geometry review unresolved,"Single polygon representation does not establish coverage, topology or legal boundary correctness."
atlas:local:IND:7132399B17051387228997,Narharpur,Narharpur,gb:IND:ADM3,2018,Polygon,1,"[81.48060802394122, 20.12937899994097, 81.81685599970467, 20.518315999783624]",manual source-to-current-authoritative geometry review unresolved,"Single polygon representation does not establish coverage, topology or legal boundary correctness."
atlas:local:IND:7132399B18050858857870,Pansemal,Pansemal,gb:IND:ADM3,2018,Polygon,1,"[74.49974100024701, 21.607991999930903, 74.86235800042147, 21.8290460909044]",manual source-to-current-authoritative geometry review unresolved,"Single polygon representation does not establish coverage, topology or legal boundary correctness."
atlas:local:IND:7132399B18259885720131,Kota,Kota,gb:IND:ADM3,2018,Polygon,1,"[81.83868231823448, 22.22185972634537, 82.27357500018616, 22.617066555777]",manual source-to-current-authoritative geometry review unresolved,"Single polygon representation does not establish coverage, topology or legal boundary correctness."
atlas:local:IND:7132399B18669961361690,Champa,Champa,gb:IND:ADM3,2018,Polygon,1,"[82.62742282800116, 21.719123999572957, 82.84517838017814, 22.09713600012634]",manual source-to-current-authoritative geometry review unresolved,"Single polygon representation does not establish coverage, topology or legal boundary correctness."
atlas:local:IND:7132399B18770884600468,Saja,Saja,gb:IND:ADM3,2018,Polygon,1,"[81.14083900001987, 21.506516264813797, 81.46093034675818, 21.75538881394266]",manual source-to-current-authoritative geometry review unresolved,"Single polygon representation does not establish coverage, topology or legal boundary correctness."
atlas:local:IND:7132399B19478895546328,Sailana,Sailana,gb:IND:ADM3,2018,Polygon,1,"[74.65686541660574, 23.250835340178867, 74.94173773011221, 23.545753000001014]",manual source-to-current-authoritative geometry review unresolved,"Single polygon representation does not establish coverage, topology or legal boundary correctness."
atlas:local:IND:7132399B20295744804672,Manawar,Manawar,gb:IND:ADM3,2018,Polygon,1,"[74.93512651427727, 22.07250736442336, 75.37754933213603, 22.38282760860733]",manual source-to-current-authoritative geometry review unresolved,"Single polygon representation does not establish coverage, topology or legal boundary correctness."
atlas:local:IND:7132399B2078141521996,Chhuriya,Chhuriya,gb:IND:ADM3,2018,Polygon,1,"[80.43053400014406, 20.764115999853573, 80.9955289998635, 21.08812706511202]",manual source-to-current-authoritative geometry review unresolved,"Single polygon representation does not establish coverage, topology or legal boundary correctness."
atlas:local:IND:7132399B2128827358967,Garoth,Garoth,gb:IND:ADM3,2018,Polygon,1,"[75.36129986969331, 24.22524099967245, 75.82926899956476, 24.448528887897908]",manual source-to-current-authoritative geometry review unresolved,"Single polygon representation does not establish coverage, topology or legal boundary correctness."
atlas:local:IND:7132399B21635429263397,Bhatapara,Bhatapara,gb:IND:ADM3,2018,Polygon,1,"[81.88069841849727, 21.627329833205295, 82.20633700035233, 21.883723999862752]",manual source-to-current-authoritative geometry review unresolved,"Single polygon representation does not establish coverage, topology or legal boundary correctness."
atlas:local:IND:7132399B21869112357651,Jashpur,Jashpur,gb:IND:ADM3,2018,Polygon,1,"[84.02976543232887, 22.776320092798073, 84.39658400035137, 23.025099000018884]",manual source-to-current-authoritative geometry review unresolved,"Single polygon representation does not establish coverage, topology or legal boundary correctness."
atlas:local:IND:7132399B2220229233375,Dhar,Dhar,gb:IND:ADM3,2018,Polygon,1,"[75.10065565723283, 22.357133737631955, 75.53339697199272, 22.841992053690376]",manual source-to-current-authoritative geometry review unresolved,"Single polygon representation does not establish coverage, topology or legal boundary correctness."
atlas:local:IND:7132399B22847409672896,Suwasara,Suwasara,gb:IND:ADM3,2018,Polygon,1,"[75.49403755898624, 23.965239000279666, 75.83811199996887, 24.16726329376604]",manual source-to-current-authoritative geometry review unresolved,"Single polygon representation does not establish coverage, topology or legal boundary correctness."
atlas:local:IND:7132399B23299530626708,Basna,Basna,gb:IND:ADM3,2018,Polygon,1,"[82.74886449909741, 21.142444999736995, 83.00028582223297, 21.55044900022125]",manual source-to-current-authoritative geometry review unresolved,"Single polygon representation does not establish coverage, topology or legal boundary correctness."
atlas:local:IND:7132399B2364434805843,Lundra,Lundra,gb:IND:ADM3,2018,Polygon,1,"[83.24924876671724, 23.009618104492006, 83.56176000042376, 23.267274210636344]",manual source-to-current-authoritative geometry review unresolved,"Single polygon representation does not establish coverage, topology or legal boundary correctness."
atlas:local:IND:7132399B24103240607108,Nawagarh,Nawagarh,gb:IND:ADM3,2018,Polygon,1,"[82.51710928606474, 21.709188000026245, 82.73728900038714, 21.93247273342996]",manual source-to-current-authoritative geometry review unresolved,"Single polygon representation does not establish coverage, topology or legal boundary correctness."
atlas:local:IND:7132399B24197406138184,Mandsaur Nagar,Mandsaur Nagar,gb:IND:ADM3,2018,Polygon,1,"[74.90703194716667, 23.987983978078148, 75.1399275131443, 24.187502316079076]",manual source-to-current-authoritative geometry review unresolved,"Single polygon representation does not establish coverage, topology or legal boundary correctness."
atlas:local:IND:7132399B24791100280588,Bagbahra,Bagbahra,gb:IND:ADM3,2018,MultiPolygon,2,"[82.17360700006304, 20.82460200038207, 82.62966899992449, 21.152338994648915]",manual source-to-current-authoritative geometry review unresolved,MultiPolygon has multiple source components; verify all components correspond to the named admin unit and are not offshore omissions/aggregation before any acceptance.
atlas:local:IND:7132399B2537913576011,Batouli,Batouli,gb:IND:ADM3,2018,Polygon,1,"[83.33757120554674, 22.844777506776552, 83.56270237661346, 23.065343790183817]",manual source-to-current-authoritative geometry review unresolved,"Single polygon representation does not establish coverage, topology or legal boundary correctness."
atlas:local:IND:7132399B25392166342155,Pithampur,Pithampur,gb:IND:ADM3,2018,Polygon,1,"[75.2741206616393, 22.296663307965332, 75.7263842156591, 22.668060203115942]",manual source-to-current-authoritative geometry review unresolved,"Single polygon representation does not establish coverage, topology or legal boundary correctness."
atlas:local:IND:7132399B25429914609593,Sitamau,Sitamau,gb:IND:ADM3,2018,Polygon,1,"[75.19529379827026, 23.813993907193094, 75.52602949736348, 24.277854563437415]",manual source-to-current-authoritative geometry review unresolved,"Single polygon representation does not establish coverage, topology or legal boundary correctness."
atlas:local:IND:7132399B26793370063249,Manasa,Manasa,gb:IND:ADM3,2018,Polygon,1,"[74.99920021441841, 24.337918532814115, 75.36596700037683, 24.731829000308153]",manual source-to-current-authoritative geometry review unresolved,"Single polygon representation does not establish coverage, topology or legal boundary correctness."
atlas:local:IND:7132399B27206108284255,Mandsaur,Mandsaur,gb:IND:ADM3,2018,Polygon,1,"[75.07793124962751, 23.82020481410092, 75.3311737538657, 24.208064148241874]",manual source-to-current-authoritative geometry review unresolved,"Single polygon representation does not establish coverage, topology or legal boundary correctness."
atlas:local:IND:7132399B27295833507724,Keskal,Keskal,gb:IND:ADM3,2018,Polygon,1,"[81.28305614442559, 19.87342868918273, 81.68119869556341, 20.194601000335922]",manual source-to-current-authoritative geometry review unresolved,"Single polygon representation does not establish coverage, topology or legal boundary correctness."
atlas:local:IND:7132399B27505405173219,Bhavra,Bhavra,gb:IND:ADM3,2018,Polygon,1,"[74.20616100013012, 22.438511956961293, 74.466747492303, 22.645614999932377]",manual source-to-current-authoritative geometry review unresolved,"Single polygon representation does not establish coverage, topology or legal boundary correctness."
atlas:local:IND:7132399B28483170735928,Kurud,Kurud,gb:IND:ADM3,2018,Polygon,1,"[81.47554800014018, 20.74210896615591, 81.84249100015961, 21.025769999885654]",manual source-to-current-authoritative geometry review unresolved,"Single polygon representation does not establish coverage, topology or legal boundary correctness."
atlas:local:IND:7132399B28486817851214,Gharghoda,Gharghoda,gb:IND:ADM3,2018,Polygon,1,"[83.19968758651294, 22.060219978569194, 83.50951002626675, 22.406337350088677]",manual source-to-current-authoritative geometry review unresolved,"Single polygon representation does not establish coverage, topology or legal boundary correctness."
atlas:local:IND:7132399B29463406957285,Meghnagar,Meghnagar,gb:IND:ADM3,2018,Polygon,1,"[74.33910400014952, 22.856305999722167, 74.72090912165868, 23.123289803981322]",manual source-to-current-authoritative geometry review unresolved,"Single polygon representation does not establish coverage, topology or legal boundary correctness."
atlas:local:IND:7132399B30768846837,Udaypur,Udaypur,gb:IND:ADM3,2018,Polygon,1,"[82.76912700001111, 22.639812000323616, 83.12931035019255, 23.06241373420653]",manual source-to-current-authoritative geometry review unresolved,"Single polygon representation does not establish coverage, topology or legal boundary correctness."
atlas:local:IND:7132399B31220235253860,Udaipur (Dharamjaigarh),Udaipur (Dharamjaigarh),gb:IND:ADM3,2018,MultiPolygon,2,"[82.98843707980745, 22.0565234942639, 83.46793550032316, 22.786950447205413]",manual source-to-current-authoritative geometry review unresolved,MultiPolygon has multiple source components; verify all components correspond to the named admin unit and are not offshore omissions/aggregation before any acceptance.
atlas:local:IND:7132399B31712107730830,Kharsia,Kharsia,gb:IND:ADM3,2018,Polygon,1,"[82.93975799963204, 21.907567999563582, 83.2923544118267, 22.198850999873798]",manual source-to-current-authoritative geometry review unresolved,"Single polygon representation does not establish coverage, topology or legal boundary correctness."
atlas:local:IND:7132399B31809730083604,Chhura,Chhura,gb:IND:ADM3,2018,Polygon,1,"[81.91112499961912, 20.618462414608814, 82.3756640000936, 20.986755000243136]",manual source-to-current-authoritative geometry review unresolved,"Single polygon representation does not establish coverage, topology or legal boundary correctness."
atlas:local:IND:7132399B32196406314219,Kukshi,Kukshi,gb:IND:ADM3,2018,Polygon,1,"[74.58942701634379, 22.045757990638833, 74.96869222846362, 22.56657508087534]",manual source-to-current-authoritative geometry review unresolved,"Single polygon representation does not establish coverage, topology or legal boundary correctness."
atlas:local:IND:7132399B32874855675766,Pratappur,Pratappur,gb:IND:ADM3,2018,Polygon,1,"[82.80704389685843, 23.26822236676884, 83.36258292995831, 23.792484618570313]",manual source-to-current-authoritative geometry review unresolved,"Single polygon representation does not establish coverage, topology or legal boundary correctness."
atlas:local:IND:7132399B33288166806196,Kartala,Kartala,gb:IND:ADM3,2018,Polygon,1,"[82.62327349367683, 22.037414999802422, 83.07164799965551, 22.352184243208285]",manual source-to-current-authoritative geometry review unresolved,"Single polygon representation does not establish coverage, topology or legal boundary correctness."
atlas:local:IND:7132399B3364211783130,Baikunthpur,Baikunthpur,gb:IND:ADM3,2018,Polygon,1,"[82.37197810800336, 23.141394000332923, 82.75968199972459, 23.40173132813834]",manual source-to-current-authoritative geometry review unresolved,"Single polygon representation does not establish coverage, topology or legal boundary correctness."
atlas:local:IND:7132399B33941123808720,Patan,Patan,gb:IND:ADM3,2018,Polygon,1,"[81.39604646717078, 20.84254133301613, 81.62478599977413, 21.24995551943175]",manual source-to-current-authoritative geometry review unresolved,"Single polygon representation does not establish coverage, topology or legal boundary correctness."
atlas:local:IND:7132399B34129627343421,Alot,Alot,gb:IND:ADM3,2018,Polygon,1,"[75.37481909652416, 23.655715999693655, 75.68989225052701, 23.926263378352303]",manual source-to-current-authoritative geometry review unresolved,"Single polygon representation does not establish coverage, topology or legal boundary correctness."
atlas:local:IND:7132399B34529276801279,Dhamtari,Dhamtari,gb:IND:ADM3,2018,Polygon,1,"[81.4119799995774, 20.492883999696858, 81.76073704947532, 20.857829816792673]",manual source-to-current-authoritative geometry review unresolved,"Single polygon representation does not establish coverage, topology or legal boundary correctness."
atlas:local:IND:7132399B34530791545957,Dabhra,Dabhra,gb:IND:ADM3,2018,Polygon,1,"[83.01080216688655, 21.678267000421783, 83.32083899962021, 21.94089100021955]",manual source-to-current-authoritative geometry review unresolved,"Single polygon representation does not establish coverage, topology or legal boundary correctness."
atlas:local:IND:7132399B3465597795701,Khadganva,Khadganva,gb:IND:ADM3,2018,Polygon,1,"[82.15142485127592, 22.93737599980261, 82.61568499986294, 23.226582550944045]",manual source-to-current-authoritative geometry review unresolved,"Single polygon representation does not establish coverage, topology or legal boundary correctness."
atlas:local:IND:7132399B35159439651664,Shankargarh,Shankargarh,gb:IND:ADM3,2018,Polygon,1,"[83.47611046992233, 23.173207999749422, 83.8394946610498, 23.4837978705753]",manual source-to-current-authoritative geometry review unresolved,"Single polygon representation does not establish coverage, topology or legal boundary correctness."
atlas:local:IND:7132399B35959693874397,Dantewada,Dantewada,gb:IND:ADM3,2018,Polygon,1,"[81.19121930972341, 18.748485319941608, 81.58421300022985, 18.94385432271889]",manual source-to-current-authoritative geometry review unresolved,"Single polygon representation does not establish coverage, topology or legal boundary correctness."
atlas:local:IND:7132399B36105150499791,BADE BACHELI,BADE BACHELI,gb:IND:ADM3,2018,Polygon,1,"[81.15081230614305, 18.392122438200033, 81.43233421874925, 18.800588930334925]",manual source-to-current-authoritative geometry review unresolved,"Single polygon representation does not establish coverage, topology or legal boundary correctness."
atlas:local:IND:7132399B3670559243443,Lohandiguda,Lohandiguda,gb:IND:ADM3,2018,Polygon,1,"[81.34746669463232, 19.00426896294232, 81.82574207673554, 19.280429899020646]",manual source-to-current-authoritative geometry review unresolved,"Single polygon representation does not establish coverage, topology or legal boundary correctness."
atlas:local:IND:7132399B36778177568156,Jaijaipur,Jaijaipur,gb:IND:ADM3,2018,Polygon,1,"[82.76934990867142, 21.68862499964405, 82.96061176072425, 22.000137970590913]",manual source-to-current-authoritative geometry review unresolved,"Single polygon representation does not establish coverage, topology or legal boundary correctness."
atlas:local:IND:7132399B38471038528613,Singoli,Singoli,gb:IND:ADM3,2018,Polygon,1,"[74.82492099980436, 24.74000074224051, 75.42665100014358, 25.050169000099345]",manual source-to-current-authoritative geometry review unresolved,"Single polygon representation does not establish coverage, topology or legal boundary correctness."
atlas:local:IND:7132399B39400597138084,Khairagarh,Khairagarh,gb:IND:ADM3,2018,Polygon,1,"[80.66342200012525, 21.217182348086965, 81.19430499967604, 21.517016216625166]",manual source-to-current-authoritative geometry review unresolved,"Single polygon representation does not establish coverage, topology or legal boundary correctness."
atlas:local:IND:7132399B39587509044196,Mahasamund,Mahasamund,gb:IND:ADM3,2018,Polygon,1,"[81.99137100037143, 20.986755000243136, 82.47427896839974, 21.43399599981558]",manual source-to-current-authoritative geometry review unresolved,"Single polygon representation does not establish coverage, topology or legal boundary correctness."
atlas:local:IND:7132399B39835135575024,Kunkuri,Kunkuri,gb:IND:ADM3,2018,Polygon,1,"[83.77515338741892, 22.65483970948503, 84.07280094740588, 22.89785971805162]",manual source-to-current-authoritative geometry review unresolved,"Single polygon representation does not establish coverage, topology or legal boundary correctness."
atlas:local:IND:7132399B39891152694460,Pakhanjur,Pakhanjur,gb:IND:ADM3,2018,Polygon,1,"[80.40167200016276, 19.69403799965403, 81.09591042642512, 20.224538999575202]",manual source-to-current-authoritative geometry review unresolved,"Single polygon representation does not establish coverage, topology or legal boundary correctness."
atlas:local:IND:7132399B4091520367597,Baramkela,Baramkela,gb:IND:ADM3,2018,Polygon,1,"[83.20585599955479, 21.342355999729648, 83.4936069997633, 21.701988571815207]",manual source-to-current-authoritative geometry review unresolved,"Single polygon representation does not establish coverage, topology or legal boundary correctness."
atlas:local:IND:7132399B41436214884756,Sukma,Sukma,gb:IND:ADM3,2018,MultiPolygon,2,"[81.37957331455686, 18.272765646517428, 81.83643185384705, 18.623679765308964]",manual source-to-current-authoritative geometry review unresolved,MultiPolygon has multiple source components; verify all components correspond to the named admin unit and are not offshore omissions/aggregation before any acceptance.
atlas:local:IND:7132399B42690352659456,Gurur,Gurur,gb:IND:ADM3,2018,Polygon,1,"[81.25266341108761, 20.532243999960656, 81.52027100040641, 20.861224762013194]",manual source-to-current-authoritative geometry review unresolved,"Single polygon representation does not establish coverage, topology or legal boundary correctness."
atlas:local:IND:7132399B42794548080243,Sonhat,Sonhat,gb:IND:ADM3,2018,Polygon,1,"[82.25757891093804, 23.33184707228463, 82.65663899988999, 23.810410002719493]",manual source-to-current-authoritative geometry review unresolved,"Single polygon representation does not establish coverage, topology or legal boundary correctness."
atlas:local:IND:7132399B42860271418034,Manora,Manora,gb:IND:ADM3,2018,Polygon,1,"[83.83845231532217, 22.84322119400298, 84.15373898636517, 23.187576000432102]",manual source-to-current-authoritative geometry review unresolved,"Single polygon representation does not establish coverage, topology or legal boundary correctness."
atlas:local:IND:7132399B43423275673592,Rajnandgaon,Rajnandgaon,gb:IND:ADM3,2018,Polygon,1,"[80.92033604956907, 20.99272699955145, 81.21733100032549, 21.368153379974558]",manual source-to-current-authoritative geometry review unresolved,"Single polygon representation does not establish coverage, topology or legal boundary correctness."
atlas:local:IND:7132399B43751798025529,Bilaspur,Bilaspur,gb:IND:ADM3,2018,Polygon,1,"[82.0888241165398, 22.00153610700579, 82.37304321737065, 22.32524299996453]",manual source-to-current-authoritative geometry review unresolved,"Single polygon representation does not establish coverage, topology or legal boundary correctness."
atlas:local:IND:7132399B43979961945208,Bharatpur,Bharatpur,gb:IND:ADM3,2018,Polygon,1,"[81.5773320003716, 23.488858999643185, 82.3418874101759, 23.923582000209194]",manual source-to-current-authoritative geometry review unresolved,"Single polygon representation does not establish coverage, topology or legal boundary correctness."
atlas:local:IND:7132399B44312185300230,Neemuch Nagar,Neemuch Nagar,gb:IND:ADM3,2018,Polygon,1,"[74.8006625880081, 24.415319540864175, 74.94644480688237, 24.563484348024303]",manual source-to-current-authoritative geometry review unresolved,"Single polygon representation does not establish coverage, topology or legal boundary correctness."
atlas:local:IND:7132399B4457923223252,Ramanujganj,Ramanujganj,gb:IND:ADM3,2018,Polygon,1,"[83.19901999997307, 23.655604510739636, 83.74215699984575, 24.106161000429893]",manual source-to-current-authoritative geometry review unresolved,"Single polygon representation does not establish coverage, topology or legal boundary correctness."
atlas:local:IND:7132399B45431594037265,Deobhog,Deobhog,gb:IND:ADM3,2018,Polygon,1,"[82.5073829679497, 19.77649499984443, 82.72511300006494, 20.00514599958825]",manual source-to-current-authoritative geometry review unresolved,"Single polygon representation does not establish coverage, topology or legal boundary correctness."
atlas:local:IND:7132399B46346235664280,Kasdol,Kasdol,gb:IND:ADM3,2018,Polygon,1,"[82.2416530002858, 21.261601999832465, 82.70446000002903, 21.737517999755937]",manual source-to-current-authoritative geometry review unresolved,"Single polygon representation does not establish coverage, topology or legal boundary correctness."
atlas:local:IND:7132399B46422020928525,Badnawar,Badnawar,gb:IND:ADM3,2018,Polygon,1,"[75.01063648098886, 22.711568564637616, 75.4468697598316, 23.132835094863765]",manual source-to-current-authoritative geometry review unresolved,"Single polygon representation does not establish coverage, topology or legal boundary correctness."
atlas:local:IND:7132399B46989398744194,Pusour,Pusour,gb:IND:ADM3,2018,Polygon,1,"[83.23744135083774, 21.67787400028493, 83.50387362786569, 21.88291832961727]",manual source-to-current-authoritative geometry review unresolved,"Single polygon representation does not establish coverage, topology or legal boundary correctness."
atlas:local:IND:7132399B47070179065875,Pandariya,Pandariya,gb:IND:ADM3,2018,Polygon,1,"[81.20137800029454, 22.012644517630463, 81.56388900007732, 22.523847999985264]",manual source-to-current-authoritative geometry review unresolved,"Single polygon representation does not establish coverage, topology or legal boundary correctness."
atlas:local:IND:7132399B47631190972279,Darbha,Darbha,gb:IND:ADM3,2018,MultiPolygon,2,"[81.65031765643477, 18.605756476580154, 82.11382300043118, 19.008222116457546]",manual source-to-current-authoritative geometry review unresolved,MultiPolygon has multiple source components; verify all components correspond to the named admin unit and are not offshore omissions/aggregation before any acceptance.
atlas:local:IND:7132399B48065945156602,Janjgir,Janjgir,gb:IND:ADM3,2018,MultiPolygon,2,"[82.49880307769996, 21.712830999850837, 82.70870725523571, 22.090962031072934]",manual source-to-current-authoritative geometry review unresolved,MultiPolygon has multiple source components; verify all components correspond to the named admin unit and are not offshore omissions/aggregation before any acceptance.
atlas:local:IND:7132399B48083103739073,Wadrafnagar,Wadrafnagar,gb:IND:ADM3,2018,Polygon,1,"[82.69224567419855, 23.543287685778125, 83.41231171321505, 23.963894000307903]",manual source-to-current-authoritative geometry review unresolved,"Single polygon representation does not establish coverage, topology or legal boundary correctness."
atlas:local:IND:7132399B48148572188913,Bilaigarh,Bilaigarh,gb:IND:ADM3,2018,Polygon,1,"[82.62265169072299, 21.481279000325628, 82.98449699973679, 21.72698000032682]",manual source-to-current-authoritative geometry review unresolved,"Single polygon representation does not establish coverage, topology or legal boundary correctness."
atlas:local:IND:7132399B48223877218278,Chhindgarh,Chhindgarh,gb:IND:ADM3,2018,MultiPolygon,2,"[81.54141221180419, 18.461925323395008, 81.97199199973107, 18.770878000019707]",manual source-to-current-authoritative geometry review unresolved,MultiPolygon has multiple source components; verify all components correspond to the named admin unit and are not offshore omissions/aggregation before any acceptance.
atlas:local:IND:7132399B48310655670907,Bhopalpattnam,Bhopalpattnam,gb:IND:ADM3,2018,Polygon,1,"[80.24682600001995, 18.588275237911944, 80.68007667010232, 19.40458500009771]",manual source-to-current-authoritative geometry review unresolved,"Single polygon representation does not establish coverage, topology or legal boundary correctness."
atlas:local:IND:7132399B50257967760690,Akaltara,Akaltara,gb:IND:ADM3,2018,Polygon,1,"[82.3218807412033, 21.911045799324256, 82.52824661798707, 22.135786000023927]",manual source-to-current-authoritative geometry review unresolved,"Single polygon representation does not establish coverage, topology or legal boundary correctness."
atlas:local:IND:7132399B50720177875944,Dongargaon,Dongargaon,gb:IND:ADM3,2018,Polygon,1,"[80.7219804702226, 20.92027644280364, 81.03502863246547, 21.172462137517698]",manual source-to-current-authoritative geometry review unresolved,"Single polygon representation does not establish coverage, topology or legal boundary correctness."
atlas:local:IND:7132399B52362824715715,Bhaiyathan,Bhaiyathan,gb:IND:ADM3,2018,Polygon,1,"[82.73646277973353, 23.248573015532315, 83.07265147848301, 23.478969512133347]",manual source-to-current-authoritative geometry review unresolved,"Single polygon representation does not establish coverage, topology or legal boundary correctness."
atlas:local:IND:7132399B52394545133634,Jhabua,Jhabua,gb:IND:ADM3,2018,Polygon,1,"[74.42269100028949, 22.650264520990902, 74.69245964429723, 22.92578433937581]",manual source-to-current-authoritative geometry review unresolved,"Single polygon representation does not establish coverage, topology or legal boundary correctness."
atlas:local:IND:7132399B5279495462625,Sahaspur Lohara,Sahaspur Lohara,gb:IND:ADM3,2018,Polygon,1,"[80.94406900008437, 21.70203800035347, 81.4042049998609, 21.95351862478475]",manual source-to-current-authoritative geometry review unresolved,"Single polygon representation does not establish coverage, topology or legal boundary correctness."
atlas:local:IND:7132399B52834648890872,Bagicha,Bagicha,gb:IND:ADM3,2018,Polygon,1,"[83.50263696022756, 22.73950404617483, 83.9294136905894, 23.24526399963395]",manual source-to-current-authoritative geometry review unresolved,"Single polygon representation does not establish coverage, topology or legal boundary correctness."
atlas:local:IND:7132399B53631094702812,Pamgarh,Pamgarh,gb:IND:ADM3,2018,Polygon,1,"[82.30893700044226, 21.722, 82.60621004855494, 21.97971108260043]",manual source-to-current-authoritative geometry review unresolved,"Single polygon representation does not establish coverage, topology or legal boundary correctness."
atlas:local:IND:7132399B54276781109039,Katekalyan,Katekalyan,gb:IND:ADM3,2018,MultiPolygon,2,"[81.39811628563814, 18.557870086735193, 81.77660399967488, 18.851338999895006]",manual source-to-current-authoritative geometry review unresolved,MultiPolygon has multiple source components; verify all components correspond to the named admin unit and are not offshore omissions/aggregation before any acceptance.
atlas:local:IND:7132399B54306254859292,Manpur,Manpur,gb:IND:ADM3,2018,Polygon,1,"[80.38981600020833, 20.112263000237306, 80.97206899988447, 20.551888868976164]",manual source-to-current-authoritative geometry review unresolved,"Single polygon representation does not establish coverage, topology or legal boundary correctness."
atlas:local:IND:7132399B54445111827496,Chhuikhadan,Chhuikhadan,gb:IND:ADM3,2018,Polygon,1,"[80.71428700034483, 21.472527999667477, 81.19586200043102, 21.83266599973615]",manual source-to-current-authoritative geometry review unresolved,"Single polygon representation does not establish coverage, topology or legal boundary correctness."
atlas:local:IND:7132399B54607951844063,Neemuch,Neemuch,gb:IND:ADM3,2018,MultiPolygon,2,"[74.71242500021367, 24.349412474706014, 75.11407073357753, 24.576519766573995]",manual source-to-current-authoritative geometry review unresolved,MultiPolygon has multiple source components; verify all components correspond to the named admin unit and are not offshore omissions/aggregation before any acceptance.
atlas:local:IND:7132399B54697497510031,Antagarh,Antagarh,gb:IND:ADM3,2018,Polygon,1,"[80.97280899983554, 19.707749134614915, 81.41785399976231, 20.176872663942333]",manual source-to-current-authoritative geometry review unresolved,"Single polygon representation does not establish coverage, topology or legal boundary correctness."
atlas:local:IND:7132399B54703402289027,Bijapur,Bijapur,gb:IND:ADM3,2018,Polygon,1,"[80.53542232158293, 18.527708855079652, 81.20234455295883, 19.00278073784085]",manual source-to-current-authoritative geometry review unresolved,"Single polygon representation does not establish coverage, topology or legal boundary correctness."
atlas:local:IND:7132399B55222548691407,Jobat,Jobat,gb:IND:ADM3,2018,Polygon,1,"[74.35213958327523, 22.263427658459705, 74.74938136265979, 22.5716322538255]",manual source-to-current-authoritative geometry review unresolved,"Single polygon representation does not establish coverage, topology or legal boundary correctness."
atlas:local:IND:7132399B55771759266266,Pendra Road Gorella,Pendra Road Gorella,gb:IND:ADM3,2018,MultiPolygon,2,"[81.73030899976061, 22.54182099963947, 82.2439579995621, 22.92464800010515]",manual source-to-current-authoritative geometry review unresolved,MultiPolygon has multiple source components; verify all components correspond to the named admin unit and are not offshore omissions/aggregation before any acceptance.
atlas:local:IND:7132399B56340118397507,Masturi,Masturi,gb:IND:ADM3,2018,Polygon,1,"[82.18592799987732, 21.71102500020362, 82.47516600031071, 22.318539917483236]",manual source-to-current-authoritative geometry review unresolved,"Single polygon representation does not establish coverage, topology or legal boundary correctness."
atlas:local:IND:7132399B56384052656360,Makdi,Makdi,gb:IND:ADM3,2018,Polygon,1,"[81.66442723063227, 19.48858135994186, 82.06748200019422, 19.892177626596265]",manual source-to-current-authoritative geometry review unresolved,"Single polygon representation does not establish coverage, topology or legal boundary correctness."
atlas:local:IND:7132399B56525727039565,Gunderdehi,Gunderdehi,gb:IND:ADM3,2018,Polygon,1,"[81.09648375322269, 20.77013591414118, 81.435631945458, 21.079648999701647]",manual source-to-current-authoritative geometry review unresolved,"Single polygon representation does not establish coverage, topology or legal boundary correctness."
atlas:local:IND:7132399B56586894562991,Kawardha,Kawardha,gb:IND:ADM3,2018,MultiPolygon,2,"[81.17432774572893, 21.854126130516534, 81.48325300022583, 22.13387972237132]",manual source-to-current-authoritative geometry review unresolved,MultiPolygon has multiple source components; verify all components correspond to the named admin unit and are not offshore omissions/aggregation before any acceptance.
atlas:local:IND:7132399B57246502362737,Konta,Konta,gb:IND:ADM3,2018,MultiPolygon,2,"[80.91875201429406, 17.790092000445497, 81.53490200062686, 18.54569580501743]",manual source-to-current-authoritative geometry review unresolved,MultiPolygon has multiple source components; verify all components correspond to the named admin unit and are not offshore omissions/aggregation before any acceptance.
atlas:local:IND:7132399B58545523547153,Ranapur,Ranapur,gb:IND:ADM3,2018,Polygon,1,"[74.3713043375252, 22.500166708326958, 74.6607334699737, 22.75799899975408]",manual source-to-current-authoritative geometry review unresolved,"Single polygon representation does not establish coverage, topology or legal boundary correctness."
atlas:local:IND:7132399B58599707521936,Ramanujnagar,Ramanujnagar,gb:IND:ADM3,2018,Polygon,1,"[82.57318100030295, 23.01291567831595, 82.86890627560422, 23.283854587619146]",manual source-to-current-authoritative geometry review unresolved,"Single polygon representation does not establish coverage, topology or legal boundary correctness."
atlas:local:IND:7132399B58672169850376,Narayanpur,Narayanpur,gb:IND:ADM3,2018,Polygon,1,"[81.1245731069634, 19.324482625572784, 81.52260285973426, 19.794419333585438]",manual source-to-current-authoritative geometry review unresolved,"Single polygon representation does not establish coverage, topology or legal boundary correctness."
atlas:local:IND:7132399B58794838780750,Bastar,Bastar,gb:IND:ADM3,2018,Polygon,1,"[81.61957897728803, 19.10126619298046, 82.04373998361342, 19.504814685849112]",manual source-to-current-authoritative geometry review unresolved,"Single polygon representation does not establish coverage, topology or legal boundary correctness."
atlas:local:IND:7132399B58991289399609,Jiran,Jiran,gb:IND:ADM3,2018,Polygon,1,"[74.75304400008059, 24.23761900031667, 75.01736579309693, 24.434396435846907]",manual source-to-current-authoritative geometry review unresolved,"Single polygon representation does not establish coverage, topology or legal boundary correctness."
atlas:local:IND:7132399B60029820557008,Rajpur,Rajpur,gb:IND:ADM3,2018,Polygon,1,"[83.19916154966586, 23.1733876303349, 83.66434952341183, 23.560127940751897]",manual source-to-current-authoritative geometry review unresolved,"Single polygon representation does not establish coverage, topology or legal boundary correctness."
atlas:local:IND:7132399B62558858829947,Tal,Tal,gb:IND:ADM3,2018,Polygon,1,"[75.24658185756675, 23.526006375393933, 75.52365899956322, 23.887127837180003]",manual source-to-current-authoritative geometry review unresolved,"Single polygon representation does not establish coverage, topology or legal boundary correctness."
atlas:local:IND:7132399B63031839678036,Dhamdha,Dhamdha,gb:IND:ADM3,2018,Polygon,1,"[81.15850099972141, 21.234024326161773, 81.55325299972623, 21.53949795386751]",manual source-to-current-authoritative geometry review unresolved,"Single polygon representation does not establish coverage, topology or legal boundary correctness."
atlas:local:IND:7132399B63126448819331,Barwani,Barwani,gb:IND:ADM3,2018,MultiPolygon,2,"[74.67933721004425, 21.668009102038468, 75.07644979911902, 22.076300255152717]",manual source-to-current-authoritative geometry review unresolved,MultiPolygon has multiple source components; verify all components correspond to the named admin unit and are not offshore omissions/aggregation before any acceptance.
atlas:local:IND:7132399B64258922578336,Tokapal,Tokapal,gb:IND:ADM3,2018,Polygon,1,"[81.70982308027101, 18.965616988133547, 81.98704308317178, 19.198379382502537]",manual source-to-current-authoritative geometry review unresolved,"Single polygon representation does not establish coverage, topology or legal boundary correctness."
atlas:local:IND:7132399B64394437833973,Rama,Rama,gb:IND:ADM3,2018,Polygon,1,"[74.57110132056954, 22.52437541459375, 74.93576837750868, 22.913713157736083]",manual source-to-current-authoritative geometry review unresolved,"Single polygon representation does not establish coverage, topology or legal boundary correctness."
atlas:local:IND:7132399B64402145019317,Pathariya,Pathariya,gb:IND:ADM3,2018,Polygon,1,"[81.7375926917494, 21.815050000357303, 82.03843699986771, 22.117080774158467]",manual source-to-current-authoritative geometry review unresolved,"Single polygon representation does not establish coverage, topology or legal boundary correctness."
atlas:local:IND:7132399B65561116229248,Simga,Simga,gb:IND:ADM3,2018,Polygon,1,"[81.66035499968353, 21.4718065527303, 82.06070970588826, 21.77489300021182]",manual source-to-current-authoritative geometry review unresolved,"Single polygon representation does not establish coverage, topology or legal boundary correctness."
atlas:local:IND:7132399B66359492590660,Sardarpur,Sardarpur,gb:IND:ADM3,2018,Polygon,1,"[74.77858973832582, 22.519860620970917, 75.23824447939927, 22.98709626198297]",manual source-to-current-authoritative geometry review unresolved,"Single polygon representation does not establish coverage, topology or legal boundary correctness."
atlas:local:IND:7132399B66662997817575,Ambagarh,Ambagarh,gb:IND:ADM3,2018,Polygon,1,"[80.55020899984555, 20.65610822161716, 80.8323738027089, 20.86159412436939]",manual source-to-current-authoritative geometry review unresolved,"Single polygon representation does not establish coverage, topology or legal boundary correctness."
atlas:local:IND:7132399B67591159077428,Dahi,Dahi,gb:IND:ADM3,2018,MultiPolygon,2,"[74.47142000003305, 22.00496115523316, 74.7571943830144, 22.244420999629483]",manual source-to-current-authoritative geometry review unresolved,MultiPolygon has multiple source components; verify all components correspond to the named admin unit and are not offshore omissions/aggregation before any acceptance.
atlas:local:IND:7132399B68739368482004,Mohla,Mohla,gb:IND:ADM3,2018,Polygon,1,"[80.4878009997164, 20.447689070294416, 80.9936070002629, 20.716600000289816]",manual source-to-current-authoritative geometry review unresolved,"Single polygon representation does not establish coverage, topology or legal boundary correctness."
atlas:local:IND:7132399B69366453055220,Marwahi,Marwahi,gb:IND:ADM3,2018,Polygon,1,"[81.89398199956969, 22.819079988150975, 82.21553800017864, 23.116204999760953]",manual source-to-current-authoritative geometry review unresolved,"Single polygon representation does not establish coverage, topology or legal boundary correctness."
atlas:local:IND:7132399B69864413802265,Jawad,Jawad,gb:IND:ADM3,2018,Polygon,1,"[74.7473370004023, 24.536197042059882, 75.21874200004333, 24.7932380002336]",manual source-to-current-authoritative geometry review unresolved,"Single polygon representation does not establish coverage, topology or legal boundary correctness."
atlas:local:IND:7132399B70113624377609,Surajpur,Surajpur,gb:IND:ADM3,2018,MultiPolygon,3,"[82.8039843385065, 23.0707032909242, 83.24682932331467, 23.328075832733532]",manual source-to-current-authoritative geometry review unresolved,MultiPolygon has multiple source components; verify all components correspond to the named admin unit and are not offshore omissions/aggregation before any acceptance.
atlas:local:IND:7132399B71290029936230,Manendragarh,Manendragarh,gb:IND:ADM3,2018,MultiPolygon,2,"[81.92586679991297, 23.071945008255568, 82.40670160219724, 23.580347465762998]",manual source-to-current-authoritative geometry review unresolved,MultiPolygon has multiple source components; verify all components correspond to the named admin unit and are not offshore omissions/aggregation before any acceptance.
atlas:local:IND:7132399B72062960543586,Poundi-Uproda,Poundi-Uproda,gb:IND:ADM3,2018,Polygon,1,"[82.13835899966818, 22.46618533918212, 82.82723214614668, 22.997170999941773]",manual source-to-current-authoritative geometry review unresolved,"Single polygon representation does not establish coverage, topology or legal boundary correctness."
atlas:local:IND:7132399B72273890037662,Dharampuri,Dharampuri,gb:IND:ADM3,2018,Polygon,1,"[75.28253798683869, 22.116976622772995, 75.54048027434521, 22.389127262413297]",manual source-to-current-authoritative geometry review unresolved,"Single polygon representation does not establish coverage, topology or legal boundary correctness."
atlas:local:IND:7132399B72302961806998,Oudgi,Oudgi,gb:IND:ADM3,2018,Polygon,1,"[82.49899300012692, 23.355081999834454, 83.04604720491466, 23.91378290355823]",manual source-to-current-authoritative geometry review unresolved,"Single polygon representation does not establish coverage, topology or legal boundary correctness."
atlas:local:IND:7132399B72308936689230,Sondawa,Sondawa,gb:IND:ADM3,2018,Polygon,1,"[74.09329999989512, 21.923955999869577, 74.53911600030324, 22.24439686002711]",manual source-to-current-authoritative geometry review unresolved,"Single polygon representation does not establish coverage, topology or legal boundary correctness."
atlas:local:IND:7132399B72395734918465,Berla,Berla,gb:IND:ADM3,2018,Polygon,1,"[81.33530597828832, 21.33264823822566, 81.70015699964586, 21.68841794603145]",manual source-to-current-authoritative geometry review unresolved,"Single polygon representation does not establish coverage, topology or legal boundary correctness."
atlas:local:IND:7132399B73252963953035,Sitapur,Sitapur,gb:IND:ADM3,2018,Polygon,1,"[83.4245522551825, 22.626132999938022, 83.69083400008907, 22.895126805157986]",manual source-to-current-authoritative geometry review unresolved,"Single polygon representation does not establish coverage, topology or legal boundary correctness."
atlas:local:IND:7132399B73683460818914,Lakhanpur,Lakhanpur,gb:IND:ADM3,2018,Polygon,1,"[82.85559484612531, 22.731189239192076, 83.18784332361054, 23.122302132537413]",manual source-to-current-authoritative geometry review unresolved,"Single polygon representation does not establish coverage, topology or legal boundary correctness."
atlas:local:IND:7132399B73689619188881,Jaora,Jaora,gb:IND:ADM3,2018,Polygon,1,"[75.05982321496947, 23.514914375597982, 75.34968437273568, 23.861799000123824]",manual source-to-current-authoritative geometry review unresolved,"Single polygon representation does not establish coverage, topology or legal boundary correctness."
atlas:local:IND:7132399B73980038703807,Samri(kusmi),Samri(kusmi),gb:IND:ADM3,2018,Polygon,1,"[83.71425917921778, 23.146993999573453, 84.07743800026356, 23.633415000102218]",manual source-to-current-authoritative geometry review unresolved,"Single polygon representation does not establish coverage, topology or legal boundary correctness."
atlas:local:IND:7132399B74587149967996,Arang,Arang,gb:IND:ADM3,2018,Polygon,1,"[81.71717697873464, 21.075403261651275, 82.19415299966124, 21.458660752291962]",manual source-to-current-authoritative geometry review unresolved,"Single polygon representation does not establish coverage, topology or legal boundary correctness."
atlas:local:IND:7132399B75317701409372,Thanakhamria,Thanakhamria,gb:IND:ADM3,2018,Polygon,1,"[81.26544054884232, 21.68370517205608, 81.5058080169265, 21.889561000140077]",manual source-to-current-authoritative geometry review unresolved,"Single polygon representation does not establish coverage, topology or legal boundary correctness."
atlas:local:IND:7132399B75764597157290,Sakti,Sakti,gb:IND:ADM3,2018,Polygon,1,"[82.74774488721681, 21.959475065821664, 83.05022400003764, 22.171508999840512]",manual source-to-current-authoritative geometry review unresolved,"Single polygon representation does not establish coverage, topology or legal boundary correctness."
atlas:local:IND:7132399B76019344419089,Bakavand,Bakavand,gb:IND:ADM3,2018,MultiPolygon,2,"[81.85037993228809, 19.1088552614612, 82.19128399955702, 19.551975642062303]",manual source-to-current-authoritative geometry review unresolved,MultiPolygon has multiple source components; verify all components correspond to the named admin unit and are not offshore omissions/aggregation before any acceptance.
atlas:local:IND:7132399B76030841354436,Pendra,Pendra,gb:IND:ADM3,2018,Polygon,1,"[81.92639194373328, 22.603113874605697, 82.18398910921007, 22.85595826336322]",manual source-to-current-authoritative geometry review unresolved,"Single polygon representation does not establish coverage, topology or legal boundary correctness."
atlas:local:IND:7132399B76120811611746,Tamnar,Tamnar,gb:IND:ADM3,2018,Polygon,1,"[83.21700921170583, 21.988559191153797, 83.63183044381998, 22.26920325392706]",manual source-to-current-authoritative geometry review unresolved,"Single polygon representation does not establish coverage, topology or legal boundary correctness."
atlas:local:IND:7132399B76642834038433,Orchha,Orchha,gb:IND:ADM3,2018,Polygon,1,"[80.66309400028791, 19.081077889732853, 81.3392957099291, 19.94878799966648]",manual source-to-current-authoritative geometry review unresolved,"Single polygon representation does not establish coverage, topology or legal boundary correctness."
atlas:local:IND:7132399B76742639696691,Shamgarh,Shamgarh,gb:IND:ADM3,2018,Polygon,1,"[75.36129986969331, 24.118397216658252, 75.80184200010825, 24.30531443761123]",manual source-to-current-authoritative geometry review unresolved,"Single polygon representation does not establish coverage, topology or legal boundary correctness."
atlas:local:IND:7132399B77214464824580,Bastanar,Bastanar,gb:IND:ADM3,2018,Polygon,1,"[81.4671860003337, 18.798243000214313, 81.74218098696304, 19.12471490916579]",manual source-to-current-authoritative geometry review unresolved,"Single polygon representation does not establish coverage, topology or legal boundary correctness."
atlas:local:IND:7132399B77242352446277,Farasgaon,Farasgaon,gb:IND:ADM3,2018,Polygon,1,"[81.34549796176157, 19.652595323315552, 81.74382899101516, 19.978081368460437]",manual source-to-current-authoritative geometry review unresolved,"Single polygon representation does not establish coverage, topology or legal boundary correctness."
atlas:local:IND:7132399B77284488444282,Malkharoda,Malkharoda,gb:IND:ADM3,2018,Polygon,1,"[82.92482842359294, 21.720442000098274, 83.12305749260923, 22.000137970590913]",manual source-to-current-authoritative geometry review unresolved,"Single polygon representation does not establish coverage, topology or legal boundary correctness."
atlas:local:IND:7132399B77586627675985,Durgkondal,Durgkondal,gb:IND:ADM3,2018,Polygon,1,"[80.68437468664251, 20.0931110001726, 81.06698209694628, 20.458652000289646]",manual source-to-current-authoritative geometry review unresolved,"Single polygon representation does not establish coverage, topology or legal boundary correctness."
atlas:local:IND:7132399B77648308915453,Rajpur,Rajpur,gb:IND:ADM3,2018,Polygon,1,"[74.94093339266198, 21.69109962095081, 75.41191831897532, 21.97326053424632]",manual source-to-current-authoritative geometry review unresolved,"Single polygon representation does not establish coverage, topology or legal boundary correctness."
atlas:local:IND:7132399B79432096431382,Charama,Charama,gb:IND:ADM3,2018,Polygon,1,"[81.21821708704897, 20.32645421179251, 81.54757440153747, 20.55566399989374]",manual source-to-current-authoritative geometry review unresolved,"Single polygon representation does not establish coverage, topology or legal boundary correctness."
atlas:local:IND:7132399B79589929892818,Balrampur,Balrampur,gb:IND:ADM3,2018,Polygon,1,"[83.23285760079767, 23.411558336148346, 83.79465840466173, 23.697739666852215]",manual source-to-current-authoritative geometry review unresolved,"Single polygon representation does not establish coverage, topology or legal boundary correctness."
atlas:local:IND:7132399B79808281624313,Premnagar,Premnagar,gb:IND:ADM3,2018,Polygon,1,"[82.5581889996227, 22.788584000051628, 82.93654453760041, 23.08790279717641]",manual source-to-current-authoritative geometry review unresolved,"Single polygon representation does not establish coverage, topology or legal boundary correctness."
atlas:local:IND:7132399B80449121900811,Nagri,Nagri,gb:IND:ADM3,2018,Polygon,1,"[81.60815407814823, 20.045855000008316, 82.17471299980514, 20.70330205614505]",manual source-to-current-authoritative geometry review unresolved,"Single polygon representation does not establish coverage, topology or legal boundary correctness."
atlas:local:IND:7132399B81022746749653,Daloda,Daloda,gb:IND:ADM3,2018,Polygon,1,"[74.90570800032401, 23.807134491063948, 75.16384900023121, 24.033260785357015]",manual source-to-current-authoritative geometry review unresolved,"Single polygon representation does not establish coverage, topology or legal boundary correctness."
atlas:local:IND:7132399B82144774422980,Ratlam,Ratlam,gb:IND:ADM3,2018,MultiPolygon,2,"[74.90782027848314, 23.089397545060706, 75.34808423240145, 23.5490930029398]",manual source-to-current-authoritative geometry review unresolved,MultiPolygon has multiple source components; verify all components correspond to the named admin unit and are not offshore omissions/aggregation before any acceptance.
atlas:local:IND:7132399B82474314844920,Sendhwa,Sendhwa,gb:IND:ADM3,2018,Polygon,1,"[75.08861515506538, 21.38077199962811, 75.49953500043995, 21.570775649776465]",manual source-to-current-authoritative geometry review unresolved,"Single polygon representation does not establish coverage, topology or legal boundary correctness."
atlas:local:IND:7132399B83775170601916,Korba,Korba,gb:IND:ADM3,2018,Polygon,1,"[82.59545776856123, 22.210191189172065, 83.1244740003749, 22.74713699977275]",manual source-to-current-authoritative geometry review unresolved,"Single polygon representation does not establish coverage, topology or legal boundary correctness."
atlas:local:IND:7132399B84122330675907,Varla,Varla,gb:IND:ADM3,2018,Polygon,1,"[75.07491253848292, 21.510053174314578, 75.47390623588416, 21.767668557358093]",manual source-to-current-authoritative geometry review unresolved,"Single polygon representation does not establish coverage, topology or legal boundary correctness."
atlas:local:IND:7132399B84355357359694,Kanker,Kanker,gb:IND:ADM3,2018,Polygon,1,"[81.2651791518964, 20.145019999973044, 81.59102732255297, 20.38032721942568]",manual source-to-current-authoritative geometry review unresolved,"Single polygon representation does not establish coverage, topology or legal boundary correctness."
atlas:local:IND:7132399B84723767848451,Pati,Pati,gb:IND:ADM3,2018,Polygon,1,"[74.43219000036828, 21.738818593003714, 75.02275892848184, 22.044429307066935]",manual source-to-current-authoritative geometry review unresolved,"Single polygon representation does not establish coverage, topology or legal boundary correctness."
atlas:local:IND:7132399B85373996317265,Bade Rajpur,Bade Rajpur,gb:IND:ADM3,2018,Polygon,1,"[81.64611838545517, 19.85497358276467, 81.88697737980232, 20.169111000272494]",manual source-to-current-authoritative geometry review unresolved,"Single polygon representation does not establish coverage, topology or legal boundary correctness."
atlas:local:IND:7132399B85380063175770,Ambikapur,Ambikapur,gb:IND:ADM3,2018,Polygon,1,"[83.02997269478408, 22.86487669800124, 83.34329328685578, 23.241080781552853]",manual source-to-current-authoritative geometry review unresolved,"Single polygon representation does not establish coverage, topology or legal boundary correctness."
atlas:local:IND:7132399B85782844886014,Kathiwara,Kathiwara,gb:IND:ADM3,2018,MultiPolygon,2,"[74.03068500011273, 22.17044982240145, 74.37442493106579, 22.56829600016033]",manual source-to-current-authoritative geometry review unresolved,MultiPolygon has multiple source components; verify all components correspond to the named admin unit and are not offshore omissions/aggregation before any acceptance.
atlas:local:IND:7132399B86034667448230,Gandhwani,Gandhwani,gb:IND:ADM3,2018,Polygon,1,"[74.86573488725531, 22.215598798245992, 75.24435977848105, 22.567646753494955]",manual source-to-current-authoritative geometry review unresolved,"Single polygon representation does not establish coverage, topology or legal boundary correctness."
atlas:local:IND:7132399B86273058452718,Baloda,Baloda,gb:IND:ADM3,2018,Polygon,1,"[82.40593700039233, 22.068095729334516, 82.65999600001544, 22.25877437104043]",manual source-to-current-authoritative geometry review unresolved,"Single polygon representation does not establish coverage, topology or legal boundary correctness."
atlas:local:IND:7132399B86425966410162,Gidam,Gidam,gb:IND:ADM3,2018,MultiPolygon,2,"[81.11195867815053, 18.900414197257476, 81.52963999988617, 19.1676651001643]",manual source-to-current-authoritative geometry review unresolved,MultiPolygon has multiple source components; verify all components correspond to the named admin unit and are not offshore omissions/aggregation before any acceptance.
atlas:local:IND:7132399B86523581650852,Raipur,Raipur,gb:IND:ADM3,2018,Polygon,1,"[81.53477500016618, 21.12532480379673, 81.82107294955705, 21.4965776590318]",manual source-to-current-authoritative geometry review unresolved,"Single polygon representation does not establish coverage, topology or legal boundary correctness."
atlas:local:IND:7132399B87207608292862,Mainpat,Mainpat,gb:IND:ADM3,2018,Polygon,1,"[83.15326566258034, 22.63958699984022, 83.49635962579617, 22.973750992814132]",manual source-to-current-authoritative geometry review unresolved,"Single polygon representation does not establish coverage, topology or legal boundary correctness."
atlas:local:IND:7132399B8732832897623,Kuakonda,Kuakonda,gb:IND:ADM3,2018,Polygon,1,"[81.31936547973316, 18.476508239563657, 81.4627360145555, 18.81438726266208]",manual source-to-current-authoritative geometry review unresolved,"Single polygon representation does not establish coverage, topology or legal boundary correctness."
atlas:local:IND:7132399B87482681545562,Mainpur,Mainpur,gb:IND:ADM3,2018,Polygon,1,"[82.01750899974058, 19.83501399959647, 82.6258788044633, 20.357914301903577]",manual source-to-current-authoritative geometry review unresolved,"Single polygon representation does not establish coverage, topology or legal boundary correctness."
atlas:local:IND:7132399B87761119416010,Sarangarh,Sarangarh,gb:IND:ADM3,2018,Polygon,1,"[82.9266199999131, 21.363527000270892, 83.22903025883943, 21.737259000402616]",manual source-to-current-authoritative geometry review unresolved,"Single polygon representation does not establish coverage, topology or legal boundary correctness."
atlas:local:IND:7132399B88025659488951,Dondi Luhara,Dondi Luhara,gb:IND:ADM3,2018,Polygon,1,"[80.80545000001757, 20.59330700011799, 81.2078243173384, 21.00725899970314]",manual source-to-current-authoritative geometry review unresolved,"Single polygon representation does not establish coverage, topology or legal boundary correctness."
atlas:local:IND:7132399B88514358905628,Bilha,Bilha,gb:IND:ADM3,2018,Polygon,1,"[81.99009469601344, 21.831729617527856, 82.23321833345938, 22.045073754050577]",manual source-to-current-authoritative geometry review unresolved,"Single polygon representation does not establish coverage, topology or legal boundary correctness."
atlas:local:IND:7132399B89470230355580,Dongargarh,Dongargarh,gb:IND:ADM3,2018,Polygon,1,"[80.44008599996897, 21.05623579594527, 81.00107342549825, 21.364813740361853]",manual source-to-current-authoritative geometry review unresolved,"Single polygon representation does not establish coverage, topology or legal boundary correctness."
atlas:local:IND:7132399B89558706269319,Thandla,Thandla,gb:IND:ADM3,2018,Polygon,1,"[74.32031999996809, 22.981999702324458, 74.80396566208572, 23.238020000122958]",manual source-to-current-authoritative geometry review unresolved,"Single polygon representation does not establish coverage, topology or legal boundary correctness."
atlas:local:IND:7132399B89720282214939,Katghora,Katghora,gb:IND:ADM3,2018,Polygon,1,"[82.47003570528364, 22.25268700040482, 82.70932122959113, 22.538568323569336]",manual source-to-current-authoritative geometry review unresolved,"Single polygon representation does not establish coverage, topology or legal boundary correctness."
atlas:local:IND:7132399B89776485586473,Mungeli,Mungeli,gb:IND:ADM3,2018,Polygon,1,"[81.50087699997363, 21.943193000256827, 81.89444389227185, 22.187265493507766]",manual source-to-current-authoritative geometry review unresolved,"Single polygon representation does not establish coverage, topology or legal boundary correctness."
atlas:local:IND:7132399B90027957774101,Pali,Pali,gb:IND:ADM3,2018,Polygon,1,"[82.14046499966008, 22.2082370001375, 82.59577656203874, 22.6581131769816]",manual source-to-current-authoritative geometry review unresolved,"Single polygon representation does not establish coverage, topology or legal boundary correctness."
atlas:local:IND:7132399B90287734516067,Bhanupratappur,Bhanupratappur,gb:IND:ADM3,2018,Polygon,1,"[80.97054222084688, 20.1252920003256, 81.29311441309972, 20.41998907983219]",manual source-to-current-authoritative geometry review unresolved,"Single polygon representation does not establish coverage, topology or legal boundary correctness."
atlas:local:IND:7132399B90835336603815,Palari,Palari,gb:IND:ADM3,2018,Polygon,1,"[81.96616045024462, 21.358775574333322, 82.34966978793045, 21.618361893586552]",manual source-to-current-authoritative geometry review unresolved,"Single polygon representation does not establish coverage, topology or legal boundary correctness."
atlas:local:IND:7132399B90939965202139,Niwali,Niwali,gb:IND:ADM3,2018,MultiPolygon,2,"[74.8386516842279, 21.493659094591578, 75.13528805100282, 21.778410362947966]",manual source-to-current-authoritative geometry review unresolved,MultiPolygon has multiple source components; verify all components correspond to the named admin unit and are not offshore omissions/aggregation before any acceptance.
atlas:local:IND:7132399B92711391346128,Usur,Usur,gb:IND:ADM3,2018,Polygon,1,"[80.54733393920998, 18.138895000304046, 81.10361369441654, 18.77281473321341]",manual source-to-current-authoritative geometry review unresolved,"Single polygon representation does not establish coverage, topology or legal boundary correctness."
atlas:local:IND:7132399B9297161814009,Anjad,Anjad,gb:IND:ADM3,2018,Polygon,1,"[75.03591010147005, 21.933529441330677, 75.30946054217031, 22.10973750837934]",manual source-to-current-authoritative geometry review unresolved,"Single polygon representation does not establish coverage, topology or legal boundary correctness."
atlas:local:IND:7132399B93371932247774,Bajna,Bajna,gb:IND:ADM3,2018,Polygon,1,"[74.51755444398248, 23.257074000165005, 74.78939468981315, 23.46351353502166]",manual source-to-current-authoritative geometry review unresolved,"Single polygon representation does not establish coverage, topology or legal boundary correctness."
atlas:local:IND:7132399B93903142705443,Takhatpur,Takhatpur,gb:IND:ADM3,2018,Polygon,1,"[81.7328573528846, 21.97011135755315, 82.13139506523015, 22.330967681213565]",manual source-to-current-authoritative geometry review unresolved,"Single polygon representation does not establish coverage, topology or legal boundary correctness."
atlas:local:IND:7132399B94087095596184,Rawti,Rawti,gb:IND:ADM3,2018,Polygon,1,"[74.69201809066243, 23.132543999605957, 74.97476039857361, 23.33014187314899]",manual source-to-current-authoritative geometry review unresolved,"Single polygon representation does not establish coverage, topology or legal boundary correctness."
atlas:local:IND:7132399B94637603446559,Durg,Durg,gb:IND:ADM3,2018,Polygon,1,"[81.15239699972182, 21.030295329965554, 81.43155361350853, 21.36713720271979]",manual source-to-current-authoritative geometry review unresolved,"Single polygon representation does not establish coverage, topology or legal boundary correctness."
atlas:local:IND:7132399B94723988190398,Baloda Bazar,Baloda Bazar,gb:IND:ADM3,2018,Polygon,1,"[82.04830758542676, 21.557183545484293, 82.4812929995723, 21.762302797336304]",manual source-to-current-authoritative geometry review unresolved,"Single polygon representation does not establish coverage, topology or legal boundary correctness."
atlas:local:IND:7132399B94907053420488,Bindranavagarh(Gariyaband),Bindranavagarh(Gariyaband),gb:IND:ADM3,2018,Polygon,1,"[81.98341343378303, 20.302829759086137, 82.43663799974394, 20.72438501305794]",manual source-to-current-authoritative geometry review unresolved,"Single polygon representation does not establish coverage, topology or legal boundary correctness."
atlas:local:IND:7132399B94982273312953,Kondagaon,Kondagaon,gb:IND:ADM3,2018,Polygon,1,"[81.35860505987569, 19.220516718971453, 81.91966982530226, 19.72263193691441]",manual source-to-current-authoritative geometry review unresolved,"Single polygon representation does not establish coverage, topology or legal boundary correctness."
atlas:local:IND:7132399B96500306150688,Abhanpur,Abhanpur,gb:IND:ADM3,2018,Polygon,1,"[81.57830000004503, 20.939239999826157, 81.99257580502945, 21.17319301294725]",manual source-to-current-authoritative geometry review unresolved,"Single polygon representation does not establish coverage, topology or legal boundary correctness."
atlas:local:IND:7132399B97339465866999,Pithora,Pithora,gb:IND:ADM3,2018,Polygon,1,"[82.39952823813775, 21.031672003160452, 82.82757077237329, 21.519530999855817]",manual source-to-current-authoritative geometry review unresolved,"Single polygon representation does not establish coverage, topology or legal boundary correctness."
atlas:local:IND:7132399B97567718927210,Dondi,Dondi,gb:IND:ADM3,2018,Polygon,1,"[80.94434400017553, 20.37774100034693, 81.30944099960249, 20.71165554206965]",manual source-to-current-authoritative geometry review unresolved,"Single polygon representation does not establish coverage, topology or legal boundary correctness."
atlas:local:IND:7132399B97733234739698,Saraipali,Saraipali,gb:IND:ADM3,2018,Polygon,1,"[82.90002845175172, 21.104634999905386, 83.28201299970021, 21.48656100019008]",manual source-to-current-authoritative geometry review unresolved,"Single polygon representation does not establish coverage, topology or legal boundary correctness."
atlas:local:IND:7132399B98214098170558,Lormi,Lormi,gb:IND:ADM3,2018,Polygon,1,"[81.48386399962396, 22.146130975264327, 81.9823962357977, 22.675890000323307]",manual source-to-current-authoritative geometry review unresolved,"Single polygon representation does not establish coverage, topology or legal boundary correctness."
atlas:local:IND:7132399B98417335191313,Kansabel,Kansabel,gb:IND:ADM3,2018,Polygon,1,"[83.6328659996662, 22.535897454004328, 83.97298595793569, 22.757079591350134]",manual source-to-current-authoritative geometry review unresolved,"Single polygon representation does not establish coverage, topology or legal boundary correctness."
atlas:local:IND:7132399B98752780521096,Bhanpura,Bhanpura,gb:IND:ADM3,2018,Polygon,1,"[75.50467226161561, 24.391807893719374, 75.92792500033858, 24.761370000125453]",manual source-to-current-authoritative geometry review unresolved,"Single polygon representation does not establish coverage, topology or legal boundary correctness."
atlas:local:IND:7132399B99050959674319,Balod,Balod,gb:IND:ADM3,2018,Polygon,1,"[81.13047829563692, 20.578867161590267, 81.38530718148132, 20.831963776906832]",manual source-to-current-authoritative geometry review unresolved,"Single polygon representation does not establish coverage, topology or legal boundary correctness."
atlas:local:IND:7132399B99558291906996,Ratlam Nagar,Ratlam Nagar,gb:IND:ADM3,2018,Polygon,1,"[74.90153150917189, 23.22323784095363, 75.13717732337483, 23.48993638655503]",manual source-to-current-authoritative geometry review unresolved,"Single polygon representation does not establish coverage, topology or legal boundary correctness."
atlas:local:IND:7132399B99619236379792,Malhargarh,Malhargarh,gb:IND:ADM3,2018,Polygon,1,"[74.88059999989014, 24.142973728554807, 75.37128036319825, 24.39233595583977]",manual source-to-current-authoritative geometry review unresolved,"Single polygon representation does not establish coverage, topology or legal boundary correctness."
atlas:local:IND:7132399B99704825904185,Pathalgaon,Pathalgaon,gb:IND:ADM3,2018,Polygon,1,"[83.39418000030685, 22.377896999946643, 83.79816901438858, 22.699849999977573]",manual source-to-current-authoritative geometry review unresolved,"Single polygon representation does not establish coverage, topology or legal boundary correctness."
atlas:local:IND:7132399B99820755353342,Alirajpur,Alirajpur,gb:IND:ADM3,2018,Polygon,1,"[74.24910635367536, 22.150072624651955, 74.60923000955734, 22.444804921609887]",manual source-to-current-authoritative geometry review unresolved,"Single polygon representation does not establish coverage, topology or legal boundary correctness."
atlas:local:IND:7132399B99854853632575,Rajim,Rajim,gb:IND:ADM3,2018,Polygon,1,"[81.87802100006917, 20.806309817843896, 82.17360700006304, 21.083211880723752]",manual source-to-current-authoritative geometry review unresolved,"Single polygon representation does not establish coverage, topology or legal boundary correctness."
gb:IND:ADM2:76128533B13272482176343,Bulandshahr,Bulandshahr,gb:IND:ADM2,2021,Polygon,1,"[77.61407, 28.01851, 78.46099, 28.70108]",manual source-to-current-authoritative geometry review unresolved,"Single polygon representation does not establish coverage, topology or legal boundary correctness."
gb:IND:ADM2:76128533B14534161138054,Bijnor,Bijnor,gb:IND:ADM2,2021,Polygon,1,"[77.99411, 29.02924, 78.94112, 29.78911]",manual source-to-current-authoritative geometry review unresolved,"Single polygon representation does not establish coverage, topology or legal boundary correctness."
gb:IND:ADM2:76128533B15342706434354,Etah,Etah,gb:IND:ADM2,2021,Polygon,1,"[78.18065, 27.30811, 79.27552, 27.78267]",manual source-to-current-authoritative geometry review unresolved,"Single polygon representation does not establish coverage, topology or legal boundary correctness."
gb:IND:ADM2:76128533B21119051307760,Jyotiba Phule Nagar,Jyotiba Phule Nagar,gb:IND:ADM2,2021,Polygon,1,"[78.06226, 28.403, 78.65483, 29.08333]",manual source-to-current-authoritative geometry review unresolved,"Single polygon representation does not establish coverage, topology or legal boundary correctness."
gb:IND:ADM2:76128533B33437990510331,Saharanpur,Saharanpur,gb:IND:ADM2,2021,Polygon,1,"[77.11997, 29.5609, 77.96359, 30.40243]",manual source-to-current-authoritative geometry review unresolved,"Single polygon representation does not establish coverage, topology or legal boundary correctness."
gb:IND:ADM2:76128533B34462889864078,Gautam Buddha Nagar,Gautam Buddha Nagar,gb:IND:ADM2,2021,Polygon,1,"[77.29686, 28.07571, 77.69859, 28.63873]",manual source-to-current-authoritative geometry review unresolved,"Single polygon representation does not establish coverage, topology or legal boundary correctness."
gb:IND:ADM2:76128533B35465481868600,Samli,Samli,gb:IND:ADM2,2021,Polygon,1,"[77.08452, 29.25374, 77.50614, 29.69531]",manual source-to-current-authoritative geometry review unresolved,"Single polygon representation does not establish coverage, topology or legal boundary correctness."
gb:IND:ADM2:76128533B46268976217915,Baghpat,Baghpat,gb:IND:ADM2,2021,Polygon,1,"[77.13189, 28.77639, 77.50811, 29.29744]",manual source-to-current-authoritative geometry review unresolved,"Single polygon representation does not establish coverage, topology or legal boundary correctness."
gb:IND:ADM2:76128533B46682008877369,Rampur,Rampur,gb:IND:ADM2,2021,Polygon,1,"[78.83906, 28.38471, 79.44042, 29.17278]",manual source-to-current-authoritative geometry review unresolved,"Single polygon representation does not establish coverage, topology or legal boundary correctness."
gb:IND:ADM2:76128533B51849218363622,Moradabad,Moradabad,gb:IND:ADM2,2021,Polygon,1,"[78.52566, 28.49313, 79.01621, 29.28252]",manual source-to-current-authoritative geometry review unresolved,"Single polygon representation does not establish coverage, topology or legal boundary correctness."
gb:IND:ADM2:76128533B59596968713717,Farrukhabad,Farrukhabad,gb:IND:ADM2,2021,Polygon,1,"[79.12468, 27.15864, 79.74732, 27.71416]",manual source-to-current-authoritative geometry review unresolved,"Single polygon representation does not establish coverage, topology or legal boundary correctness."
gb:IND:ADM2:76128533B60862799554879,Aligarh,Aligarh,gb:IND:ADM2,2021,Polygon,1,"[77.4837, 27.57535, 78.60927, 28.17159]",manual source-to-current-authoritative geometry review unresolved,"Single polygon representation does not establish coverage, topology or legal boundary correctness."
gb:IND:ADM2:76128533B61760400952464,Meerut,Meerut,gb:IND:ADM2,2021,Polygon,1,"[77.43292, 28.73619, 78.14322, 29.26207]",manual source-to-current-authoritative geometry review unresolved,"Single polygon representation does not establish coverage, topology or legal boundary correctness."
gb:IND:ADM2:76128533B68554447699730,Bareilly,Bareilly,gb:IND:ADM2,2021,Polygon,1,"[79.00055, 28.02044, 79.75777, 28.90368]",manual source-to-current-authoritative geometry review unresolved,"Single polygon representation does not establish coverage, topology or legal boundary correctness."
gb:IND:ADM2:76128533B68984344044805,Ghaziabad,Ghaziabad,gb:IND:ADM2,2021,Polygon,1,"[77.199, 28.61126, 77.71876, 28.92616]",manual source-to-current-authoritative geometry review unresolved,"Single polygon representation does not establish coverage, topology or legal boundary correctness."
gb:IND:ADM2:76128533B73769926250842,Ballia,Ballia,gb:IND:ADM2,2021,Polygon,1,"[83.67731, 25.5582, 84.63862, 26.19188]",manual source-to-current-authoritative geometry review unresolved,"Single polygon representation does not establish coverage, topology or legal boundary correctness."
gb:IND:ADM2:76128533B7545062765383,Sambhal,Sambhal,gb:IND:ADM2,2021,Polygon,1,"[78.28476, 28.01489, 78.94135, 28.83643]",manual source-to-current-authoritative geometry review unresolved,"Single polygon representation does not establish coverage, topology or legal boundary correctness."
gb:IND:ADM2:76128533B7643504807381,Kanshiram Nagar,Kanshiram Nagar,gb:IND:ADM2,2021,Polygon,1,"[78.47445, 27.54797, 79.21374, 28.04554]",manual source-to-current-authoritative geometry review unresolved,"Single polygon representation does not establish coverage, topology or legal boundary correctness."
gb:IND:ADM2:76128533B84679668760735,Budaun,Budaun,gb:IND:ADM2,2021,Polygon,1,"[78.54513, 27.65158, 79.50219, 28.4823]",manual source-to-current-authoritative geometry review unresolved,"Single polygon representation does not establish coverage, topology or legal boundary correctness."
gb:IND:ADM2:76128533B87051210355251,Muzaffarnagar,Muzaffarnagar,gb:IND:ADM2,2021,Polygon,1,"[77.32533, 29.18025, 78.13773, 29.71149]",manual source-to-current-authoritative geometry review unresolved,"Single polygon representation does not establish coverage, topology or legal boundary correctness."
gb:IND:ADM2:76128533B87317961648652,Hapur,Hapur,gb:IND:ADM2,2021,Polygon,1,"[77.53255, 28.54478, 78.20904, 28.86612]",manual source-to-current-authoritative geometry review unresolved,"Single polygon representation does not establish coverage, topology or legal boundary correctness."
gb:IND:ADM2:76128533B87833640460819,Hardwar,Hardwar,gb:IND:ADM2,2021,Polygon,1,"[77.71617, 29.53847, 78.34328, 30.23908]",manual source-to-current-authoritative geometry review unresolved,"Single polygon representation does not establish coverage, topology or legal boundary correctness."
gb:IND:ADM2:76128533B88758450653156,Mathura,Mathura,gb:IND:ADM2,2021,Polygon,1,"[77.28468, 27.23348, 77.95112, 27.96473]",manual source-to-current-authoritative geometry review unresolved,"Single polygon representation does not establish coverage, topology or legal boundary correctness."
gb:IND:ADM2:76128533B8878807356913,Mahamaya Nagar,Mahamaya Nagar,gb:IND:ADM2,2021,Polygon,1,"[77.87924, 27.26625, 78.52883, 27.82745]",manual source-to-current-authoritative geometry review unresolved,"Single polygon representation does not establish coverage, topology or legal boundary correctness."
gb:IND:ADM2:76128533B90071703601852,Pilibhit,Pilibhit,gb:IND:ADM2,2021,Polygon,1,"[79.5987, 28.11511, 80.43536, 28.88406]",manual source-to-current-authoritative geometry review unresolved,"Single polygon representation does not establish coverage, topology or legal boundary correctness."
gb:IND:ADM2:76128533B96870418529164,Shahjahanpur,Shahjahanpur,gb:IND:ADM2,2021,Polygon,1,"[79.33187, 27.47139, 80.37041, 28.36763]",manual source-to-current-authoritative geometry review unresolved,"Single polygon representation does not establish coverage, topology or legal boundary correctness."
