50074027B10017540039169	Mukhorshibirsky Rayon	514767b68903931eb1a6dc1099c97c653175a8b0c96083a5ce8c7a03fae0f213
50074027B10369136530294	Askizsky Rayon	81b97318bf2022a49d1dd947dd5ef631a1c8e3d85b079a829c118e1b7665ba52
50074027B10681845453352	Kalgansky District	97d69e77f3a971e107966f2792ff77aa88acdc2ad724c1676cdfdb6e78423cef
50074027B10793047244322	Irbeysky Rayon	2aada421945d0d09906d871db352fdf75dc5184e896640b271bf4f8a8dc041ae
50074027B11956854664950	Усть-Удинский район	2b8ea63203399b22a3c586116f0577d5f3ab4359a7467b3a7d4e4e2cee5271da
50074027B11980599165555	Zaigrayevsky Rayon	dceb36eb32381f50601ff94ee94469cd415ae8bd20a2d3be53edb5ed8b40ab7e
50074027B12640521682010	Sayansky Rayon	3d10df1e245b6bc593047557ffc7be48139fd67ac0650a3f152aa3a339eca096
50074027B13030843446480	Dzun-Khemchiksky Kozhuun	5db8a48dee5eee306361a80f82e5c32956948c401237be604532e73cd9e71f33
50074027B13390964991428	Uzhursky Rayon	b97d1c9140edaf7653684aacb77b840dd7a5049ddb3dac6e894b0cbecbce9039
50074027B13440984713855	Жигаловский район	4301c4a689e6e3a311fd413cac4344f5b77e76ab81f980f52a81b574cffad6e7
50074027B13810434880190	Khiloksky District	30d83eb36169ffb4f4e39229146089fb091f97c28c21a984d0763d8ff9789903
50074027B14964532797718	Боханский район	368f6119c132fb93bb71c53632a3fb690abf1fc516e51240217bc9e66c97c397
50074027B14990510856215	Kyakhtinsky Rayon	3a07500765949a7fac84dd6f286f18931afd389082a12628c0d86acc6a3ab45d
50074027B15054947326156	Nizhneingashsky Rayon	46c2ac264b4f74b2535b7bb9bee802c1dfa3082f5e51c68f25204116f8bc91c0
50074027B15223656231949	Shirinsky Rayon	1b66c762c2fec3a3bf2d15d4fad096020cd8990b02157d41615066d245c2292f
50074027B15616734085439	Mongun-Tayginsky Kozhuun	731dd4d316a73f2e3f81f894145f3d3bec32774a72b7310f11ef5964d1a38d5c
50074027B15872482411826	городской округ Норильск	5d7cccb9efde34a5b5d6d23acaeaee9c59b6d38e6e995933b6b4b82f7a462620
50074027B15921204725831	городской округ Улан-Удэ	53197c3a5b5c784bcbec51a06dacb164d8d492e546114d63a0fbcd4e96e40ff6
50074027B16590534350990	городской округ Иркутск	28977275eaf0c3c2af651e3060c2144ef71bd02a9d651df1d5507ad626c3cbf1
50074027B18238462468960	Ivolginsky District	b74581e27f71d3f4d30f799eddeffa00b405d7e41a7d6ef6c61a6a005faede27
50074027B18535567359645	Selenginsky Rayon	744d6aa48293c5c03dac83ed49efaf9cc5dfc15d5feaee15915b0b066ed98f82
50074027B19101038571045	Tulunsky Rayon	4e90c7b6db430f14619bad454e2844c9c637568555f0391da6f506f26e7f0b16
50074027B1949274339631	Zabaykalsky District	8d4912b5e05f65275915d98901d2bd8d4e8225b1055020b2597d242d9848a2c8
50074027B21767783082498	Todzhinsky Kozhuun	725a0628b96ce1f06cff359aca69dd15c0707b890eccfde6f000bafae20726ba
50074027B2225303493131	Tandinsky Kozhuun	a89ff16998dee38e381c878b655a46128dc5a11035615ffac0d7943f668ec43e
50074027B22427038197607	Шелеховский район	85fe3c03c8d81cf1628fbb313206216ebcc74bc87584d2e484daf1b316aafac2
50074027B22497225506346	Minusinsk Urban District	5eb3941a3c0520c73940865901a264e02ebb27d0919ee09ccadad62d3f31826f
50074027B23063195205268	Divnogorsk Urban Okrug	0c926d1531086207fe9cf881475c8e20f814e025d3aafca76b1ba1c911d72dae
50074027B23468215787928	Barun-Khemchiksky Kozhuun	31559947aa95422176ec854b1c12cd14bb7c4957309bbdd1d962a30395bdeea4
50074027B23485180175661	Kuraginsky Rayon	15c930854eccf4bc432788ee7c3d96043716838f77afa44a7ee171364e420d36
50074027B23914902368646	городской округ Канск	c28e383cd7a675b4c349a353825999ed7c80d5cd003567cc3c36a09f5d59dcfd
50074027B24047128288969	Mansky Rayon	8c6f84a422d56e946133d5435f02fd162d52aa5b74eab5fad8432b16794016ad
50074027B2445180989787	городской округ Тулун	1996bcebe705438a83f632a42ccbdcaa4199caccde033922b625818f0763b04f
50074027B2452640805703	Taseyevsky Rayon	1f1bfceafff1ad5d6c853e853a710da8db4b1f79c78fb996d955979f776b8ce2
50074027B24591501749173	Rybinsky Rayon	be397b2f739677a9c534fda663de9125e0f789f1e047d5ea7f0436b0d18c8284
50074027B2598774008896	Tashtypsky Rayon	9e4b7711aead3cec7da85d23d14d3651e8c4ab72303513f612e25e6b2fc5feea
50074027B26230494769673	Gorny	5027c8325c5032f0ae91ed35119206d27df0c993fa8dffe631efd6f5bc91edbb
50074027B26231250423767	Karymsky District	2beef76814eccf3faac085b9fc17998791217bbde00bc8f6843683632136b687
50074027B27046027245969	Nizhneudinsky Rayon	c0af842b7f53d0fca8612b6010402b95b61e51465263000d2a0b8826f7c4a523
50074027B27187336625975	Baleysky District	1a0e5a7ed8956b3833dc9b3b3860aba2d1cd8f3b0c15cd772666ba3ce25bd734
50074027B27198107294682	Киренский район	a6a4372da04877284e01d12acd915bb8aee98fb5072425558da08335de908a34
50074027B27229100203359	городской округ Абакан	b2525b6ce57ea926d909ae2dc18192854668d49d1a182e73ac7e4ad58da2aa1c
50074027B27848812268076	ЗАТО Солнечный	43cb3ad56b140a43e12838414bb4df2e65b6164b684ee5a2217af3ec04611b95
50074027B27944222822029	городской округ Назарово	b751a665e8ff408d30100889e39e74080633a9f626dd8425fcd5afd37ceb1439
50074027B28237485565854	Kaa-Khemsky District	67ed2c78d28aabdfce0d0b772ec7399ac3dca0a4309811f72ec9aae8c9713a89
50074027B2836897877919	Abansky Rayon	9a3ab572ac01f5d63769737bd06bf63f0ce492ba171e8a037c4f51fecc60ee59
50074027B28435030643524	Boguchansky Rayon	33f5982ebb3c3a00ec31125defb399c086de45f3a94d77f89f5a7c104c8b33b6
50074027B29408552391691	Shilkinsky District	262750f5e2bce04ce56345f21ac201c06b38a13a722ea5666076c781bd30a175
50074027B29861544165905	Nerchinsko-Zavodsky District	713ac5863c18b3467cb7af71c56e38f1b13539c2b3758ae876705e16536b93cb
50074027B30174878367299	Khorinsky Rayon	d7295d45e9257095d328803bb2ceb2dd8495d687b3804ad903d03e4634011273
50074027B30190639810101	Ordzhonikidzevsky Rayon	e2c3ec00ce9bc496368c8a2701c9902b7f4542f2ea05b815badd63479837c5c0
50074027B3030103558136	Alexandrovo-Zavodsky District	e6e01da85c2170a0523b3f141dfff022280ad4d1a51a35eabb69daaa4c68538a
50074027B31073193528551	Sukhobuzimsky Rayon	a843e30989a16a8fc9e2fe8c8cf06fac3a06c880c6a340c66102b30503a89fe5
50074027B33581045729564	Нижнеилимский район	eab7dd4f09f869fecbc8dc396113531db9e4a115bedaf39e945c94800e56f894
50074027B33807030271571	Erzinsky Kozhuun	ffa93862c6531b5ec6edab318dd337b1fbbef8ffb74963c307efb147eef13c4a
50074027B33908420034541	Nazarovsky Rayon	ab35746fd4b1bee1ec0a49034d73817c68032a38d79fba566bea4cd97558f69e
50074027B33933531551688	Krasnoturansky Rayon	5ec39095963be28b54ac778cbfe6ed3a2f0e069d2683f73ad5040bd6d6d737da
50074027B35209567650538	Ovyursky Kozhuun	3fa41646b96ef364e773b7d01b667885648832790b5fb3209c81aff55270c3ef
50074027B37063735342850	городской округ Ачинск	642eaf53eaa2dba9af46dde1def34065f550fda820ddcdb5b1481a62ae02ec6f
50074027B37224756468060	Shushensky Rayon	f29debb937cd98e265889285471cc1048ba2f446d40027f591f0df33aeb4bbcb
50074027B37969527162505	Ulug-Khemsky Kozhuun	184b45022e28dd1ed5c9395e8af7deb0f718df41ad00b7a9c76344e5abe17cc2
50074027B3826534840215	Yemelyanovsky Rayon	2909fca9ba676e4098f2fb484604e8b2498fc4d894fff7425bac130215c1b290
50074027B38692746496419	Балаганский район	4cdd572036cb095e0a6e68d4366b81afdf13caa1ac75b90aacee7ec241b5fbcc
50074027B38917737008193	Tungiro-Olyokminsky District	7a65470a2a66047b27aa0bcbcc80dff79183be25028d0bc3f7e9876de3765b6c
50074027B38959964880185	Kizhinginsky Rayon	1b0c961f7ee11ab32bc151b79a596f06b1929d30f285d654956a1ceff64671f8
50074027B38981942782180	Gazimuro-Zavodsky District	6aefe1ad8127eed0838b1891fc0ec3b15cf4a8e6d51d5e7cd73357de68074112
50074027B40112285502062	Motyginsky Rayon	2acca42a7580a981d292865fd4229a480a0898d49c921e343a7315dc28128a66
50074027B40490184073059	Ангарский городской округ	1a9080f6fadc6350176f9dc68470a00bb8bebe9940e02d64c41ca00c9cd323ac
50074027B40569621525813	Pirovsky Rayon	8fb5f1a5b7033fefa94a545431193f76283a7003f23429d31c99bcd18b02ca8b
50074027B40800781574320	Chaa-Kholsky Kozhuun	f0886da4724c9491e81fc05a98e56cd7b87710e88258d3539cf48f6d45f7a80a
50074027B42204781690882	Sorsk	31805de857ec8ec6ff05079389d595cab1f6ad6438f2eecfa23904cfd2f6fda0
50074027B42495202262481	Altaysky Rayon	0133eeb83ee6b2b7c7ecab9d0ba198d2751ef1b68564a6a7fe6a7d4a6eaa269a
50074027B42619686972132	Yermakovsky Rayon	da4695b23e3a6d81dccecb4dbd6400b92b3510f9f973fd907d97f069fa7e68e5
50074027B42769338425370	городской округ Лесосибирс	e876f6b97fab833b5ffcbeafec6f91d24a9f17b7fe179c1f903c8859a4023b51
50074027B42772585169334	Мамско-Чуйский район	08ee3322f7c8019937edc6ec530339ad4d03a54e3a060e19775eb30ccb5065a3
50074027B43513809805544	городской округ Черногорск	55acf43a48298ea35b142f6c72b4cf5233e6481ee421ad9d7815f53da227811a
50074027B43719627358361	Ulyotovsky District	8b765f37cca31352dbf01b8aa7c6c14a0697c19bccdd41a240d0550a0718a503
50074027B4550186077468	Усольский район	334ae685b05def9492618a451eb5c424c6ef003940298644ce3220dc24dcc312
50074027B46708388850213	Novosyolovsky Rayon	6c93bb4602da0653925f786753bf0063f0ee18200b327d5dd5c221437f98804d
50074027B47040377041373	Sretensky District	6c314c1b98517a23837553399bf572307a63fc1c16319e424a9404c33ec2a9cf
50074027B49783608080364	Achinsky Rayon	fdcf8166b8da4c59f015008918acb6bd9eba8bd907732d8716ba97cc58861224
50074027B50382103456040	Kurumkansky Rayon	e948c38895db933997a3a2f30091909ce5a5ba10fdc495eaee759e7da05db330
50074027B50896552692330	Осинский район	9c3a215a4277702f190a29b076becb1956b9fb2fc6c386c3321bf7e4d6eb5960
50074027B51279311685778	Bichursky Rayon	89b017fc875ab98b2f4b98783ad010e0f145f4f87faaf7a13122e5a8a0ef9414
50074027B52095363621144	Chita	a6100ac422953a43b925c1bcf62c0162693e38143ce23ce25f7afb08c6a8030e
50074027B52384379904996	Bay-Tayginsky Kozhuun	684353546bc62c71b771182462d14d6a964a687b8ba4d5bd19e070588feec6d9
50074027B52589060558115	Kabansky District	1d98c69266923aa93626eb1195256c29604c6723c2833adf62e0a22f9d7ac663
50074027B52603641216214	Братский район	aaac93cca6a9549c765e0a1255e31df5bfa20fb07784b6959a6f931a859e1f15
50074027B52636391168845	городской округ Усть-Илимс	b8c92489c4303a9069b46dd14236e66a2c5c7b3c03c44a0c821c87a6a32b145f
50074027B52692554851636	Chedi-Kholsky Kozhuun	24828d2e80d8d6403432d8938837da7be09c280b0bebd7df0acf8373c03b38f2
50074027B53092921168880	Slyudyansky District	5506b24b3c7759366ffee0c34f16ee2b2d428adfadcc3216a4938a048dae9e59
50074027B53313512527229	Черемховский район	7e8c964e88ea035d9259f52750e5ac138c06747f15f793df7f195b3b3af561d1
50074027B53968863670029	Olovyanninsky District	0babb0e649533e97e26f84e1472e0be697c5cd11666f772c2f225a337c177e52
50074027B5428684796200	Казачинско-Ленский район	fe3c3c57ede0fb3664814f750ae506636a0d0f122131dfd8ecb656d99603f1a1
50074027B54571182544478	Tunkinsky District	2ad80e68b58f1795a302b12db546c37c466b393ab4f5fd5eccc5cd4a44c91cc2
50074027B54676070684913	Yeravninsky Rayon	2e1bb85bb8b08aa38df57059be1cab6e876012c00922ae2746ecf96ba40dd49f
50074027B55220147812936	Tere-Kholsky Kozhuun	ef7fec1469942cb1341cbd44f64b17751d2bea5d0ec93fac19a74651b937143e
50074027B5565094165552	Closed administrative-territorial formation of Zhe	d642903e1a19b0b51edea650921f0856b8776e7d7afacdb7b7094cdb4bca6111
50074027B56311400642429	Усть-Кутский район	cbe6bebcc882b1a8a487d7c699f793564ca4c2ae115fab22cedcdb05a358b8c3
50074027B5650924989435	Свирское городское муницип	4a51c1efbfa8d8a2d2ff930868a7b958b3a34686228e5c211b40b24dc85d44fa
50074027B57393083089327	городской округ Саяногорск	3f0db6f720ef242827bc068c31e81d9c3dbaff0fd4f8d720619d1a6ab8460da0
50074027B57524077165692	городской округ Петровск-З	eb126854de26e2870d10c74f8b207fd64af22724f9233d8877a645b86e9555a7
50074027B57867069546875	Tyukhtetsky Rayon	a561d821bd509d819ff24bfa45114a6635721281805e5bbffcc6407de88eaf49
50074027B57998590529030	городской округ Бородино	2a389cea977ec1fa10a7a76881c4af9cb114e003fd2506bab14803be8fde1697
50074027B5817682891911	Kuytunsky District	164ea59e911470e9092d7e8ecff6b0b7e4d97e6f0437e3bf4e13f603c68f2570
50074027B58243495740479	ЗАТО Зеленогорск	3dc3351e3b934379335eddaa483e7a65fc67d5a45c7736a157a6cb2420e70e48
50074027B5882039532525	городской округ Братск	d84e743d3cfef1aea8731bb2ffeb75d496c953831e91bf652e121ae8ba15db10
50074027B59094736613024	Okinsky Rayon	937c005dcdeb849e73ab6405b6b381a1fcac6efeede9ca5b9d1f26449e37521d
50074027B59256788667160	Pribaykalsky Rayon	2d266081b0b2d10b25e9921952f1bed3d572e78e8e6d3d4e35fe50e1f4dfff37
50074027B6006339352283	Зиминский район	8b6b333ce93a7a26bf57662abcf43224705d32f0559d06bffc71c930fb15a17d
50074027B60404597472351	Birilyussky Rayon	5fee686d0c633648de6bc1c935155023c517b6c8adf8124b3fc2c85664e4daa6
50074027B60421110465510	Nerchinsky District	635d18b94adf6a6d3e5805662bda07eb2dfa957f40347256aab844b6956e3a24
50074027B61181893774399	Bolsheuluysky Rayon	4b2e8d6283b09391c566493017721d13293849b578d57beb9f38513363c5d79f
50074027B61213730066010	Idrinsky Rayon	ed32787c7a48a19be5d31a4f9dc92c362c37e937a524591df2ec58e43f806b8b
50074027B61474695304771	Tes-Khemsky Kozhuun	97f880f94886254ee743ab75e33f3746501d1c345be1389b9b0b3f196f74ad29
50074027B61637716128052	городской округ Усолье-Сиб	eca2b5e8f9e6d3d57dbd9901f65f321961620c7e859119f7b434ca1487f34a66
50074027B61732353469918	Katangsky Rayon	63fffe1502588557184db2391c79c52f70ab21ed21ea47090c4e53dd902de849
50074027B62361238296524	Качугский район	713c7edd2f8ca1840ab405eca916d9d457d5ccac7256dbc83a6dd73838eb01a8
50074027B64035112017093	Зиминское городское муници	f5aa232fe3b89e112f87c2b71e7618b8c090024d910c2b90b71696190ac5d2db
50074027B64298708996780	Severo-Yeniseysky Rayon	6f4787183a2a6131d5e346dd1a75fd9630adba8426ef66105d6b4aafdcd461e6
50074027B6450887110855	Mogochinsky District	bcea8945cf1070f5a289e9466903799f136b6d4ce02daa078c5d67ed741fc02f
50074027B64669214156055	Borzinsky District	7a81643a54dc419ef74fb7679757459e5f3271d5d3bfd8a42d365a8b9a5d738d
50074027B64879952129543	Tayshetsky Rayon	23a89b2631f462b2d0e4bf704cc3f7e61543b9857bec666aa977ae281862f9aa
50074027B64994254262493	Ольхонский район	a1a4cb29e736b15599bb6bdde0d5f7b1c6eb851da753521749ed4d16046e5f34
50074027B65422162401121	Sut-Kholsky Kozhuun	7cca73d390685154c420274c1018502865958d03bf7f244a0a1440b6759e0d87
50074027B65704335571669	городской округ Саянск	7b1342d378fb72fd6b16819cb2ca8779bb3bf0b700dc83469160a51a6a29f4a3
50074027B66325545457343	Эхирит-Булагатский район	eef1d8ecc91fec068a2a0971e24cad6284a9ed9b2105117775423ea915c88481
50074027B66496080811175	городской округ Северобайк	36d49c3efb97441dd731bdd70fbfc304447e45094e752d9feafae922e45ed16c
50074027B66579700233481	Mogoytuysky District	08a0c88390ec25cc15f0d37c6e61f4ef5c81018bb48d6abcc95afdc37db76c93
50074027B66597444347097	городской округ Ак-Довурак	1ae57c0c08f561cc3d56fd814e369d2541492562cc206416f458904f1dd0c471
50074027B66749870989397	Petrovsk-Zabaykalsky Rayon	1b37ab0c053cd6d27565c2b981e364c6d65845004410cbf8dee2642c9fa520f9
50074027B66849950652275	Taymyrsky Dolgano-Nenetsky District	a288755741bf5ba77b281d768e3f18f5cf5c7105d0632dbf8be8484ad6a83899
50074027B66856367478499	Ononsky District	2c6c83410d6535f297dfdd47d34810b3e42cc647037b7d366b60232bcd2c9443
50074027B68213314202961	Bolshemurtinsky Rayon	2a6abf2949a6a1e2ee7dcfdce9d9f9e7bd866ea1156f594263f194fe0de93952
50074027B68324499400164	Zakamensky Rayon	f74dbdaa88137b0aa298fdaa630a2b4e751a2dabd777587bc15d9652640e5d85
50074027B69216573561209	Piy-Khemsky Kozhuun	aa1107906e1a1c3c8e75c922370e174031828e3e0fee3ab93166607138b2598e
50074027B69764357402848	Karatuzsky Rayon	1b00bceacb77d0ab6e129f04700682874a73b37f4e6afa360c726d0f6fa4bb24
50074027B69769739908896	Uyarsky Rayon	df5f567b52d35bb0a728f66c27e1d097ac9aaa1da36da62ad07d89d0ce4abfa2
50074027B71368048698898	Kezhemsky Rayon	dd4010fe2322b678f650f77f211c0358b5432f08839e49b39635b7c36ef247e3
50074027B72033015120911	Chernyshevsky District	db88049ae0c362c93658f2289a3b0276829a18cb358244d0d467fec746efae4e
50074027B72095757320066	Bogradsky Rayon	6631b5aa2a641ed178a5a27b93119631ac2feba78d8d088930b72c9ec03c9388
50074027B73402533028604	Bogotolsky Rayon	d5882b66eff5f37a5d0e2b3ed1332722e8685f72db975cd6261809a193b3d2ee
50074027B74126446189697	Shelopuginsky District	1276450e22ac42ca310669ffa99cf66d1bf7ef931a15f5ea33ce9aba092b5618
50074027B7427793780569	Abaza	3709fb36792c4fd30ab0ea1465300b744c259ec4439f59f2247670e9daf1140f
50074027B75343755211502	Kyrinsky District	c99e1afa5d649f8998617c072e6d84d370085cea561bd4915bc3eea699762e56
50074027B76012718832492	городской округ Кедровый	71bc7f3ba8a83fd2c41cdfba35178f03d5fe6b0defc71049f9435a239e18ebc8
50074027B77751713871434	Ilansky Rayon	f3cf4cd504d275974ec1c79c1a85ba68fed474a4db5d08a0afb77f7edfcba57b
50074027B782744775267	Kozulsky Rayon	0368dc7362d3f366c70fbe0ee9a0e8161891a624c44107fbd94168b057a4c01f
50074027B78575343416930	Minusinsky Rayon	ec8ba1c2e5df0554a7d98cf920b6b5b40bbe5c7307e73535ff50ef74dafd0c07
50074027B79492376749853	Баяндаевский район	ef3e20d2735924d4d78186c1f24de1322fa251e3393b5d96e7f73fb35b1292b1
50074027B79731064340357	Tarbagataysky Rayon	fe5e2827fb5b3af5d99e11be1eb71e53a5dd244487cac4add37d78dfbcb82c2e
50074027B79971887964789	Krasnokamensky District	bd8b9c981a5ea46e6aa11119a9746bc990f256a3557edc66351b47ea0d3d8a89
50074027B80078985689928	Partizansky Rayon	59a15ae29e55e586f0170f36cf93b1437af85446f4974fa0c87d5f30a704d516
50074027B81201723878288	Barguzinsky Rayon	dfa41764c7bd5b33abdfacffc4b6bdb11ebefa3e25026466fde6097bad8f8ffb
50074027B81312407752344	Chitinsky District	a68e1d64cfcf86a0427e05c898f6d2853cc863065b86d8d003878e98b128d7d0
50074027B81573271033049	Aginsky District	3285873a138e87cca90532196f889db5072495d439663d6d1e49656ccf9287df
50074027B82296582296323	Ust-Abakansky Rayon	eb0decb8fe4ab38ebfb006ee78b3415ce06e9f68fdf9d22323ec418cdd376fb7
50074027B82563298264185	городской округ Кызыл	ac1ace5b3777898e3adfc5c816ff1f711a480c0e96296b1335c48208fcc377fb
50074027B84795303923932	Zalari municipal region	a270d595cc9094a93a00d841f71e148756c76395969ecb628e48ff7372205f2e
50074027B8579713719118	Akshinsky District	69c44f14ee8012f33af95689fbe698268004b8bb9987a34177e98688c4558825
50074027B86196657571295	Krasnochikoysky Rayon	c1059cb7d7ec7190f727af56dac5ae6d1c0fbfd8933d5f0a30a6d23e0db514ae
50074027B86232472456901	Dzerzhinsky Rayon	61d6719b070eb585f8b5b234b8f00ad34669d46c50fe56f7fa9a88e8c52a6589
50074027B86573453113564	Krasnoyarsk Urban Okrug	23c99908e4a8e3b8b15257c94c0b4664f1695c74a031a5fc8cae9d199bcb3c27
50074027B8712338035658	Irkutsky District	937e619522095f826b2104f9b8bc0fe3404df98ec21e4a2dc82a6d4627896e41
50074027B87275395176909	Нукутский район	f4e7f6592db8c405f3265c8f16305670b30b295a01fe63786a8a76dfb0562bf5
50074027B87661058912782	Аларский район	6a0a877c3d31f9269ef70947bca587069eb5319a083985d42d89b7022502b876
50074027B87665702460834	городской округ Енисейск	420d7b6cd19ec2fa98fcace184c451a373d7b53a2391c73aa01c1700492ea843
50074027B89004724588312	Sharypovsky Rayon	c05b37e02be825db5009fbc1eff4a81ba9eff4218df04b8c13f8b035a02a0957
50074027B89196470968911	Ust-Ilimsky	153a003107b7b23ba45a9ab22bcb4b95e1b471712f058540425c438ef6f5d6b9
50074027B90632265551754	Priargunsky District	99ee7307ee33f8dda8249a5c9dfd62a640c9b9b128cb77404f3e56821e098fe9
50074027B91366366280548	Kansky Rayon	e7219d27a98e5783db146ccf29a863dd84d228d9c0bea2fa6dbeb5571d7b0499
50074027B92108534487256	городской округ Шарыпово	992fc5617900a074b3814bbcd8b8768f2f0284c04827a2d4ae0184ec2c1c2ff8
50074027B9240580019103	Chunsky Rayon	dd02d32209ea518dac2d08faf972277103ac9e5a17656624634e86b432f8e4c4
50074027B92507175778930	городской округ Агинское	288dd72d082d12103a024c5fe60f2e26bcdf6fa1343d6f36dad4eb693cd9a1f3
50074027B93691207524839	Кызылский кожуун	275785b658fc0bbb9ef22886cba18ce98aec50d53a470a0eba452f56655f8768
50074027B93727242442988	Balakhtinsky Rayon	4e26e9ce32b8404caef19b81c21edcbf69c79e89a9ef3dc5050c6fda88335886
50074027B95696969871843	городской округ Боготол	2aec6e804e3a905cade0cd3a05eb3ef5f3871462c7de21a061cef6a0f8fe833a
50074027B95740998867041	Dzhidinsky Rayon	5904a5d0cf6b44897bfd8d2a1bc4c86342e6b9963f40b567fcf6bca78947ac3f
50074027B95803310425506	Duldurginsky District	40a49b955ba41c82362470765cdb88da5a1ffabaa27a111363566a056c59dec6
50074027B9623133340795	городской округ Сосновобор	babe53c15e28f51d4f920a55fa7d063860d658dc1f244a84ad7e63a92bde0801
50074027B96751570188026	Черемховское городское мун	7c35d31dd23727227fe404e72b3177283113de47d48fb61373230a8de4afc542
50074027B97548464924661	Kazachinsky Rayon	f377f33eaaf55b8fe719a745a9cdf1282cd45ebcf794bf3c4b0ee2716af29a64
50074027B9775696758448	Beryozovsky Rayon	6b72f103fef8121cc116940282922c37fc6162e54a4db9d4b059f36676aa73d5
50074027B97952733144494	Muysky Rayon	ca318fdb90b11497b440c6ba41766b980cf31a8ef1b7403ad6a48c535c5c4612
50074027B98895209347227	Beysky Rayon	93e8aca74a1cb8de9395e9272dfaf3b8915b4ad701efdf6118ae76b8cd883085
