subject_id,inherited_status,inherited_physical_status,inherited_physical_authority,inherited_source_vintage,inherited_complete_contact_ids,inherited_complete_support_summary,inherited_query_relations,inherited_physical_limits,inherited_unresolved
physical-component:000f8ceae5d2a99223959081d563a10b524519680b495e98e0ab26acf5feafe7,mapped-land-support,unknown-source-fitness-and-observation-date,unapproved,GSHHG2.3.7/2017-06-15 release; observation dates heterogeneous,[],"{""contradictory_land_water_support"":{""area_m2_diagnostic_only"":0.0,""geometry_sha256"":null,""kind"":""empty"",""planar_area_diagnostic_only"":0.0},""extra_reconstruction"":{""area_m2_diagnostic_only"":0.0,""geometry_sha256"":null,""kind"":""empty"",""planar_area_diagnostic_only"":0.0},""hierarchy_disagreements"":{""area_m2_diagnostic_only"":null,""geometry_sha256"":null,""kind"":null,""planar_area_diagnostic_only"":null},""mapped_inland_water_support"":{""area_m2_diagnostic_only"":0.0,""geometry_sha256"":null,""kind"":""empty"",""planar_area_diagnostic_only"":0.0},""mapped_land_support"":{""area_m2_diagnostic_only"":7.358410503144341e-07,""geometry_sha256"":""3d5e439d7f4913b73403ed6eab351ad07fbdae49f32523de5c52908e5f70563e"",""kind"":""whole-operation-pointset"",""planar_area_diagnostic_only"":5.610746242612485e-17},""missing_reconstruction"":{""area_m2_diagnostic_only"":0.0,""geometry_sha256"":null,""kind"":""empty"",""planar_area_diagnostic_only"":0.0},""outside_mapped_L1_context"":{""area_m2_diagnostic_only"":0.0,""geometry_sha256"":null,""kind"":""empty"",""planar_area_diagnostic_only"":0.0}}","[{""candidate_covers_source"":false,""container_chain_issues"":[],""disjoint"":false,""intersects"":true,""periodic_offset"":0,""source_container"":-1,""source_covers_candidate"":true,""source_id"":0,""source_level"":1,""source_pointset_sha256"":""e16c72412602f25db211d93fc1669d7692c103fcfc8865faf5060379f14d8ee5"",""source_record_sha256"":""4892b19dff90b5afb9c1c9f09b77461d09004f3defe6aa0e552438a2ce884694"",""status"":""checked"",""witness"":""complete-candidate-reconstruction""}]","[""Source-relative support does not settle narrow registration-sensitive shoreline/channel truth."",""Unrecorded river widths, seasonal wetness, observation-date mismatch and source precision remain unmeasured.""]",[]
physical-component:0b0f4f8da263777fd7e59ebfd90ba6545811dd8014832cf1a91fc10ad2a78194,mapped-land-support,unknown-source-fitness-and-observation-date,unapproved,GSHHG2.3.7/2017-06-15 release; observation dates heterogeneous,"[""fa970dee70c1fcd8b6a6c9d78ceb933836cad6ed6bdc9239fc1c75247892b11a""]","{""contradictory_land_water_support"":{""area_m2_diagnostic_only"":0.0,""geometry_sha256"":null,""kind"":""empty"",""planar_area_diagnostic_only"":0.0},""extra_reconstruction"":{""area_m2_diagnostic_only"":0.0,""geometry_sha256"":null,""kind"":""empty"",""planar_area_diagnostic_only"":0.0},""hierarchy_disagreements"":{""area_m2_diagnostic_only"":null,""geometry_sha256"":null,""kind"":null,""planar_area_diagnostic_only"":null},""mapped_inland_water_support"":{""area_m2_diagnostic_only"":0.0,""geometry_sha256"":null,""kind"":""empty"",""planar_area_diagnostic_only"":0.0},""mapped_land_support"":{""area_m2_diagnostic_only"":2.9861647021789395e-07,""geometry_sha256"":""89b66d8c8fb5ecfaff797921dc3732bee60049b2e3dc54401d179904b71876fc"",""kind"":""whole-operation-pointset"",""planar_area_diagnostic_only"":1.454999315475547e-16},""missing_reconstruction"":{""area_m2_diagnostic_only"":0.0,""geometry_sha256"":null,""kind"":""empty"",""planar_area_diagnostic_only"":0.0},""outside_mapped_L1_context"":{""area_m2_diagnostic_only"":0.0,""geometry_sha256"":null,""kind"":""empty"",""planar_area_diagnostic_only"":0.0}}","[{""candidate_covers_source"":false,""container_chain_issues"":[],""disjoint"":false,""intersects"":true,""periodic_offset"":0,""source_container"":-1,""source_covers_candidate"":true,""source_id"":0,""source_level"":1,""source_pointset_sha256"":""e16c72412602f25db211d93fc1669d7692c103fcfc8865faf5060379f14d8ee5"",""source_record_sha256"":""4892b19dff90b5afb9c1c9f09b77461d09004f3defe6aa0e552438a2ce884694"",""status"":""checked"",""witness"":""complete-candidate-reconstruction""}]","[""Source-relative support does not settle narrow registration-sensitive shoreline/channel truth."",""Unrecorded river widths, seasonal wetness, observation-date mismatch and source precision remain unmeasured.""]",[]
physical-component:158d29fe97181ce35bcbee0548005905634f6dfae7083fde2346a0f8a1d88bf5,mapped-land-support,unknown-source-fitness-and-observation-date,unapproved,GSHHG2.3.7/2017-06-15 release; observation dates heterogeneous,[],"{""contradictory_land_water_support"":{""area_m2_diagnostic_only"":0.0,""geometry_sha256"":null,""kind"":""empty"",""planar_area_diagnostic_only"":0.0},""extra_reconstruction"":{""area_m2_diagnostic_only"":0.0,""geometry_sha256"":null,""kind"":""empty"",""planar_area_diagnostic_only"":0.0},""hierarchy_disagreements"":{""area_m2_diagnostic_only"":null,""geometry_sha256"":null,""kind"":null,""planar_area_diagnostic_only"":null},""mapped_inland_water_support"":{""area_m2_diagnostic_only"":0.0,""geometry_sha256"":null,""kind"":""empty"",""planar_area_diagnostic_only"":0.0},""mapped_land_support"":{""area_m2_diagnostic_only"":1.9879555668289584e-07,""geometry_sha256"":""0c93ac95cdc0942f88d44d906a9e883a282bfa3516cdd40e91ad2c360805d2cc"",""kind"":""whole-operation-pointset"",""planar_area_diagnostic_only"":6.624221164002256e-18},""missing_reconstruction"":{""area_m2_diagnostic_only"":0.0,""geometry_sha256"":null,""kind"":""empty"",""planar_area_diagnostic_only"":0.0},""outside_mapped_L1_context"":{""area_m2_diagnostic_only"":0.0,""geometry_sha256"":null,""kind"":""empty"",""planar_area_diagnostic_only"":0.0}}","[{""candidate_covers_source"":false,""container_chain_issues"":[],""disjoint"":false,""intersects"":true,""periodic_offset"":0,""source_container"":-1,""source_covers_candidate"":true,""source_id"":0,""source_level"":1,""source_pointset_sha256"":""e16c72412602f25db211d93fc1669d7692c103fcfc8865faf5060379f14d8ee5"",""source_record_sha256"":""4892b19dff90b5afb9c1c9f09b77461d09004f3defe6aa0e552438a2ce884694"",""status"":""checked"",""witness"":""complete-candidate-reconstruction""}]","[""Source-relative support does not settle narrow registration-sensitive shoreline/channel truth."",""Unrecorded river widths, seasonal wetness, observation-date mismatch and source precision remain unmeasured.""]",[]
physical-component:16a15562778f813213a723286dc05b997683ea5d6c88e421bd533dda812875da,mapped-land-support,unknown-source-fitness-and-observation-date,unapproved,GSHHG2.3.7/2017-06-15 release; observation dates heterogeneous,"[""16471fbfd7a1b5c18d275b440bee49efc9c6cc65926d349a7077d53da8ac6d9c""]","{""contradictory_land_water_support"":{""area_m2_diagnostic_only"":0.0,""geometry_sha256"":null,""kind"":""empty"",""planar_area_diagnostic_only"":0.0},""extra_reconstruction"":{""area_m2_diagnostic_only"":0.0,""geometry_sha256"":null,""kind"":""empty"",""planar_area_diagnostic_only"":0.0},""hierarchy_disagreements"":{""area_m2_diagnostic_only"":null,""geometry_sha256"":null,""kind"":null,""planar_area_diagnostic_only"":null},""mapped_inland_water_support"":{""area_m2_diagnostic_only"":0.0,""geometry_sha256"":null,""kind"":""empty"",""planar_area_diagnostic_only"":0.0},""mapped_land_support"":{""area_m2_diagnostic_only"":8.05458453129182e-08,""geometry_sha256"":""d30814d29ef0a974338492dcfdcc47c2997de1a48943cd56a45d92df6a6befd5"",""kind"":""whole-operation-pointset"",""planar_area_diagnostic_only"":6.579857813389812e-18},""missing_reconstruction"":{""area_m2_diagnostic_only"":0.0,""geometry_sha256"":null,""kind"":""empty"",""planar_area_diagnostic_only"":0.0},""outside_mapped_L1_context"":{""area_m2_diagnostic_only"":0.0,""geometry_sha256"":null,""kind"":""empty"",""planar_area_diagnostic_only"":0.0}}","[{""candidate_covers_source"":false,""container_chain_issues"":[],""disjoint"":false,""intersects"":true,""periodic_offset"":0,""source_container"":-1,""source_covers_candidate"":true,""source_id"":0,""source_level"":1,""source_pointset_sha256"":""e16c72412602f25db211d93fc1669d7692c103fcfc8865faf5060379f14d8ee5"",""source_record_sha256"":""4892b19dff90b5afb9c1c9f09b77461d09004f3defe6aa0e552438a2ce884694"",""status"":""checked"",""witness"":""complete-candidate-reconstruction""}]","[""Source-relative support does not settle narrow registration-sensitive shoreline/channel truth."",""Unrecorded river widths, seasonal wetness, observation-date mismatch and source precision remain unmeasured.""]",[]
physical-component:300746aaaeeeaf86e3782f48d123d367aab071fabc57d87028d897ed444184b5,mapped-land-support,unknown-source-fitness-and-observation-date,unapproved,GSHHG2.3.7/2017-06-15 release; observation dates heterogeneous,"[""fa970dee70c1fcd8b6a6c9d78ceb933836cad6ed6bdc9239fc1c75247892b11a""]","{""contradictory_land_water_support"":{""area_m2_diagnostic_only"":0.0,""geometry_sha256"":null,""kind"":""empty"",""planar_area_diagnostic_only"":0.0},""extra_reconstruction"":{""area_m2_diagnostic_only"":0.0,""geometry_sha256"":null,""kind"":""empty"",""planar_area_diagnostic_only"":0.0},""hierarchy_disagreements"":{""area_m2_diagnostic_only"":null,""geometry_sha256"":null,""kind"":null,""planar_area_diagnostic_only"":null},""mapped_inland_water_support"":{""area_m2_diagnostic_only"":0.0,""geometry_sha256"":null,""kind"":""empty"",""planar_area_diagnostic_only"":0.0},""mapped_land_support"":{""area_m2_diagnostic_only"":1.0537765449125658e-07,""geometry_sha256"":""2d6e7c05ff783c0dac58c817432a0fe71855355f6de0122c8c7ba36986fa2003"",""kind"":""whole-operation-pointset"",""planar_area_diagnostic_only"":8.30431101488116e-18},""missing_reconstruction"":{""area_m2_diagnostic_only"":0.0,""geometry_sha256"":null,""kind"":""empty"",""planar_area_diagnostic_only"":0.0},""outside_mapped_L1_context"":{""area_m2_diagnostic_only"":0.0,""geometry_sha256"":null,""kind"":""empty"",""planar_area_diagnostic_only"":0.0}}","[{""candidate_covers_source"":false,""container_chain_issues"":[],""disjoint"":false,""intersects"":true,""periodic_offset"":0,""source_container"":-1,""source_covers_candidate"":true,""source_id"":0,""source_level"":1,""source_pointset_sha256"":""e16c72412602f25db211d93fc1669d7692c103fcfc8865faf5060379f14d8ee5"",""source_record_sha256"":""4892b19dff90b5afb9c1c9f09b77461d09004f3defe6aa0e552438a2ce884694"",""status"":""checked"",""witness"":""complete-candidate-reconstruction""}]","[""Source-relative support does not settle narrow registration-sensitive shoreline/channel truth."",""Unrecorded river widths, seasonal wetness, observation-date mismatch and source precision remain unmeasured.""]",[]
physical-component:36ffb10735d8d7d402912f989ff500524a686e86a2f636efc100acc56b9d2ba0,mapped-land-support,unknown-source-fitness-and-observation-date,unapproved,GSHHG2.3.7/2017-06-15 release; observation dates heterogeneous,"[""18009b8f44845815af98c2b6e449db4ddd4430622b1b21f9c8fe32979316e88a"",""38816c654d7ba8dd7be580a17675042dc93093f7d1bf2a9b84ce268526f6cfeb""]","{""contradictory_land_water_support"":{""area_m2_diagnostic_only"":0.0,""geometry_sha256"":null,""kind"":""empty"",""planar_area_diagnostic_only"":0.0},""extra_reconstruction"":{""area_m2_diagnostic_only"":0.0,""geometry_sha256"":null,""kind"":""empty"",""planar_area_diagnostic_only"":0.0},""hierarchy_disagreements"":{""area_m2_diagnostic_only"":null,""geometry_sha256"":null,""kind"":null,""planar_area_diagnostic_only"":null},""mapped_inland_water_support"":{""area_m2_diagnostic_only"":0.0,""geometry_sha256"":null,""kind"":""empty"",""planar_area_diagnostic_only"":0.0},""mapped_land_support"":{""area_m2_diagnostic_only"":8.100356865270442e-07,""geometry_sha256"":""d7cbbe8d28f5613d26639c5593e354d539816b8156c24dfe43713bd6d4c71943"",""kind"":""whole-operation-pointset"",""planar_area_diagnostic_only"":5.708324438136181e-17},""missing_reconstruction"":{""area_m2_diagnostic_only"":0.0,""geometry_sha256"":null,""kind"":""empty"",""planar_area_diagnostic_only"":0.0},""outside_mapped_L1_context"":{""area_m2_diagnostic_only"":0.0,""geometry_sha256"":null,""kind"":""empty"",""planar_area_diagnostic_only"":0.0}}","[{""candidate_covers_source"":false,""container_chain_issues"":[],""disjoint"":false,""intersects"":true,""periodic_offset"":0,""source_container"":-1,""source_covers_candidate"":true,""source_id"":0,""source_level"":1,""source_pointset_sha256"":""e16c72412602f25db211d93fc1669d7692c103fcfc8865faf5060379f14d8ee5"",""source_record_sha256"":""4892b19dff90b5afb9c1c9f09b77461d09004f3defe6aa0e552438a2ce884694"",""status"":""checked"",""witness"":""complete-candidate-reconstruction""}]","[""Source-relative support does not settle narrow registration-sensitive shoreline/channel truth."",""Unrecorded river widths, seasonal wetness, observation-date mismatch and source precision remain unmeasured.""]",[]
physical-component:4c9fc7c98e4c74fba00b685e964f1082726a32488d14987811702efabc6947ac,mapped-land-support,unknown-source-fitness-and-observation-date,unapproved,GSHHG2.3.7/2017-06-15 release; observation dates heterogeneous,[],"{""contradictory_land_water_support"":{""area_m2_diagnostic_only"":0.0,""geometry_sha256"":null,""kind"":""empty"",""planar_area_diagnostic_only"":0.0},""extra_reconstruction"":{""area_m2_diagnostic_only"":0.0,""geometry_sha256"":null,""kind"":""empty"",""planar_area_diagnostic_only"":0.0},""hierarchy_disagreements"":{""area_m2_diagnostic_only"":null,""geometry_sha256"":null,""kind"":null,""planar_area_diagnostic_only"":null},""mapped_inland_water_support"":{""area_m2_diagnostic_only"":0.0,""geometry_sha256"":null,""kind"":""empty"",""planar_area_diagnostic_only"":0.0},""mapped_land_support"":{""area_m2_diagnostic_only"":1.2978446513045583e-06,""geometry_sha256"":""fac4542d166c2479425c974a9c886b3a28bae30ac163e9afdc0bf3e1016c5ae8"",""kind"":""whole-operation-pointset"",""planar_area_diagnostic_only"":4.737285867403851e-17},""missing_reconstruction"":{""area_m2_diagnostic_only"":0.0,""geometry_sha256"":null,""kind"":""empty"",""planar_area_diagnostic_only"":0.0},""outside_mapped_L1_context"":{""area_m2_diagnostic_only"":0.0,""geometry_sha256"":null,""kind"":""empty"",""planar_area_diagnostic_only"":0.0}}","[{""candidate_covers_source"":false,""container_chain_issues"":[],""disjoint"":false,""intersects"":true,""periodic_offset"":0,""source_container"":-1,""source_covers_candidate"":true,""source_id"":0,""source_level"":1,""source_pointset_sha256"":""e16c72412602f25db211d93fc1669d7692c103fcfc8865faf5060379f14d8ee5"",""source_record_sha256"":""4892b19dff90b5afb9c1c9f09b77461d09004f3defe6aa0e552438a2ce884694"",""status"":""checked"",""witness"":""complete-candidate-reconstruction""}]","[""Source-relative support does not settle narrow registration-sensitive shoreline/channel truth."",""Unrecorded river widths, seasonal wetness, observation-date mismatch and source precision remain unmeasured.""]",[]
physical-component:777631d5e6656693b99bbebff66787db117ac0e7595fb8b80d5d032ac0659038,mapped-land-support,unknown-source-fitness-and-observation-date,unapproved,GSHHG2.3.7/2017-06-15 release; observation dates heterogeneous,"[""cd1a680b6055353adaa2f7123c88cf7834f16ea740610b1dca9de55ba5adbdf3""]","{""contradictory_land_water_support"":{""area_m2_diagnostic_only"":0.0,""geometry_sha256"":null,""kind"":""empty"",""planar_area_diagnostic_only"":0.0},""extra_reconstruction"":{""area_m2_diagnostic_only"":0.0,""geometry_sha256"":null,""kind"":""empty"",""planar_area_diagnostic_only"":0.0},""hierarchy_disagreements"":{""area_m2_diagnostic_only"":null,""geometry_sha256"":null,""kind"":null,""planar_area_diagnostic_only"":null},""mapped_inland_water_support"":{""area_m2_diagnostic_only"":0.0,""geometry_sha256"":null,""kind"":""empty"",""planar_area_diagnostic_only"":0.0},""mapped_land_support"":{""area_m2_diagnostic_only"":5.665367062146487e-07,""geometry_sha256"":""06f5892d53c5687c7bcbd41dec42ef2a8dd7f6ad8b71f011efe570b8e236d6e1"",""kind"":""whole-operation-pointset"",""planar_area_diagnostic_only"":3.350862339338012e-17},""missing_reconstruction"":{""area_m2_diagnostic_only"":0.0,""geometry_sha256"":null,""kind"":""empty"",""planar_area_diagnostic_only"":0.0},""outside_mapped_L1_context"":{""area_m2_diagnostic_only"":0.0,""geometry_sha256"":null,""kind"":""empty"",""planar_area_diagnostic_only"":0.0}}","[{""candidate_covers_source"":false,""container_chain_issues"":[],""disjoint"":false,""intersects"":true,""periodic_offset"":0,""source_container"":-1,""source_covers_candidate"":true,""source_id"":0,""source_level"":1,""source_pointset_sha256"":""e16c72412602f25db211d93fc1669d7692c103fcfc8865faf5060379f14d8ee5"",""source_record_sha256"":""4892b19dff90b5afb9c1c9f09b77461d09004f3defe6aa0e552438a2ce884694"",""status"":""checked"",""witness"":""complete-candidate-reconstruction""}]","[""Source-relative support does not settle narrow registration-sensitive shoreline/channel truth."",""Unrecorded river widths, seasonal wetness, observation-date mismatch and source precision remain unmeasured.""]",[]
physical-component:87d5810b83156c3f47cd05e5221d064dbf80622f98706a593ec08548d1588364,mapped-land-support,unknown-source-fitness-and-observation-date,unapproved,GSHHG2.3.7/2017-06-15 release; observation dates heterogeneous,[],"{""contradictory_land_water_support"":{""area_m2_diagnostic_only"":0.0,""geometry_sha256"":null,""kind"":""empty"",""planar_area_diagnostic_only"":0.0},""extra_reconstruction"":{""area_m2_diagnostic_only"":0.0,""geometry_sha256"":null,""kind"":""empty"",""planar_area_diagnostic_only"":0.0},""hierarchy_disagreements"":{""area_m2_diagnostic_only"":null,""geometry_sha256"":null,""kind"":null,""planar_area_diagnostic_only"":null},""mapped_inland_water_support"":{""area_m2_diagnostic_only"":0.0,""geometry_sha256"":null,""kind"":""empty"",""planar_area_diagnostic_only"":0.0},""mapped_land_support"":{""area_m2_diagnostic_only"":2.8626356018968124e-07,""geometry_sha256"":""aa183557cb7650c46418c3fbbc86480aa3c8b332f2fd8c3911c86057dbf32d83"",""kind"":""whole-operation-pointset"",""planar_area_diagnostic_only"":1.5971653253427087e-17},""missing_reconstruction"":{""area_m2_diagnostic_only"":0.0,""geometry_sha256"":null,""kind"":""empty"",""planar_area_diagnostic_only"":0.0},""outside_mapped_L1_context"":{""area_m2_diagnostic_only"":0.0,""geometry_sha256"":null,""kind"":""empty"",""planar_area_diagnostic_only"":0.0}}","[{""candidate_covers_source"":false,""container_chain_issues"":[],""disjoint"":false,""intersects"":true,""periodic_offset"":0,""source_container"":-1,""source_covers_candidate"":true,""source_id"":0,""source_level"":1,""source_pointset_sha256"":""e16c72412602f25db211d93fc1669d7692c103fcfc8865faf5060379f14d8ee5"",""source_record_sha256"":""4892b19dff90b5afb9c1c9f09b77461d09004f3defe6aa0e552438a2ce884694"",""status"":""checked"",""witness"":""complete-candidate-reconstruction""}]","[""Source-relative support does not settle narrow registration-sensitive shoreline/channel truth."",""Unrecorded river widths, seasonal wetness, observation-date mismatch and source precision remain unmeasured.""]",[]
physical-component:9bfcc12c85f301e0745895e459345d8f81a1abe87b317188d1fc4c82c5989477,mapped-land-support,unknown-source-fitness-and-observation-date,unapproved,GSHHG2.3.7/2017-06-15 release; observation dates heterogeneous,"[""16471fbfd7a1b5c18d275b440bee49efc9c6cc65926d349a7077d53da8ac6d9c"",""de701017cd2586bc331e2de8e9d6b14e57c2a90c967f7fb24225a203b66857a6""]","{""contradictory_land_water_support"":{""area_m2_diagnostic_only"":0.0,""geometry_sha256"":null,""kind"":""empty"",""planar_area_diagnostic_only"":0.0},""extra_reconstruction"":{""area_m2_diagnostic_only"":0.0,""geometry_sha256"":null,""kind"":""empty"",""planar_area_diagnostic_only"":0.0},""hierarchy_disagreements"":{""area_m2_diagnostic_only"":null,""geometry_sha256"":null,""kind"":null,""planar_area_diagnostic_only"":null},""mapped_inland_water_support"":{""area_m2_diagnostic_only"":0.0,""geometry_sha256"":null,""kind"":""empty"",""planar_area_diagnostic_only"":0.0},""mapped_land_support"":{""area_m2_diagnostic_only"":1.3704496684141532e-06,""geometry_sha256"":""cfe4ba8908e2e17d9bea73f952cf7f67bd0c37cfe33330e7a4189679997ba979"",""kind"":""whole-operation-pointset"",""planar_area_diagnostic_only"":4.000875423060962e-17},""missing_reconstruction"":{""area_m2_diagnostic_only"":0.0,""geometry_sha256"":null,""kind"":""empty"",""planar_area_diagnostic_only"":0.0},""outside_mapped_L1_context"":{""area_m2_diagnostic_only"":0.0,""geometry_sha256"":null,""kind"":""empty"",""planar_area_diagnostic_only"":0.0}}","[{""candidate_covers_source"":false,""container_chain_issues"":[],""disjoint"":false,""intersects"":true,""periodic_offset"":0,""source_container"":-1,""source_covers_candidate"":true,""source_id"":0,""source_level"":1,""source_pointset_sha256"":""e16c72412602f25db211d93fc1669d7692c103fcfc8865faf5060379f14d8ee5"",""source_record_sha256"":""4892b19dff90b5afb9c1c9f09b77461d09004f3defe6aa0e552438a2ce884694"",""status"":""checked"",""witness"":""complete-candidate-reconstruction""}]","[""Source-relative support does not settle narrow registration-sensitive shoreline/channel truth."",""Unrecorded river widths, seasonal wetness, observation-date mismatch and source precision remain unmeasured.""]",[]
physical-component:9db43066a4445eede1df1316d18dd6ff40393734a09a720207c5f14685487a2c,mapped-land-support,unknown-source-fitness-and-observation-date,unapproved,GSHHG2.3.7/2017-06-15 release; observation dates heterogeneous,"[""cd1a680b6055353adaa2f7123c88cf7834f16ea740610b1dca9de55ba5adbdf3""]","{""contradictory_land_water_support"":{""area_m2_diagnostic_only"":0.0,""geometry_sha256"":null,""kind"":""empty"",""planar_area_diagnostic_only"":0.0},""extra_reconstruction"":{""area_m2_diagnostic_only"":0.0,""geometry_sha256"":null,""kind"":""empty"",""planar_area_diagnostic_only"":0.0},""hierarchy_disagreements"":{""area_m2_diagnostic_only"":null,""geometry_sha256"":null,""kind"":null,""planar_area_diagnostic_only"":null},""mapped_inland_water_support"":{""area_m2_diagnostic_only"":0.0,""geometry_sha256"":null,""kind"":""empty"",""planar_area_diagnostic_only"":0.0},""mapped_land_support"":{""area_m2_diagnostic_only"":2.176078304216844e-07,""geometry_sha256"":""7ffc116d8ee83a408e563b4635062ba46b7d644fb5e5854825b9c71456909686"",""kind"":""whole-operation-pointset"",""planar_area_diagnostic_only"":7.006656539687572e-17},""missing_reconstruction"":{""area_m2_diagnostic_only"":0.0,""geometry_sha256"":null,""kind"":""empty"",""planar_area_diagnostic_only"":0.0},""outside_mapped_L1_context"":{""area_m2_diagnostic_only"":0.0,""geometry_sha256"":null,""kind"":""empty"",""planar_area_diagnostic_only"":0.0}}","[{""candidate_covers_source"":false,""container_chain_issues"":[],""disjoint"":false,""intersects"":true,""periodic_offset"":0,""source_container"":-1,""source_covers_candidate"":true,""source_id"":0,""source_level"":1,""source_pointset_sha256"":""e16c72412602f25db211d93fc1669d7692c103fcfc8865faf5060379f14d8ee5"",""source_record_sha256"":""4892b19dff90b5afb9c1c9f09b77461d09004f3defe6aa0e552438a2ce884694"",""status"":""checked"",""witness"":""complete-candidate-reconstruction""}]","[""Source-relative support does not settle narrow registration-sensitive shoreline/channel truth."",""Unrecorded river widths, seasonal wetness, observation-date mismatch and source precision remain unmeasured.""]",[]
physical-component:a1238cf0d19f4b0a045b41418061764b2ffa076128c4d7718a4a0b6693be1d7c,mapped-land-support,unknown-source-fitness-and-observation-date,unapproved,GSHHG2.3.7/2017-06-15 release; observation dates heterogeneous,"[""2959176fb434075164a784110a3cf86bef7d93e8b346eccf0b58fd07a82a07fc""]","{""contradictory_land_water_support"":{""area_m2_diagnostic_only"":0.0,""geometry_sha256"":null,""kind"":""empty"",""planar_area_diagnostic_only"":0.0},""extra_reconstruction"":{""area_m2_diagnostic_only"":0.0,""geometry_sha256"":null,""kind"":""empty"",""planar_area_diagnostic_only"":0.0},""hierarchy_disagreements"":{""area_m2_diagnostic_only"":null,""geometry_sha256"":null,""kind"":null,""planar_area_diagnostic_only"":null},""mapped_inland_water_support"":{""area_m2_diagnostic_only"":0.0,""geometry_sha256"":null,""kind"":""empty"",""planar_area_diagnostic_only"":0.0},""mapped_land_support"":{""area_m2_diagnostic_only"":2.3135483218084119e-07,""geometry_sha256"":""ee0f49550e4bd6cbe54452a3faa0c75afe6bd01456865e8ec2adcfdefce87f29"",""kind"":""whole-operation-pointset"",""planar_area_diagnostic_only"":3.191111925485851e-17},""missing_reconstruction"":{""area_m2_diagnostic_only"":0.0,""geometry_sha256"":null,""kind"":""empty"",""planar_area_diagnostic_only"":0.0},""outside_mapped_L1_context"":{""area_m2_diagnostic_only"":0.0,""geometry_sha256"":null,""kind"":""empty"",""planar_area_diagnostic_only"":0.0}}","[{""candidate_covers_source"":false,""container_chain_issues"":[],""disjoint"":false,""intersects"":true,""periodic_offset"":0,""source_container"":-1,""source_covers_candidate"":true,""source_id"":0,""source_level"":1,""source_pointset_sha256"":""e16c72412602f25db211d93fc1669d7692c103fcfc8865faf5060379f14d8ee5"",""source_record_sha256"":""4892b19dff90b5afb9c1c9f09b77461d09004f3defe6aa0e552438a2ce884694"",""status"":""checked"",""witness"":""complete-candidate-reconstruction""}]","[""Source-relative support does not settle narrow registration-sensitive shoreline/channel truth."",""Unrecorded river widths, seasonal wetness, observation-date mismatch and source precision remain unmeasured.""]",[]
physical-component:a5caa084567455808fecd8aec8f98eff8eb24e41498c28eff9b740962c505401,mapped-land-support,unknown-source-fitness-and-observation-date,unapproved,GSHHG2.3.7/2017-06-15 release; observation dates heterogeneous,"[""d16c2c5c5d904331d2bb813606592dafde9692bb6bd094bf2aa7e23199d7ba15""]","{""contradictory_land_water_support"":{""area_m2_diagnostic_only"":0.0,""geometry_sha256"":null,""kind"":""empty"",""planar_area_diagnostic_only"":0.0},""extra_reconstruction"":{""area_m2_diagnostic_only"":0.0,""geometry_sha256"":null,""kind"":""empty"",""planar_area_diagnostic_only"":0.0},""hierarchy_disagreements"":{""area_m2_diagnostic_only"":null,""geometry_sha256"":null,""kind"":null,""planar_area_diagnostic_only"":null},""mapped_inland_water_support"":{""area_m2_diagnostic_only"":0.0,""geometry_sha256"":null,""kind"":""empty"",""planar_area_diagnostic_only"":0.0},""mapped_land_support"":{""area_m2_diagnostic_only"":4.399652295816736e-07,""geometry_sha256"":""430d96e80fc9e48c5f5c3f10148586846bad8d1626de7a228da22113b685524b"",""kind"":""whole-operation-pointset"",""planar_area_diagnostic_only"":2.1019969619062717e-17},""missing_reconstruction"":{""area_m2_diagnostic_only"":0.0,""geometry_sha256"":null,""kind"":""empty"",""planar_area_diagnostic_only"":0.0},""outside_mapped_L1_context"":{""area_m2_diagnostic_only"":0.0,""geometry_sha256"":null,""kind"":""empty"",""planar_area_diagnostic_only"":0.0}}","[{""candidate_covers_source"":false,""container_chain_issues"":[],""disjoint"":false,""intersects"":true,""periodic_offset"":0,""source_container"":-1,""source_covers_candidate"":true,""source_id"":0,""source_level"":1,""source_pointset_sha256"":""e16c72412602f25db211d93fc1669d7692c103fcfc8865faf5060379f14d8ee5"",""source_record_sha256"":""4892b19dff90b5afb9c1c9f09b77461d09004f3defe6aa0e552438a2ce884694"",""status"":""checked"",""witness"":""complete-candidate-reconstruction""}]","[""Source-relative support does not settle narrow registration-sensitive shoreline/channel truth."",""Unrecorded river widths, seasonal wetness, observation-date mismatch and source precision remain unmeasured.""]",[]
physical-component:c9ab9d9b1f31057510a02095d979ec7126cd62fd780793d5c2bba7a775759989,mapped-land-support,unknown-source-fitness-and-observation-date,unapproved,GSHHG2.3.7/2017-06-15 release; observation dates heterogeneous,[],"{""contradictory_land_water_support"":{""area_m2_diagnostic_only"":0.0,""geometry_sha256"":null,""kind"":""empty"",""planar_area_diagnostic_only"":0.0},""extra_reconstruction"":{""area_m2_diagnostic_only"":0.0,""geometry_sha256"":null,""kind"":""empty"",""planar_area_diagnostic_only"":0.0},""hierarchy_disagreements"":{""area_m2_diagnostic_only"":null,""geometry_sha256"":null,""kind"":null,""planar_area_diagnostic_only"":null},""mapped_inland_water_support"":{""area_m2_diagnostic_only"":0.0,""geometry_sha256"":null,""kind"":""empty"",""planar_area_diagnostic_only"":0.0},""mapped_land_support"":{""area_m2_diagnostic_only"":1.2574242189145046e-07,""geometry_sha256"":""911d027537d5b1f75598bec77d35f80ec5c29327700e5dd794b1ae43f3b0a9f1"",""kind"":""whole-operation-pointset"",""planar_area_diagnostic_only"":4.850534172451751e-18},""missing_reconstruction"":{""area_m2_diagnostic_only"":0.0,""geometry_sha256"":null,""kind"":""empty"",""planar_area_diagnostic_only"":0.0},""outside_mapped_L1_context"":{""area_m2_diagnostic_only"":0.0,""geometry_sha256"":null,""kind"":""empty"",""planar_area_diagnostic_only"":0.0}}","[{""candidate_covers_source"":false,""container_chain_issues"":[],""disjoint"":false,""intersects"":true,""periodic_offset"":0,""source_container"":-1,""source_covers_candidate"":true,""source_id"":0,""source_level"":1,""source_pointset_sha256"":""e16c72412602f25db211d93fc1669d7692c103fcfc8865faf5060379f14d8ee5"",""source_record_sha256"":""4892b19dff90b5afb9c1c9f09b77461d09004f3defe6aa0e552438a2ce884694"",""status"":""checked"",""witness"":""complete-candidate-reconstruction""}]","[""Source-relative support does not settle narrow registration-sensitive shoreline/channel truth."",""Unrecorded river widths, seasonal wetness, observation-date mismatch and source precision remain unmeasured.""]",[]
physical-component:d5085885c61def27a4994e0603af5328dc208c342ad9787a1b4d1f98e45cfb0b,mapped-land-support,unknown-source-fitness-and-observation-date,unapproved,GSHHG2.3.7/2017-06-15 release; observation dates heterogeneous,[],"{""contradictory_land_water_support"":{""area_m2_diagnostic_only"":0.0,""geometry_sha256"":null,""kind"":""empty"",""planar_area_diagnostic_only"":0.0},""extra_reconstruction"":{""area_m2_diagnostic_only"":0.0,""geometry_sha256"":null,""kind"":""empty"",""planar_area_diagnostic_only"":0.0},""hierarchy_disagreements"":{""area_m2_diagnostic_only"":null,""geometry_sha256"":null,""kind"":null,""planar_area_diagnostic_only"":null},""mapped_inland_water_support"":{""area_m2_diagnostic_only"":0.0,""geometry_sha256"":null,""kind"":""empty"",""planar_area_diagnostic_only"":0.0},""mapped_land_support"":{""area_m2_diagnostic_only"":2.7742787445106387e-07,""geometry_sha256"":""305b7799fb684430b2f7fa30fa4add50b6d89201b1ecfdec3c8a3615ae705595"",""kind"":""whole-operation-pointset"",""planar_area_diagnostic_only"":4.278093424829534e-17},""missing_reconstruction"":{""area_m2_diagnostic_only"":0.0,""geometry_sha256"":null,""kind"":""empty"",""planar_area_diagnostic_only"":0.0},""outside_mapped_L1_context"":{""area_m2_diagnostic_only"":0.0,""geometry_sha256"":null,""kind"":""empty"",""planar_area_diagnostic_only"":0.0}}","[{""candidate_covers_source"":false,""container_chain_issues"":[],""disjoint"":false,""intersects"":true,""periodic_offset"":0,""source_container"":-1,""source_covers_candidate"":true,""source_id"":0,""source_level"":1,""source_pointset_sha256"":""e16c72412602f25db211d93fc1669d7692c103fcfc8865faf5060379f14d8ee5"",""source_record_sha256"":""4892b19dff90b5afb9c1c9f09b77461d09004f3defe6aa0e552438a2ce884694"",""status"":""checked"",""witness"":""complete-candidate-reconstruction""}]","[""Source-relative support does not settle narrow registration-sensitive shoreline/channel truth."",""Unrecorded river widths, seasonal wetness, observation-date mismatch and source precision remain unmeasured.""]",[]
physical-component:d8a7c45330ea4f423c70a95cd8bb8a510225b04bcea292ffb5574e19d323d1ca,mapped-land-support,unknown-source-fitness-and-observation-date,unapproved,GSHHG2.3.7/2017-06-15 release; observation dates heterogeneous,[],"{""contradictory_land_water_support"":{""area_m2_diagnostic_only"":0.0,""geometry_sha256"":null,""kind"":""empty"",""planar_area_diagnostic_only"":0.0},""extra_reconstruction"":{""area_m2_diagnostic_only"":0.0,""geometry_sha256"":null,""kind"":""empty"",""planar_area_diagnostic_only"":0.0},""hierarchy_disagreements"":{""area_m2_diagnostic_only"":null,""geometry_sha256"":null,""kind"":null,""planar_area_diagnostic_only"":null},""mapped_inland_water_support"":{""area_m2_diagnostic_only"":0.0,""geometry_sha256"":null,""kind"":""empty"",""planar_area_diagnostic_only"":0.0},""mapped_land_support"":{""area_m2_diagnostic_only"":4.1338509593202843e-07,""geometry_sha256"":""134f095aff830c54a16e4766492cd3bfd3b5752303d37ef96255b48195e966b9"",""kind"":""whole-operation-pointset"",""planar_area_diagnostic_only"":3.001694182656108e-17},""missing_reconstruction"":{""area_m2_diagnostic_only"":0.0,""geometry_sha256"":null,""kind"":""empty"",""planar_area_diagnostic_only"":0.0},""outside_mapped_L1_context"":{""area_m2_diagnostic_only"":0.0,""geometry_sha256"":null,""kind"":""empty"",""planar_area_diagnostic_only"":0.0}}","[{""candidate_covers_source"":false,""container_chain_issues"":[],""disjoint"":false,""intersects"":true,""periodic_offset"":0,""source_container"":-1,""source_covers_candidate"":true,""source_id"":0,""source_level"":1,""source_pointset_sha256"":""e16c72412602f25db211d93fc1669d7692c103fcfc8865faf5060379f14d8ee5"",""source_record_sha256"":""4892b19dff90b5afb9c1c9f09b77461d09004f3defe6aa0e552438a2ce884694"",""status"":""checked"",""witness"":""complete-candidate-reconstruction""}]","[""Source-relative support does not settle narrow registration-sensitive shoreline/channel truth."",""Unrecorded river widths, seasonal wetness, observation-date mismatch and source precision remain unmeasured.""]",[]
physical-component:e547c85631bb512b40659a4fbb669c704379bd7a2422ac1cf6ed837c2af171b9,mapped-land-support,unknown-source-fitness-and-observation-date,unapproved,GSHHG2.3.7/2017-06-15 release; observation dates heterogeneous,[],"{""contradictory_land_water_support"":{""area_m2_diagnostic_only"":0.0,""geometry_sha256"":null,""kind"":""empty"",""planar_area_diagnostic_only"":0.0},""extra_reconstruction"":{""area_m2_diagnostic_only"":0.0,""geometry_sha256"":null,""kind"":""empty"",""planar_area_diagnostic_only"":0.0},""hierarchy_disagreements"":{""area_m2_diagnostic_only"":null,""geometry_sha256"":null,""kind"":null,""planar_area_diagnostic_only"":null},""mapped_inland_water_support"":{""area_m2_diagnostic_only"":0.0,""geometry_sha256"":null,""kind"":""empty"",""planar_area_diagnostic_only"":0.0},""mapped_land_support"":{""area_m2_diagnostic_only"":5.552597734936882e-07,""geometry_sha256"":""caeecd259d6ec20346a125a35ac8c667cb16af7be65b742294b6b9bc36c1af76"",""kind"":""whole-operation-pointset"",""planar_area_diagnostic_only"":2.3892046584965236e-17},""missing_reconstruction"":{""area_m2_diagnostic_only"":0.0,""geometry_sha256"":null,""kind"":""empty"",""planar_area_diagnostic_only"":0.0},""outside_mapped_L1_context"":{""area_m2_diagnostic_only"":0.0,""geometry_sha256"":null,""kind"":""empty"",""planar_area_diagnostic_only"":0.0}}","[{""candidate_covers_source"":false,""container_chain_issues"":[],""disjoint"":false,""intersects"":true,""periodic_offset"":0,""source_container"":-1,""source_covers_candidate"":true,""source_id"":0,""source_level"":1,""source_pointset_sha256"":""e16c72412602f25db211d93fc1669d7692c103fcfc8865faf5060379f14d8ee5"",""source_record_sha256"":""4892b19dff90b5afb9c1c9f09b77461d09004f3defe6aa0e552438a2ce884694"",""status"":""checked"",""witness"":""complete-candidate-reconstruction""}]","[""Source-relative support does not settle narrow registration-sensitive shoreline/channel truth."",""Unrecorded river widths, seasonal wetness, observation-date mismatch and source precision remain unmeasured.""]",[]
physical-component:f39a89a7d4dd30b99fcd8f6f98b0394c5a17d4e406144262e63c2d0b549df746,mapped-land-support,unknown-source-fitness-and-observation-date,unapproved,GSHHG2.3.7/2017-06-15 release; observation dates heterogeneous,"[""d16c2c5c5d904331d2bb813606592dafde9692bb6bd094bf2aa7e23199d7ba15""]","{""contradictory_land_water_support"":{""area_m2_diagnostic_only"":0.0,""geometry_sha256"":null,""kind"":""empty"",""planar_area_diagnostic_only"":0.0},""extra_reconstruction"":{""area_m2_diagnostic_only"":0.0,""geometry_sha256"":null,""kind"":""empty"",""planar_area_diagnostic_only"":0.0},""hierarchy_disagreements"":{""area_m2_diagnostic_only"":null,""geometry_sha256"":null,""kind"":null,""planar_area_diagnostic_only"":null},""mapped_inland_water_support"":{""area_m2_diagnostic_only"":0.0,""geometry_sha256"":null,""kind"":""empty"",""planar_area_diagnostic_only"":0.0},""mapped_land_support"":{""area_m2_diagnostic_only"":9.817676649426232e-08,""geometry_sha256"":""1da814200772ce739bf0c3b8c94e74acad94deee1af5b51281bccf54f5290b44"",""kind"":""whole-operation-pointset"",""planar_area_diagnostic_only"":2.0123808760867667e-17},""missing_reconstruction"":{""area_m2_diagnostic_only"":0.0,""geometry_sha256"":null,""kind"":""empty"",""planar_area_diagnostic_only"":0.0},""outside_mapped_L1_context"":{""area_m2_diagnostic_only"":0.0,""geometry_sha256"":null,""kind"":""empty"",""planar_area_diagnostic_only"":0.0}}","[{""candidate_covers_source"":false,""container_chain_issues"":[],""disjoint"":false,""intersects"":true,""periodic_offset"":0,""source_container"":-1,""source_covers_candidate"":true,""source_id"":0,""source_level"":1,""source_pointset_sha256"":""e16c72412602f25db211d93fc1669d7692c103fcfc8865faf5060379f14d8ee5"",""source_record_sha256"":""4892b19dff90b5afb9c1c9f09b77461d09004f3defe6aa0e552438a2ce884694"",""status"":""checked"",""witness"":""complete-candidate-reconstruction""}]","[""Source-relative support does not settle narrow registration-sensitive shoreline/channel truth."",""Unrecorded river widths, seasonal wetness, observation-date mismatch and source precision remain unmeasured.""]",[]
