location_id,area,source_shape_id,source_shape_name_2017,current_atlas_parent_id,current_atlas_parent_name,prior_row_classification,crosswalk_status,candidate_current_name,candidate_current_name_zh,finding
gb:CHN:ADM2:17275852B10013747765987,Guangdong,17275852B10013747765987,Huiyangshi,framework:province:huizhou:49aa610bb63f,Huizhou,insufficient-evidence,candidate-name-or-tier-change-needs-code-and-geometry-check,Huiyang District,惠阳市,Same-toponym name/status lead in the 2025 official roster; one-to-one identity and geometry remain unverified.
gb:CHN:ADM2:17275852B12258272370747,Guangdong,17275852B12258272370747,Kaipingshi,framework:province:jiangmen:b1581ab45f64,Jiangmen,insufficient-evidence,unresolved-no-current-code-or-official-boundary-join,,,
gb:CHN:ADM2:17275852B1643752484532,Guangdong,17275852B1643752484532,Luodingshi,framework:province:yunfu:107084f41ca9,Yunfu,insufficient-evidence,unresolved-no-current-code-or-official-boundary-join,,,
gb:CHN:ADM2:17275852B16521843045020,Guangdong,17275852B16521843045020,Haikangxian,framework:province:zhanjiang:0bcfbe902a98,Zhanjiang,insufficient-evidence,unresolved-no-current-code-or-official-boundary-join,,,
gb:CHN:ADM2:17275852B17608034678944,Guangdong,17275852B17608034678944,Xingningshi,framework:province:meizhou:d7c07aaee0c5,Meizhou,insufficient-evidence,unresolved-no-current-code-or-official-boundary-join,,,
gb:CHN:ADM2:17275852B17785585955827,Guangdong,17275852B17785585955827,Maomingshi,framework:province:maoming:4decd77e9fe3,Maoming,insufficient-evidence,unresolved-no-current-code-or-official-boundary-join,,,
gb:CHN:ADM2:17275852B19079798784363,Guangdong,17275852B19079798784363,Deqingxian,framework:province:zhaoqing:388cd7040808,Zhaoqing,insufficient-evidence,unresolved-no-current-code-or-official-boundary-join,,,
gb:CHN:ADM2:17275852B19894710040929,Guangdong,17275852B19894710040929,Huaijixian,framework:province:zhaoqing:388cd7040808,Zhaoqing,insufficient-evidence,unresolved-no-current-code-or-official-boundary-join,,,
gb:CHN:ADM2:17275852B2067645637252,Guangdong,17275852B2067645637252,Chenghaishi,framework:province:shantou:3302f5621389,Shantou,insufficient-evidence,candidate-name-or-tier-change-needs-code-and-geometry-check,Chenghai District,澄海市,Same-toponym name/status lead in the 2025 official roster; one-to-one identity and geometry remain unverified.
gb:CHN:ADM2:17275852B21274946363178,Guangdong,17275852B21274946363178,Lianzhoushi,framework:province:qingyuan:4cf98ee32a41,Qingyuan,insufficient-evidence,unresolved-no-current-code-or-official-boundary-join,,,
gb:CHN:ADM2:17275852B21842931785294,Guangdong,17275852B21842931785294,Zhuhaishi,framework:province:macaozhuhai:228fc81c22df,Macao–Zhuhai,insufficient-evidence,unresolved-no-current-code-or-official-boundary-join,,,
gb:CHN:ADM2:17275852B25965384817686,Guangdong,17275852B25965384817686,Nanhaishi,framework:province:guangzhoufoshan:bd0ec7cea8da,Guangzhou–Foshan,insufficient-evidence,candidate-name-or-tier-change-needs-code-and-geometry-check,Nanhai District,南海市,Same-toponym name/status lead in the 2025 official roster; one-to-one identity and geometry remain unverified.
gb:CHN:ADM2:17275852B2770952645956,Guangdong,17275852B2770952645956,Hepingxian,framework:province:heyuan:1f55afb22c3f,Heyuan,insufficient-evidence,unresolved-no-current-code-or-official-boundary-join,,,
gb:CHN:ADM2:17275852B27877276340012,Guangdong,17275852B27877276340012,Zhongshanshi,framework:province:zhongshan:645865a8ed56,Zhongshan,insufficient-evidence,unresolved-no-current-code-or-official-boundary-join,,,
gb:CHN:ADM2:17275852B282910546940,Guangdong,17275852B282910546940,Xinyishi,framework:province:maoming:4decd77e9fe3,Maoming,insufficient-evidence,unresolved-no-current-code-or-official-boundary-join,,,
gb:CHN:ADM2:17275852B29214488763632,Guangdong,17275852B29214488763632,Yunanxian,framework:province:yunfu:107084f41ca9,Yunfu,insufficient-evidence,unresolved-no-current-code-or-official-boundary-join,,,
gb:CHN:ADM2:17275852B29773239845140,Guangdong,17275852B29773239845140,Liannanyaozuzizhixian,framework:province:qingyuan:4cf98ee32a41,Qingyuan,insufficient-evidence,unresolved-no-current-code-or-official-boundary-join,,,
gb:CHN:ADM2:17275852B29929254137559,Guangdong,17275852B29929254137559,Wongyuanxian,framework:province:shaoguan:7d693faca632,Shaoguan,insufficient-evidence,unresolved-no-current-code-or-official-boundary-join,,,
gb:CHN:ADM2:17275852B31711539663260,Guangdong,17275852B31711539663260,Shenzhenshi,framework:province:hong-kongshenzhen:af411fb5a4db,Hong Kong–Shenzhen,insufficient-evidence,unresolved-no-current-code-or-official-boundary-join,,,
gb:CHN:ADM2:17275852B32949846235382,Guangdong,17275852B32949846235382,Lechangxian,framework:province:shaoguan:7d693faca632,Shaoguan,insufficient-evidence,unresolved-no-current-code-or-official-boundary-join,,,
gb:CHN:ADM2:17275852B33382458843189,Guangdong,17275852B33382458843189,Dongguanshi,framework:province:dongguan:7b37774b71cb,Dongguan,insufficient-evidence,unresolved-no-current-code-or-official-boundary-join,,,
gb:CHN:ADM2:17275852B34914005005648,Guangdong,17275852B34914005005648,Wuhuaxian,framework:province:meizhou:d7c07aaee0c5,Meizhou,insufficient-evidence,unresolved-no-current-code-or-official-boundary-join,,,
gb:CHN:ADM2:17275852B35416849225692,Guangdong,17275852B35416849225692,Gaozhoushi,framework:province:maoming:4decd77e9fe3,Maoming,insufficient-evidence,unresolved-no-current-code-or-official-boundary-join,,,
gb:CHN:ADM2:17275852B36427803126994,Guangdong,17275852B36427803126994,Puningshi,framework:province:jieyang:7d7ea2259f59,Jieyang,insufficient-evidence,unresolved-no-current-code-or-official-boundary-join,,,
gb:CHN:ADM2:17275852B36456254412660,Guangdong,17275852B36456254412660,Huizhoushi,framework:province:huizhou:49aa610bb63f,Huizhou,insufficient-evidence,unresolved-no-current-code-or-official-boundary-join,,,
gb:CHN:ADM2:17275852B37419515135684,Guangdong,17275852B37419515135684,Fengshunxian,framework:province:meizhou:d7c07aaee0c5,Meizhou,insufficient-evidence,unresolved-no-current-code-or-official-boundary-join,,,
gb:CHN:ADM2:17275852B37976290279083,Guangdong,17275852B37976290279083,Shundeshi,framework:province:guangzhoufoshan:bd0ec7cea8da,Guangzhou–Foshan,insufficient-evidence,candidate-name-or-tier-change-needs-code-and-geometry-check,Shunde District,顺德市,Same-toponym name/status lead in the 2025 official roster; one-to-one identity and geometry remain unverified.
gb:CHN:ADM2:17275852B38331625545684,Guangdong,17275852B38331625545684,Longmenxian,framework:province:huizhou:49aa610bb63f,Huizhou,insufficient-evidence,unresolved-no-current-code-or-official-boundary-join,,,
gb:CHN:ADM2:17275852B38338809131920,Guangdong,17275852B38338809131920,Haifengxian,framework:province:shanwei:46404b911ff3,Shanwei,insufficient-evidence,unresolved-no-current-code-or-official-boundary-join,,,
gb:CHN:ADM2:17275852B38552083710936,Guangdong,17275852B38552083710936,Shanshuishi,framework:province:guangzhoufoshan:bd0ec7cea8da,Guangzhou–Foshan,insufficient-evidence,unresolved-no-current-code-or-official-boundary-join,,,
gb:CHN:ADM2:17275852B38988280096574,Guangdong,17275852B38988280096574,Guangzhoushi,framework:province:guangzhoufoshan:bd0ec7cea8da,Guangzhou–Foshan,insufficient-evidence,unresolved-no-current-code-or-official-boundary-join,,,
gb:CHN:ADM2:17275852B39380894050966,Guangdong,17275852B39380894050966,Lianjiangxian,framework:province:zhanjiang:0bcfbe902a98,Zhanjiang,insufficient-evidence,unresolved-no-current-code-or-official-boundary-join,,,
gb:CHN:ADM2:17275852B40485497211548,Guangdong,17275852B40485497211548,Zhijinxian,framework:province:heyuan:1f55afb22c3f,Heyuan,insufficient-evidence,unresolved-no-current-code-or-official-boundary-join,,,
gb:CHN:ADM2:17275852B40827597599959,Guangdong,17275852B40827597599959,Dapuxian,framework:province:meizhou:d7c07aaee0c5,Meizhou,insufficient-evidence,unresolved-no-current-code-or-official-boundary-join,,,
gb:CHN:ADM2:17275852B41676374519260,Guangdong,17275852B41676374519260,Zengchengshi,framework:province:guangzhoufoshan:bd0ec7cea8da,Guangzhou–Foshan,insufficient-evidence,candidate-name-or-tier-change-needs-code-and-geometry-check,Zengcheng District,增城市,Same-toponym name/status lead in the 2025 official roster; one-to-one identity and geometry remain unverified.
gb:CHN:ADM2:17275852B42238111310042,Guangdong,17275852B42238111310042,Longchuanxian,framework:province:heyuan:1f55afb22c3f,Heyuan,insufficient-evidence,unresolved-no-current-code-or-official-boundary-join,,,
gb:CHN:ADM2:17275852B42704411692482,Guangdong,17275852B42704411692482,Huilaixian,framework:province:jieyang:7d7ea2259f59,Jieyang,insufficient-evidence,unresolved-no-current-code-or-official-boundary-join,,,
gb:CHN:ADM2:17275852B43873382520066,Guangdong,17275852B43873382520066,Nanxiongxian,framework:province:shaoguan:7d693faca632,Shaoguan,insufficient-evidence,unresolved-no-current-code-or-official-boundary-join,,,
gb:CHN:ADM2:17275852B44304898110438,Guangdong,17275852B44304898110438,Gaoyaoshi,framework:province:zhaoqing:388cd7040808,Zhaoqing,insufficient-evidence,candidate-name-or-tier-change-needs-code-and-geometry-check,Gaoyao District,高要市,Same-toponym name/status lead in the 2025 official roster; one-to-one identity and geometry remain unverified.
gb:CHN:ADM2:17275852B44953136813001,Guangdong,17275852B44953136813001,Shantoushi,framework:province:shantou:3302f5621389,Shantou,insufficient-evidence,unresolved-no-current-code-or-official-boundary-join,,,
gb:CHN:ADM2:17275852B47086513907411,Guangdong,17275852B47086513907411,Zhaoqingshi,framework:province:zhaoqing:388cd7040808,Zhaoqing,insufficient-evidence,unresolved-no-current-code-or-official-boundary-join,,,
gb:CHN:ADM2:17275852B47587357578303,Guangdong,17275852B47587357578303,Xinxingxian,framework:province:yunfu:107084f41ca9,Yunfu,insufficient-evidence,unresolved-no-current-code-or-official-boundary-join,,,
gb:CHN:ADM2:17275852B47839165615513,Guangdong,17275852B47839165615513,Nanaoxian,framework:province:shantou:3302f5621389,Shantou,insufficient-evidence,unresolved-no-current-code-or-official-boundary-join,,,
gb:CHN:ADM2:17275852B47923210823500,Guangdong,17275852B47923210823500,Qingxinxian,framework:province:qingyuan:4cf98ee32a41,Qingyuan,insufficient-evidence,unresolved-no-current-code-or-official-boundary-join,,,
gb:CHN:ADM2:17275852B4837947979174,Guangdong,17275852B4837947979174,Qujiangxian,framework:province:shaoguan:7d693faca632,Shaoguan,insufficient-evidence,candidate-name-or-tier-change-needs-code-and-geometry-check,Qujiang District,曲江县,Same-toponym name/status lead in the 2025 official roster; one-to-one identity and geometry remain unverified.
gb:CHN:ADM2:17275852B52216203262250,Guangdong,17275852B52216203262250,Sihuishi,framework:province:zhaoqing:388cd7040808,Zhaoqing,insufficient-evidence,unresolved-no-current-code-or-official-boundary-join,,,
gb:CHN:ADM2:17275852B54694537615111,Guangdong,17275852B54694537615111,Shaoguanshi,framework:province:shaoguan:7d693faca632,Shaoguan,insufficient-evidence,unresolved-no-current-code-or-official-boundary-join,,,
gb:CHN:ADM2:17275852B54721890479732,Guangdong,17275852B54721890479732,Chonghuashi,framework:province:guangzhoufoshan:bd0ec7cea8da,Guangzhou–Foshan,insufficient-evidence,candidate-name-or-tier-change-needs-code-and-geometry-check,Conghua District,从化市,Same-toponym name/status lead in the 2025 official roster; one-to-one identity and geometry remain unverified.
gb:CHN:ADM2:17275852B56120808638546,Guangdong,17275852B56120808638546,Heshanshi,framework:province:jiangmen:b1581ab45f64,Jiangmen,insufficient-evidence,unresolved-no-current-code-or-official-boundary-join,,,
gb:CHN:ADM2:17275852B56364962136156,Guangdong,17275852B56364962136156,Shenzhenxian,framework:province:hong-kongshenzhen:af411fb5a4db,Hong Kong–Shenzhen,insufficient-evidence,unresolved-no-current-code-or-official-boundary-join,,,
gb:CHN:ADM2:17275852B57638199041654,Guangdong,17275852B57638199041654,Guangningxian,framework:province:zhaoqing:388cd7040808,Zhaoqing,insufficient-evidence,unresolved-no-current-code-or-official-boundary-join,,,
gb:CHN:ADM2:17275852B58186217435722,Guangdong,17275852B58186217435722,Chaoyangxian,framework:province:shantou:3302f5621389,Shantou,insufficient-evidence,candidate-name-or-tier-change-needs-code-and-geometry-check,Chaoyang District,潮阳县,Same-toponym name/status lead in the 2025 official roster; one-to-one identity and geometry remain unverified.
gb:CHN:ADM2:17275852B59014028549632,Guangdong,17275852B59014028549632,Huazhoushi,framework:province:maoming:4decd77e9fe3,Maoming,insufficient-evidence,unresolved-no-current-code-or-official-boundary-join,,,
gb:CHN:ADM2:17275852B59149587384429,Guangdong,17275852B59149587384429,Lianshanzhuangzuzizhixian,framework:province:qingyuan:4cf98ee32a41,Qingyuan,insufficient-evidence,unresolved-no-current-code-or-official-boundary-join,,,
gb:CHN:ADM2:17275852B59747399545028,Guangdong,17275852B59747399545028,Huadushi,framework:province:guangzhoufoshan:bd0ec7cea8da,Guangzhou–Foshan,insufficient-evidence,candidate-name-or-tier-change-needs-code-and-geometry-check,Huadu District,花都市,Same-toponym name/status lead in the 2025 official roster; one-to-one identity and geometry remain unverified.
gb:CHN:ADM2:17275852B60182527489554,Guangdong,17275852B60182527489554,Doumenxian,framework:province:macaozhuhai:228fc81c22df,Macao–Zhuhai,insufficient-evidence,unresolved-no-current-code-or-official-boundary-join,,,
gb:CHN:ADM2:17275852B60758311941437,Guangdong,17275852B60758311941437,Heyuanshi,framework:province:heyuan:1f55afb22c3f,Heyuan,insufficient-evidence,unresolved-no-current-code-or-official-boundary-join,,,
gb:CHN:ADM2:17275852B62337056358666,Guangdong,17275852B62337056358666,Fogangxian,framework:province:qingyuan:4cf98ee32a41,Qingyuan,insufficient-evidence,unresolved-no-current-code-or-official-boundary-join,,,
gb:CHN:ADM2:17275852B64916188375107,Guangdong,17275852B64916188375107,Taishanshi,framework:province:jiangmen:b1581ab45f64,Jiangmen,insufficient-evidence,unresolved-no-current-code-or-official-boundary-join,,,
gb:CHN:ADM2:17275852B66252943806207,Guangdong,17275852B66252943806207,Lufengxian,framework:province:shanwei:46404b911ff3,Shanwei,insufficient-evidence,unresolved-no-current-code-or-official-boundary-join,,,
gb:CHN:ADM2:17275852B66356980534214,Guangdong,17275852B66356980534214,Jiexixian,framework:province:jieyang:7d7ea2259f59,Jieyang,insufficient-evidence,unresolved-no-current-code-or-official-boundary-join,,,
gb:CHN:ADM2:17275852B66908718771842,Guangdong,17275852B66908718771842,Ruyuanyaozuzizhixian,framework:province:shaoguan:7d693faca632,Shaoguan,insufficient-evidence,unresolved-no-current-code-or-official-boundary-join,,,
gb:CHN:ADM2:17275852B67980375579506,Guangdong,17275852B67980375579506,Meizhoushi,framework:province:meizhou:d7c07aaee0c5,Meizhou,insufficient-evidence,unresolved-no-current-code-or-official-boundary-join,,,
gb:CHN:ADM2:17275852B68859127780148,Guangdong,17275852B68859127780148,Xinhuishi,framework:province:jiangmen:b1581ab45f64,Jiangmen,insufficient-evidence,candidate-name-or-tier-change-needs-code-and-geometry-check,Xinhui District,新会市,Same-toponym name/status lead in the 2025 official roster; one-to-one identity and geometry remain unverified.
gb:CHN:ADM2:17275852B7296923051238,Guangdong,17275852B7296923051238,Panyushi,framework:province:guangzhoufoshan:bd0ec7cea8da,Guangzhou–Foshan,insufficient-evidence,candidate-name-or-tier-change-needs-code-and-geometry-check,Panyu District,番禺市,Same-toponym name/status lead in the 2025 official roster; one-to-one identity and geometry remain unverified.
gb:CHN:ADM2:17275852B75763620561947,Guangdong,17275852B75763620561947,Yangchushi,framework:province:yangjiang:a1dd4ef7cffa,Yangjiang,insufficient-evidence,unresolved-no-current-code-or-official-boundary-join,,,
gb:CHN:ADM2:17275852B75960028918134,Guangdong,17275852B75960028918134,Pingyuanxian,framework:province:meizhou:d7c07aaee0c5,Meizhou,insufficient-evidence,unresolved-no-current-code-or-official-boundary-join,,,
gb:CHN:ADM2:17275852B75995678778305,Guangdong,17275852B75995678778305,Chaozhoushi,framework:province:chaozhou:95c8c0541ae8,Chaozhou,insufficient-evidence,unresolved-no-current-code-or-official-boundary-join,,,
gb:CHN:ADM2:17275852B76272289895068,Guangdong,17275852B76272289895068,Renhuaxian,framework:province:shaoguan:7d693faca632,Shaoguan,insufficient-evidence,unresolved-no-current-code-or-official-boundary-join,,,
gb:CHN:ADM2:17275852B77535138951060,Guangdong,17275852B77535138951060,Yingdeshi,framework:province:qingyuan:4cf98ee32a41,Qingyuan,insufficient-evidence,unresolved-no-current-code-or-official-boundary-join,,,
gb:CHN:ADM2:17275852B78001466735071,Guangdong,17275852B78001466735071,Raopingxian,framework:province:chaozhou:95c8c0541ae8,Chaozhou,insufficient-evidence,unresolved-no-current-code-or-official-boundary-join,,,
gb:CHN:ADM2:17275852B78973254528560,Guangdong,17275852B78973254528560,Xuwenxian,framework:province:zhanjiang:0bcfbe902a98,Zhanjiang,insufficient-evidence,unresolved-no-current-code-or-official-boundary-join,,,
gb:CHN:ADM2:17275852B80982691802979,Guangdong,17275852B80982691802979,Qingyuanshi,framework:province:qingyuan:4cf98ee32a41,Qingyuan,insufficient-evidence,unresolved-no-current-code-or-official-boundary-join,,,
gb:CHN:ADM2:17275852B81259275775371,Guangdong,17275852B81259275775371,Jieyangshi,framework:province:jieyang:7d7ea2259f59,Jieyang,insufficient-evidence,unresolved-no-current-code-or-official-boundary-join,,,
gb:CHN:ADM2:17275852B8366925268148,Guangdong,17275852B8366925268148,Lianpingxian,framework:province:heyuan:1f55afb22c3f,Heyuan,insufficient-evidence,unresolved-no-current-code-or-official-boundary-join,,,
gb:CHN:ADM2:17275852B83740928033028,Guangdong,17275852B83740928033028,Gaomingshi,framework:province:guangzhoufoshan:bd0ec7cea8da,Guangzhou–Foshan,insufficient-evidence,candidate-name-or-tier-change-needs-code-and-geometry-check,Gaoming District,高明市,Same-toponym name/status lead in the 2025 official roster; one-to-one identity and geometry remain unverified.
gb:CHN:ADM2:17275852B8583677209878,Guangdong,17275852B8583677209878,Huidongxian,framework:province:huizhou:49aa610bb63f,Huizhou,insufficient-evidence,unresolved-no-current-code-or-official-boundary-join,,,
gb:CHN:ADM2:17275852B86000242921086,Guangdong,17275852B86000242921086,Zhanjianghsi,framework:province:zhanjiang:0bcfbe902a98,Zhanjiang,insufficient-evidence,unresolved-no-current-code-or-official-boundary-join,,,
gb:CHN:ADM2:17275852B86267588373141,Guangdong,17275852B86267588373141,Yunfushi,framework:province:yunfu:107084f41ca9,Yunfu,insufficient-evidence,unresolved-no-current-code-or-official-boundary-join,,,
gb:CHN:ADM2:17275852B86892600754472,Guangdong,17275852B86892600754472,Shixingxian,framework:province:shaoguan:7d693faca632,Shaoguan,insufficient-evidence,unresolved-no-current-code-or-official-boundary-join,,,
gb:CHN:ADM2:17275852B88884426413746,Guangdong,17275852B88884426413746,Boluoxian,framework:province:huizhou:49aa610bb63f,Huizhou,insufficient-evidence,unresolved-no-current-code-or-official-boundary-join,,,
gb:CHN:ADM2:17275852B8916413772662,Guangdong,17275852B8916413772662,Xinfengxian,framework:province:shaoguan:7d693faca632,Shaoguan,insufficient-evidence,unresolved-no-current-code-or-official-boundary-join,,,
gb:CHN:ADM2:17275852B89468905887192,Guangdong,17275852B89468905887192,Suixixian,framework:province:zhanjiang:0bcfbe902a98,Zhanjiang,insufficient-evidence,unresolved-no-current-code-or-official-boundary-join,,,
gb:CHN:ADM2:17275852B90337226463204,Guangdong,17275852B90337226463204,Foshanshi,framework:province:guangzhoufoshan:bd0ec7cea8da,Guangzhou–Foshan,insufficient-evidence,unresolved-no-current-code-or-official-boundary-join,,,
gb:CHN:ADM2:17275852B90470795224142,Guangdong,17275852B90470795224142,Wuchuanshi,framework:province:zhanjiang:0bcfbe902a98,Zhanjiang,insufficient-evidence,unresolved-no-current-code-or-official-boundary-join,,,
gb:CHN:ADM2:17275852B90712148595772,Guangdong,17275852B90712148595772,Fengkaixian,framework:province:zhaoqing:388cd7040808,Zhaoqing,insufficient-evidence,unresolved-no-current-code-or-official-boundary-join,,,
gb:CHN:ADM2:17275852B92305935351425,Guangdong,17275852B92305935351425,Jiangmenshi,framework:province:jiangmen:b1581ab45f64,Jiangmen,insufficient-evidence,unresolved-no-current-code-or-official-boundary-join,,,
gb:CHN:ADM2:17275852B93697739867414,Guangdong,17275852B93697739867414,Enpingshi,framework:province:jiangmen:b1581ab45f64,Jiangmen,insufficient-evidence,unresolved-no-current-code-or-official-boundary-join,,,
gb:CHN:ADM2:17275852B94606119266005,Guangdong,17275852B94606119266005,Yangshanxian,framework:province:qingyuan:4cf98ee32a41,Qingyuan,insufficient-evidence,unresolved-no-current-code-or-official-boundary-join,,,
gb:CHN:ADM2:17275852B95277244028777,Guangdong,17275852B95277244028777,Yangxixian,framework:province:yangjiang:a1dd4ef7cffa,Yangjiang,insufficient-evidence,unresolved-no-current-code-or-official-boundary-join,,,
gb:CHN:ADM2:17275852B95583475247133,Guangdong,17275852B95583475247133,Dianbaxian,framework:province:maoming:4decd77e9fe3,Maoming,insufficient-evidence,candidate-name-or-tier-change-needs-code-and-geometry-check,Dianbai District,电白县,Same-toponym name/status lead in the 2025 official roster; one-to-one identity and geometry remain unverified.
gb:CHN:ADM2:17275852B95816601250462,Guangdong,17275852B95816601250462,Jiaolingxian,framework:province:meizhou:d7c07aaee0c5,Meizhou,insufficient-evidence,unresolved-no-current-code-or-official-boundary-join,,,
gb:CHN:ADM2:17275852B11085886687529,Guangxi,17275852B11085886687529,Tiandengxian,framework:province:chongzuo:f87e4ad1db21,Chongzuo,insufficient-evidence,unresolved-no-current-code-or-official-boundary-join,,,
gb:CHN:ADM2:17275852B11374124837351,Guangxi,17275852B11374124837351,Yongfuxian,framework:province:guilin:3e8ada659ba7,Guilin,insufficient-evidence,unresolved-no-current-code-or-official-boundary-join,,,
gb:CHN:ADM2:17275852B11386974868733,Guangxi,17275852B11386974868733,Binyangxian,framework:province:nanning:f4e63b4598ed,NanNing,insufficient-evidence,unresolved-no-current-code-or-official-boundary-join,,,
gb:CHN:ADM2:17275852B11515718016488,Guangxi,17275852B11515718016488,Liujiangxian,framework:province:liuzhou:380d3fce4239,Liuzhou,insufficient-evidence,candidate-name-or-tier-change-needs-code-and-geometry-check,Liujiang District,柳江县,Same-toponym name/status lead in the 2025 official roster; one-to-one identity and geometry remain unverified.
gb:CHN:ADM2:17275852B11835060574612,Guangxi,17275852B11835060574612,Pingguoxian,framework:province:baise:54f10b01c2fa,Baise,insufficient-evidence,candidate-name-or-tier-change-needs-code-and-geometry-check,Pingguo City,平果县,Same-toponym name/status lead in the 2025 official roster; one-to-one identity and geometry remain unverified.
gb:CHN:ADM2:17275852B12900023256683,Guangxi,17275852B12900023256683,Tianlinxian,framework:province:baise:54f10b01c2fa,Baise,insufficient-evidence,unresolved-no-current-code-or-official-boundary-join,,,
gb:CHN:ADM2:17275852B14391906061712,Guangxi,17275852B14391906061712,Lingyunxian,framework:province:baise:54f10b01c2fa,Baise,insufficient-evidence,unresolved-no-current-code-or-official-boundary-join,,,
gb:CHN:ADM2:17275852B15295182424688,Guangxi,17275852B15295182424688,Dahuayaozuzizhixian,framework:province:hechi:a1b8117d52e7,Hechi,insufficient-evidence,unresolved-no-current-code-or-official-boundary-join,,,
gb:CHN:ADM2:17275852B15995572811192,Guangxi,17275852B15995572811192,Chongzuoxian,framework:province:chongzuo:f87e4ad1db21,Chongzuo,insufficient-evidence,unresolved-no-current-code-or-official-boundary-join,,,
gb:CHN:ADM2:17275852B17333277010720,Guangxi,17275852B17333277010720,Duanyaozuzizhixian,framework:province:hechi:a1b8117d52e7,Hechi,insufficient-evidence,unresolved-no-current-code-or-official-boundary-join,,,
gb:CHN:ADM2:17275852B1821978982236,Guangxi,17275852B1821978982236,Heshanshi,framework:province:laibin:f79d84b97feb,Laibin,insufficient-evidence,unresolved-no-current-code-or-official-boundary-join,,,
gb:CHN:ADM2:17275852B18221903056206,Guangxi,17275852B18221903056206,Linguixian,framework:province:guilin:3e8ada659ba7,Guilin,insufficient-evidence,candidate-name-or-tier-change-needs-code-and-geometry-check,Lingui District,临桂县,Same-toponym name/status lead in the 2025 official roster; one-to-one identity and geometry remain unverified.
gb:CHN:ADM2:17275852B18423645201900,Guangxi,17275852B18423645201900,Longlingezuzizhixian,framework:province:baise:54f10b01c2fa,Baise,insufficient-evidence,unresolved-no-current-code-or-official-boundary-join,,,
gb:CHN:ADM2:17275852B19231985776314,Guangxi,17275852B19231985776314,Wumingxian,framework:province:nanning:f4e63b4598ed,NanNing,insufficient-evidence,candidate-name-or-tier-change-needs-code-and-geometry-check,Wuming District,武鸣县,Same-toponym name/status lead in the 2025 official roster; one-to-one identity and geometry remain unverified.
gb:CHN:ADM2:17275852B19348529307540,Guangxi,17275852B19348529307540,Laibinxian,framework:province:laibin:f79d84b97feb,Laibin,insufficient-evidence,unresolved-no-current-code-or-official-boundary-join,,,
gb:CHN:ADM2:17275852B19868960828514,Guangxi,17275852B19868960828514,Hepuxian,framework:province:beihai:f18e6c0149cd,Beihai,insufficient-evidence,unresolved-no-current-code-or-official-boundary-join,,,
gb:CHN:ADM2:17275852B2033650787942,Guangxi,17275852B2033650787942,Longanxian,framework:province:chongzuo:f87e4ad1db21,Chongzuo,insufficient-evidence,candidate-current-parent-conflict-needs-code-and-geometry-check,Nanning (current official roster),南宁市,Longanxian is grouped under current Atlas parent Chongzuo; the official 2025 roster lists 隆安县 under 南宁市 and not 崇左市.
gb:CHN:ADM2:17275852B21404145859662,Guangxi,17275852B21404145859662,Zhaopingxian,framework:province:hezhou:597318bbc4a4,Hezhou,insufficient-evidence,unresolved-no-current-code-or-official-boundary-join,,,
gb:CHN:ADM2:17275852B22147912838561,Guangxi,17275852B22147912838561,Ziyuanxian,framework:province:guilin:3e8ada659ba7,Guilin,insufficient-evidence,unresolved-no-current-code-or-official-boundary-join,,,
gb:CHN:ADM2:17275852B24204237780737,Guangxi,17275852B24204237780737,Donglanxian,framework:province:hechi:a1b8117d52e7,Hechi,insufficient-evidence,unresolved-no-current-code-or-official-boundary-join,,,
gb:CHN:ADM2:17275852B24445486288332,Guangxi,17275852B24445486288332,Ningmingxian,framework:province:chongzuo:f87e4ad1db21,Chongzuo,insufficient-evidence,unresolved-no-current-code-or-official-boundary-join,,,
gb:CHN:ADM2:17275852B2649331524078,Guangxi,17275852B2649331524078,Nandanxian,framework:province:hechi:a1b8117d52e7,Hechi,insufficient-evidence,unresolved-no-current-code-or-official-boundary-join,,,
gb:CHN:ADM2:17275852B26690160376255,Guangxi,17275852B26690160376255,Lingshanxian,framework:province:qinzhou:f7c40c83e6dd,Qinzhou,insufficient-evidence,unresolved-no-current-code-or-official-boundary-join,,,
gb:CHN:ADM2:17275852B28075125490632,Guangxi,17275852B28075125490632,Tianyangxian,framework:province:baise:54f10b01c2fa,Baise,insufficient-evidence,candidate-name-or-tier-change-needs-code-and-geometry-check,Tianyang District,田阳县,Same-toponym name/status lead in the 2025 official roster; one-to-one identity and geometry remain unverified.
gb:CHN:ADM2:17275852B29032778689875,Guangxi,17275852B29032778689875,Gongchengyaozuzizhixian,framework:province:guilin:3e8ada659ba7,Guilin,insufficient-evidence,unresolved-no-current-code-or-official-boundary-join,,,
gb:CHN:ADM2:17275852B29707440503146,Guangxi,17275852B29707440503146,Hechishi,framework:province:hechi:a1b8117d52e7,Hechi,insufficient-evidence,unresolved-no-current-code-or-official-boundary-join,,,
gb:CHN:ADM2:17275852B30057579778613,Guangxi,17275852B30057579778613,Luzaixian,framework:province:liuzhou:380d3fce4239,Liuzhou,insufficient-evidence,unresolved-no-current-code-or-official-boundary-join,,,
gb:CHN:ADM2:17275852B30229600690581,Guangxi,17275852B30229600690581,Pinglexian,framework:province:guilin:3e8ada659ba7,Guilin,insufficient-evidence,unresolved-no-current-code-or-official-boundary-join,,,
gb:CHN:ADM2:17275852B30419994709301,Guangxi,17275852B30419994709301,Yulinshi,framework:province:yulin:14724b088db4,Yulin,insufficient-evidence,unresolved-no-current-code-or-official-boundary-join,,,
gb:CHN:ADM2:17275852B30975390905787,Guangxi,17275852B30975390905787,Beihaishi,framework:province:beihai:f18e6c0149cd,Beihai,insufficient-evidence,unresolved-no-current-code-or-official-boundary-join,,,
gb:CHN:ADM2:17275852B31967187012085,Guangxi,17275852B31967187012085,Daxinxian,framework:province:chongzuo:f87e4ad1db21,Chongzuo,insufficient-evidence,unresolved-no-current-code-or-official-boundary-join,,,
gb:CHN:ADM2:17275852B32075492285057,Guangxi,17275852B32075492285057,Napoxian,framework:province:baise:54f10b01c2fa,Baise,insufficient-evidence,unresolved-no-current-code-or-official-boundary-join,,,
gb:CHN:ADM2:17275852B34195804181253,Guangxi,17275852B34195804181253,Nanningshi,framework:province:nanning:f4e63b4598ed,NanNing,insufficient-evidence,unresolved-no-current-code-or-official-boundary-join,,,
gb:CHN:ADM2:17275852B3705885122066,Guangxi,17275852B3705885122066,Rongshuimiaozuzizhixian,framework:province:liuzhou:380d3fce4239,Liuzhou,insufficient-evidence,unresolved-no-current-code-or-official-boundary-join,,,
gb:CHN:ADM2:17275852B37828982202548,Guangxi,17275852B37828982202548,Fengshanxian,framework:province:hechi:a1b8117d52e7,Hechi,insufficient-evidence,unresolved-no-current-code-or-official-boundary-join,,,
gb:CHN:ADM2:17275852B40007568710265,Guangxi,17275852B40007568710265,Lipuxian,framework:province:guilin:3e8ada659ba7,Guilin,insufficient-evidence,candidate-name-or-tier-change-needs-code-and-geometry-check,Lipu City,荔浦县,Same-toponym name/status lead in the 2025 official roster; one-to-one identity and geometry remain unverified.
gb:CHN:ADM2:17275852B40480604852636,Guangxi,17275852B40480604852636,Xilinxian,framework:province:baise:54f10b01c2fa,Baise,insufficient-evidence,unresolved-no-current-code-or-official-boundary-join,,,
gb:CHN:ADM2:17275852B43925354322772,Guangxi,17275852B43925354322772,Fuchuanyaozuzizhixian,framework:province:hezhou:597318bbc4a4,Hezhou,insufficient-evidence,unresolved-no-current-code-or-official-boundary-join,,,
gb:CHN:ADM2:17275852B45423289887647,Guangxi,17275852B45423289887647,Jingxixian,framework:province:baise:54f10b01c2fa,Baise,insufficient-evidence,candidate-name-or-tier-change-needs-code-and-geometry-check,Jingxi City,靖西县,Same-toponym name/status lead in the 2025 official roster; one-to-one identity and geometry remain unverified.
gb:CHN:ADM2:17275852B45805035523406,Guangxi,17275852B45805035523406,Hengxian,framework:province:nanning:f4e63b4598ed,NanNing,insufficient-evidence,candidate-name-or-tier-change-needs-code-and-geometry-check,Hengzhou City,横县,Same-toponym name/status lead in the 2025 official roster; one-to-one identity and geometry remain unverified.
gb:CHN:ADM2:17275852B46316507621330,Guangxi,17275852B46316507621330,Xinganxian,framework:province:guilin:3e8ada659ba7,Guilin,insufficient-evidence,unresolved-no-current-code-or-official-boundary-join,,,
gb:CHN:ADM2:17275852B46506533649147,Guangxi,17275852B46506533649147,Tianerxian,framework:province:hechi:a1b8117d52e7,Hechi,insufficient-evidence,unresolved-no-current-code-or-official-boundary-join,,,
gb:CHN:ADM2:17275852B46978756476047,Guangxi,17275852B46978756476047,Longzhouxian,framework:province:chongzuo:f87e4ad1db21,Chongzuo,insufficient-evidence,unresolved-no-current-code-or-official-boundary-join,,,
gb:CHN:ADM2:17275852B47611300766307,Guangxi,17275852B47611300766307,Pubeixian,framework:province:qinzhou:f7c40c83e6dd,Qinzhou,insufficient-evidence,unresolved-no-current-code-or-official-boundary-join,,,
gb:CHN:ADM2:17275852B50490784073671,Guangxi,17275852B50490784073671,Qinzhoushi,framework:province:qinzhou:f7c40c83e6dd,Qinzhou,insufficient-evidence,unresolved-no-current-code-or-official-boundary-join,,,
gb:CHN:ADM2:17275852B52304964201578,Guangxi,17275852B52304964201578,Mashanxian,framework:province:nanning:f4e63b4598ed,NanNing,insufficient-evidence,unresolved-no-current-code-or-official-boundary-join,,,
gb:CHN:ADM2:17275852B52318550919492,Guangxi,17275852B52318550919492,Lingchuanxian,framework:province:guilin:3e8ada659ba7,Guilin,insufficient-evidence,unresolved-no-current-code-or-official-boundary-join,,,
gb:CHN:ADM2:17275852B52607979106097,Guangxi,17275852B52607979106097,Liuzhoushi,framework:province:liuzhou:380d3fce4239,Liuzhou,insufficient-evidence,unresolved-no-current-code-or-official-boundary-join,,,
gb:CHN:ADM2:17275852B53915190353866,Guangxi,17275852B53915190353866,Bobaixian,framework:province:yulin:14724b088db4,Yulin,insufficient-evidence,unresolved-no-current-code-or-official-boundary-join,,,
gb:CHN:ADM2:17275852B54668809399872,Guangxi,17275852B54668809399872,Pingnanxian,framework:province:guigang:86ff4e9d4cc5,Guigang,insufficient-evidence,unresolved-no-current-code-or-official-boundary-join,,,
gb:CHN:ADM2:17275852B5503806020979,Guangxi,17275852B5503806020979,Wuxuanxian,framework:province:laibin:f79d84b97feb,Laibin,insufficient-evidence,unresolved-no-current-code-or-official-boundary-join,,,
gb:CHN:ADM2:17275852B5638517994669,Guangxi,17275852B5638517994669,Changwuxian,framework:province:wuzhou:35603902f07c,Wuzhou,insufficient-evidence,unresolved-no-current-code-or-official-boundary-join,,,
gb:CHN:ADM2:17275852B57935643580189,Guangxi,17275852B57935643580189,Mengshanxian,framework:province:wuzhou:35603902f07c,Wuzhou,insufficient-evidence,unresolved-no-current-code-or-official-boundary-join,,,
gb:CHN:ADM2:17275852B58322219662995,Guangxi,17275852B58322219662995,Guipingshi,framework:province:guigang:86ff4e9d4cc5,Guigang,insufficient-evidence,unresolved-no-current-code-or-official-boundary-join,,,
gb:CHN:ADM2:17275852B60001245378071,Guangxi,17275852B60001245378071,Hezhoushi,framework:province:hezhou:597318bbc4a4,Hezhou,insufficient-evidence,unresolved-no-current-code-or-official-boundary-join,,,
gb:CHN:ADM2:17275852B66405326872057,Guangxi,17275852B66405326872057,Guanyangxian,framework:province:guilin:3e8ada659ba7,Guilin,insufficient-evidence,unresolved-no-current-code-or-official-boundary-join,,,
gb:CHN:ADM2:17275852B67003966243436,Guangxi,17275852B67003966243436,Beiliushi,framework:province:yulin:14724b088db4,Yulin,insufficient-evidence,unresolved-no-current-code-or-official-boundary-join,,,
gb:CHN:ADM2:17275852B68011043448207,Guangxi,17275852B68011043448207,Jinxiuyaozuzizhixian,framework:province:liuzhou:380d3fce4239,Liuzhou,insufficient-evidence,unresolved-no-current-code-or-official-boundary-join,,,
gb:CHN:ADM2:17275852B69181825517957,Guangxi,17275852B69181825517957,Baiseshi,framework:province:baise:54f10b01c2fa,Baise,insufficient-evidence,unresolved-no-current-code-or-official-boundary-join,,,
gb:CHN:ADM2:17275852B71420233595982,Guangxi,17275852B71420233595982,Leyexian,framework:province:baise:54f10b01c2fa,Baise,insufficient-evidence,unresolved-no-current-code-or-official-boundary-join,,,
gb:CHN:ADM2:17275852B71635948673445,Guangxi,17275852B71635948673445,Fangchenggangshi,framework:province:fangchenggang:be844470a519,Fangchenggang,insufficient-evidence,unresolved-no-current-code-or-official-boundary-join,,,
gb:CHN:ADM2:17275852B71641756163868,Guangxi,17275852B71641756163868,Fusuixian,framework:province:chongzuo:f87e4ad1db21,Chongzuo,insufficient-evidence,unresolved-no-current-code-or-official-boundary-join,,,
gb:CHN:ADM2:17275852B72190836262784,Guangxi,17275852B72190836262784,Yangsuoxian,framework:province:guilin:3e8ada659ba7,Guilin,insufficient-evidence,unresolved-no-current-code-or-official-boundary-join,,,
gb:CHN:ADM2:17275852B74040811495822,Guangxi,17275852B74040811495822,Luchuanxian,framework:province:yulin:14724b088db4,Yulin,insufficient-evidence,unresolved-no-current-code-or-official-boundary-join,,,
gb:CHN:ADM2:17275852B75233313708497,Guangxi,17275852B75233313708497,Ronganxian,framework:province:liuzhou:380d3fce4239,Liuzhou,insufficient-evidence,unresolved-no-current-code-or-official-boundary-join,,,
gb:CHN:ADM2:17275852B75472310835240,Guangxi,17275852B75472310835240,Luochengyaolaozuzizhixian,framework:province:hechi:a1b8117d52e7,Hechi,insufficient-evidence,unresolved-no-current-code-or-official-boundary-join,,,
gb:CHN:ADM2:17275852B75559495982426,Guangxi,17275852B75559495982426,Shanglinxian,framework:province:nanning:f4e63b4598ed,NanNing,insufficient-evidence,unresolved-no-current-code-or-official-boundary-join,,,
gb:CHN:ADM2:17275852B75703126958771,Guangxi,17275852B75703126958771,Guilinshi,framework:province:guilin:3e8ada659ba7,Guilin,insufficient-evidence,unresolved-no-current-code-or-official-boundary-join,,,
gb:CHN:ADM2:17275852B77288161352453,Guangxi,17275852B77288161352453,Liuchengxian,framework:province:liuzhou:380d3fce4239,Liuzhou,insufficient-evidence,unresolved-no-current-code-or-official-boundary-join,,,
gb:CHN:ADM2:17275852B77313722911095,Guangxi,17275852B77313722911095,Quanzhouxian,framework:province:guilin:3e8ada659ba7,Guilin,insufficient-evidence,unresolved-no-current-code-or-official-boundary-join,,,
gb:CHN:ADM2:17275852B77859179845033,Guangxi,17275852B77859179845033,Longshengezuzizhixian,framework:province:guilin:3e8ada659ba7,Guilin,insufficient-evidence,unresolved-no-current-code-or-official-boundary-join,,,
gb:CHN:ADM2:17275852B79176055066883,Guangxi,17275852B79176055066883,Zhaopingxian,framework:province:wuzhou:35603902f07c,Wuzhou,insufficient-evidence,duplicate-name-current-roster-conflict-needs-source-identity-check,unresolved,昭平县 (official roster: Hezhou only),A second distinct retained shape named Zhaopingxian is grouped under Wuzhou; the official 2025 roster lists 昭平县 under 贺州市 and no Zhaoping unit under 梧州市. Do not infer which polygon is current Zhaoping without code/boundary evidence.
gb:CHN:ADM2:17275852B81653312527897,Guangxi,17275852B81653312527897,Zhongshanxian,framework:province:hezhou:597318bbc4a4,Hezhou,insufficient-evidence,unresolved-no-current-code-or-official-boundary-join,,,
gb:CHN:ADM2:17275852B81663654183510,Guangxi,17275852B81663654183510,Shanjiangdongzuzizhixian,framework:province:liuzhou:380d3fce4239,Liuzhou,insufficient-evidence,unresolved-no-current-code-or-official-boundary-join,,,
gb:CHN:ADM2:17275852B8306530590796,Guangxi,17275852B8306530590796,Shangsixian,framework:province:fangchenggang:be844470a519,Fangchenggang,insufficient-evidence,unresolved-no-current-code-or-official-boundary-join,,,
gb:CHN:ADM2:17275852B84281685795050,Guangxi,17275852B84281685795050,Xiangzhouxian,framework:province:laibin:f79d84b97feb,Laibin,insufficient-evidence,unresolved-no-current-code-or-official-boundary-join,,,
gb:CHN:ADM2:17275852B84693836922329,Guangxi,17275852B84693836922329,Rongxian,framework:province:yulin:14724b088db4,Yulin,insufficient-evidence,unresolved-no-current-code-or-official-boundary-join,,,
gb:CHN:ADM2:17275852B85236269968714,Guangxi,17275852B85236269968714,Wuzhoushi,framework:province:wuzhou:35603902f07c,Wuzhou,insufficient-evidence,unresolved-no-current-code-or-official-boundary-join,,,
gb:CHN:ADM2:17275852B85962848339274,Guangxi,17275852B85962848339274,Chenxixian,framework:province:wuzhou:35603902f07c,Wuzhou,insufficient-evidence,unresolved-no-current-code-or-official-boundary-join,,,
gb:CHN:ADM2:17275852B86734620316459,Guangxi,17275852B86734620316459,Huanjiangmaonanzuzizhixian,framework:province:hechi:a1b8117d52e7,Hechi,insufficient-evidence,unresolved-no-current-code-or-official-boundary-join,,,
gb:CHN:ADM2:17275852B8790559451208,Guangxi,17275852B8790559451208,Yongningxian,framework:province:nanning:f4e63b4598ed,NanNing,insufficient-evidence,candidate-name-or-tier-change-needs-code-and-geometry-check,Yongning District,邕宁县,Same-toponym name/status lead in the 2025 official roster; one-to-one identity and geometry remain unverified.
gb:CHN:ADM2:17275852B87965925400106,Guangxi,17275852B87965925400106,Pingxiangshi,framework:province:chongzuo:f87e4ad1db21,Chongzuo,insufficient-evidence,unresolved-no-current-code-or-official-boundary-join,,,
gb:CHN:ADM2:17275852B88397834773158,Guangxi,17275852B88397834773158,Tiandongxian,framework:province:baise:54f10b01c2fa,Baise,insufficient-evidence,unresolved-no-current-code-or-official-boundary-join,,,
gb:CHN:ADM2:17275852B9210867698949,Guangxi,17275852B9210867698949,Yizhoushi,framework:province:hechi:a1b8117d52e7,Hechi,insufficient-evidence,candidate-name-or-tier-change-needs-code-and-geometry-check,Yizhou District,宜州市,Same-toponym name/status lead in the 2025 official roster; one-to-one identity and geometry remain unverified.
gb:CHN:ADM2:17275852B94869101817355,Guangxi,17275852B94869101817355,Guigangshi,framework:province:guigang:86ff4e9d4cc5,Guigang,insufficient-evidence,unresolved-no-current-code-or-official-boundary-join,,,
gb:CHN:ADM2:17275852B97789498538539,Guangxi,17275852B97789498538539,Bamayaozuzizhixian,framework:province:hechi:a1b8117d52e7,Hechi,insufficient-evidence,unresolved-no-current-code-or-official-boundary-join,,,
gb:CHN:ADM2:17275852B98647576585138,Guangxi,17275852B98647576585138,Xinchengxian,framework:province:laibin:f79d84b97feb,Laibin,insufficient-evidence,unresolved-no-current-code-or-official-boundary-join,,,
gb:CHN:ADM2:17275852B99445360872637,Guangxi,17275852B99445360872637,Debaoxian,framework:province:baise:54f10b01c2fa,Baise,insufficient-evidence,unresolved-no-current-code-or-official-boundary-join,,,
