parent_id,parent_name,scope_area,scoped_child_count,acceptance_disposition,evidence_basis,source_limit,scoped_child_ids
framework:province:alto-parana:e2d2fcc6ce30,ALTO PARANÁ,Paraguay,22,insufficient-evidence,"Twelve exact province parents contain the scoped 2012 district units; the source crosswalk validates member identity only, and the current legal province/district relationship and boundary completeness are not reconciled.",No row-level current legal instrument crosswalk; INE 2022 statistical cartography is expressly referential.,gb:PRY:ADM2:47425931B11106489367455|gb:PRY:ADM2:47425931B28090793751901|gb:PRY:ADM2:47425931B3103726420409|gb:PRY:ADM2:47425931B31301761157368|gb:PRY:ADM2:47425931B33721497398039|gb:PRY:ADM2:47425931B36349015590108|gb:PRY:ADM2:47425931B37596236336731|gb:PRY:ADM2:47425931B38002269801439|gb:PRY:ADM2:47425931B38556757736949|gb:PRY:ADM2:47425931B43985147736376|gb:PRY:ADM2:47425931B47336251724548|gb:PRY:ADM2:47425931B4838890923152|gb:PRY:ADM2:47425931B52272811487705|gb:PRY:ADM2:47425931B59092751985141|gb:PRY:ADM2:47425931B62889793173193|gb:PRY:ADM2:47425931B63725749770711|gb:PRY:ADM2:47425931B65166306087873|gb:PRY:ADM2:47425931B70730461414173|gb:PRY:ADM2:47425931B75440232359848|gb:PRY:ADM2:47425931B78858400200238|gb:PRY:ADM2:47425931B7939945193032|gb:PRY:ADM2:47425931B94368242537518
framework:province:amambay:a1afacb78921,AMAMBAY,Paraguay,4,insufficient-evidence,"Twelve exact province parents contain the scoped 2012 district units; the source crosswalk validates member identity only, and the current legal province/district relationship and boundary completeness are not reconciled.",No row-level current legal instrument crosswalk; INE 2022 statistical cartography is expressly referential.,gb:PRY:ADM2:47425931B32154199374658|gb:PRY:ADM2:47425931B46189094185785|gb:PRY:ADM2:47425931B90614418626785|gb:PRY:ADM2:47425931B93895059910813
framework:province:artigas:dc4b2e0fed20,Artigas,Uruguay,1,insufficient-evidence,"Current official IGM department-name match supports the parent identity, but IGM separately marks two Artigas records contested and their relation to department extent/parenting is unresolved.",No polygon overlay and no authoritative resolution of contested features.,gb:URY:ADM1:27058087B22084813565519
framework:province:caaguazu:46f0b385f436,CAAGUAZÚ,Paraguay,22,insufficient-evidence,"Twelve exact province parents contain the scoped 2012 district units; the source crosswalk validates member identity only, and the current legal province/district relationship and boundary completeness are not reconciled.",No row-level current legal instrument crosswalk; INE 2022 statistical cartography is expressly referential.,gb:PRY:ADM2:47425931B16902801985593|gb:PRY:ADM2:47425931B23571704156329|gb:PRY:ADM2:47425931B23678242495523|gb:PRY:ADM2:47425931B25164344671152|gb:PRY:ADM2:47425931B25563386062049|gb:PRY:ADM2:47425931B26740490918350|gb:PRY:ADM2:47425931B29624181669956|gb:PRY:ADM2:47425931B36658288022787|gb:PRY:ADM2:47425931B37368605602490|gb:PRY:ADM2:47425931B38402755639870|gb:PRY:ADM2:47425931B45311614634322|gb:PRY:ADM2:47425931B47523572810321|gb:PRY:ADM2:47425931B48220407977580|gb:PRY:ADM2:47425931B50101313350347|gb:PRY:ADM2:47425931B51432830595033|gb:PRY:ADM2:47425931B56616800786752|gb:PRY:ADM2:47425931B57797742768976|gb:PRY:ADM2:47425931B75629081297977|gb:PRY:ADM2:47425931B75756741790300|gb:PRY:ADM2:47425931B92072136754201|gb:PRY:ADM2:47425931B99114256034968|gb:PRY:ADM2:47425931B99147775286409
framework:province:caazapa:8ad88cdcd6ab,CAAZAPÁ,Paraguay,11,insufficient-evidence,"Twelve exact province parents contain the scoped 2012 district units; the source crosswalk validates member identity only, and the current legal province/district relationship and boundary completeness are not reconciled.",No row-level current legal instrument crosswalk; INE 2022 statistical cartography is expressly referential.,gb:PRY:ADM2:47425931B1398699740140|gb:PRY:ADM2:47425931B16732947296131|gb:PRY:ADM2:47425931B29721150723482|gb:PRY:ADM2:47425931B40372334219861|gb:PRY:ADM2:47425931B42862807346085|gb:PRY:ADM2:47425931B59364795751197|gb:PRY:ADM2:47425931B65293221679523|gb:PRY:ADM2:47425931B65387565027300|gb:PRY:ADM2:47425931B66622943118255|gb:PRY:ADM2:47425931B81209054535070|gb:PRY:ADM2:47425931B93542049672421
framework:province:canelones:1c2718ecfd08,Canelones,Uruguay,1,justified,Named department parent matches a current official IGM department; geographic tier and parent role are supported.,Name/role support is not a polygon overlay or boundary approval.,gb:URY:ADM1:27058087B19329078127106
framework:province:canindeyu:07820ecea834,CANINDEYÚ,Paraguay,12,insufficient-evidence,"Twelve exact province parents contain the scoped 2012 district units; the source crosswalk validates member identity only, and the current legal province/district relationship and boundary completeness are not reconciled.",No row-level current legal instrument crosswalk; INE 2022 statistical cartography is expressly referential.,gb:PRY:ADM2:47425931B10284167563225|gb:PRY:ADM2:47425931B1240891255313|gb:PRY:ADM2:47425931B15956279344128|gb:PRY:ADM2:47425931B25010435750340|gb:PRY:ADM2:47425931B28532376001798|gb:PRY:ADM2:47425931B30451803833768|gb:PRY:ADM2:47425931B41311883750072|gb:PRY:ADM2:47425931B44922632989207|gb:PRY:ADM2:47425931B63038349118896|gb:PRY:ADM2:47425931B69791333895285|gb:PRY:ADM2:47425931B71155653319705|gb:PRY:ADM2:47425931B92462026840076
framework:province:cerro-largo:0a3b808d7abf,Cerro Largo,Uruguay,1,justified,Named department parent matches a current official IGM department; geographic tier and parent role are supported.,Name/role support is not a polygon overlay or boundary approval.,gb:URY:ADM1:27058087B72518212949854
framework:province:colonia:465c2abd724e,Colonia,Uruguay,1,justified,Named department parent matches a current official IGM department; geographic tier and parent role are supported.,Name/role support is not a polygon overlay or boundary approval.,gb:URY:ADM1:27058087B79494286721501
framework:province:concepcion:b0bf611fc49a,CONCEPCIÓN,Paraguay,9,insufficient-evidence,"Twelve exact province parents contain the scoped 2012 district units; the source crosswalk validates member identity only, and the current legal province/district relationship and boundary completeness are not reconciled.",No row-level current legal instrument crosswalk; INE 2022 statistical cartography is expressly referential.,gb:PRY:ADM2:47425931B13729632623945|gb:PRY:ADM2:47425931B13877511064048|gb:PRY:ADM2:47425931B16245548817106|gb:PRY:ADM2:47425931B17893195848656|gb:PRY:ADM2:47425931B50953886001103|gb:PRY:ADM2:47425931B60333943921594|gb:PRY:ADM2:47425931B6950214769686|gb:PRY:ADM2:47425931B91356249846069|gb:PRY:ADM2:47425931B93326675845160
framework:province:cordillera:1f20f597f341,CORDILLERA,Paraguay,20,insufficient-evidence,"Twelve exact province parents contain the scoped 2012 district units; the source crosswalk validates member identity only, and the current legal province/district relationship and boundary completeness are not reconciled.",No row-level current legal instrument crosswalk; INE 2022 statistical cartography is expressly referential.,gb:PRY:ADM2:47425931B14329771869555|gb:PRY:ADM2:47425931B15412407505773|gb:PRY:ADM2:47425931B16897103550003|gb:PRY:ADM2:47425931B19271534270439|gb:PRY:ADM2:47425931B37607147629308|gb:PRY:ADM2:47425931B384161648605|gb:PRY:ADM2:47425931B40906799744623|gb:PRY:ADM2:47425931B46035383476535|gb:PRY:ADM2:47425931B5323763471840|gb:PRY:ADM2:47425931B63071311901972|gb:PRY:ADM2:47425931B65871514975790|gb:PRY:ADM2:47425931B68847543104000|gb:PRY:ADM2:47425931B78424497829817|gb:PRY:ADM2:47425931B79169252779132|gb:PRY:ADM2:47425931B84621058008201|gb:PRY:ADM2:47425931B85685871896233|gb:PRY:ADM2:47425931B87637573509756|gb:PRY:ADM2:47425931B92179492221821|gb:PRY:ADM2:47425931B94601274757659|gb:PRY:ADM2:47425931B95846687283478
framework:province:durazno:6d2a6b190c50,Durazno,Uruguay,1,justified,Named department parent matches a current official IGM department; geographic tier and parent role are supported.,Name/role support is not a polygon overlay or boundary approval.,gb:URY:ADM1:27058087B99783771080652
framework:province:flores:935eea2315e7,Flores,Uruguay,1,justified,Named department parent matches a current official IGM department; geographic tier and parent role are supported.,Name/role support is not a polygon overlay or boundary approval.,gb:URY:ADM1:27058087B64628270573025
framework:province:florida:7c4c4d255310,Florida,Uruguay,1,justified,Named department parent matches a current official IGM department; geographic tier and parent role are supported.,Name/role support is not a polygon overlay or boundary approval.,gb:URY:ADM1:27058087B4606463382645
framework:province:guaira:ef0d15a23b9e,GUAIRÁ,Paraguay,18,insufficient-evidence,"Twelve exact province parents contain the scoped 2012 district units; the source crosswalk validates member identity only, and the current legal province/district relationship and boundary completeness are not reconciled.",No row-level current legal instrument crosswalk; INE 2022 statistical cartography is expressly referential.,gb:PRY:ADM2:47425931B1619028943370|gb:PRY:ADM2:47425931B17847096690556|gb:PRY:ADM2:47425931B20242307055378|gb:PRY:ADM2:47425931B23814985752255|gb:PRY:ADM2:47425931B26565501496547|gb:PRY:ADM2:47425931B30739629628074|gb:PRY:ADM2:47425931B37538667805731|gb:PRY:ADM2:47425931B39086004490826|gb:PRY:ADM2:47425931B40709785779372|gb:PRY:ADM2:47425931B53640944121584|gb:PRY:ADM2:47425931B57187609966543|gb:PRY:ADM2:47425931B65676015354684|gb:PRY:ADM2:47425931B7430518162595|gb:PRY:ADM2:47425931B7723909423785|gb:PRY:ADM2:47425931B79901045187341|gb:PRY:ADM2:47425931B95709781555100|gb:PRY:ADM2:47425931B96553432870417|gb:PRY:ADM2:47425931B97963886844876
framework:province:itapua:f690c4187941,ITAPÚA,Paraguay,30,insufficient-evidence,"Twelve exact province parents contain the scoped 2012 district units; the source crosswalk validates member identity only, and the current legal province/district relationship and boundary completeness are not reconciled.",No row-level current legal instrument crosswalk; INE 2022 statistical cartography is expressly referential.,atlas:multipart:eab6ecd59520b6841455|gb:PRY:ADM2:47425931B11559907050276|gb:PRY:ADM2:47425931B11775105673741|gb:PRY:ADM2:47425931B12425393984448|gb:PRY:ADM2:47425931B14621993398490|gb:PRY:ADM2:47425931B15744178137183|gb:PRY:ADM2:47425931B16599953568526|gb:PRY:ADM2:47425931B28158363766734|gb:PRY:ADM2:47425931B28174017325811|gb:PRY:ADM2:47425931B41037270285789|gb:PRY:ADM2:47425931B4214794033203|gb:PRY:ADM2:47425931B4560733474080|gb:PRY:ADM2:47425931B52134687672171|gb:PRY:ADM2:47425931B60076993676815|gb:PRY:ADM2:47425931B63303675934245|gb:PRY:ADM2:47425931B65236924307389|gb:PRY:ADM2:47425931B66623467423936|gb:PRY:ADM2:47425931B66912953535123|gb:PRY:ADM2:47425931B67598090376719|gb:PRY:ADM2:47425931B68288210369320|gb:PRY:ADM2:47425931B69864722060103|gb:PRY:ADM2:47425931B71195926301868|gb:PRY:ADM2:47425931B71261489708268|gb:PRY:ADM2:47425931B7844560201396|gb:PRY:ADM2:47425931B81683341933588|gb:PRY:ADM2:47425931B83654812960354|gb:PRY:ADM2:47425931B91371459946742|gb:PRY:ADM2:47425931B91418147775441|gb:PRY:ADM2:47425931B91866616230120|gb:PRY:ADM2:47425931B96706939723019
framework:province:lavalleja:939025e1fa06,Lavalleja,Uruguay,1,justified,Named department parent matches a current official IGM department; geographic tier and parent role are supported.,Name/role support is not a polygon overlay or boundary approval.,gb:URY:ADM1:27058087B10223787783888
framework:province:maldonado:a1c6a1a54875,Maldonado,Uruguay,1,justified,Named department parent matches a current official IGM department; geographic tier and parent role are supported.,Name/role support is not a polygon overlay or boundary approval.,gb:URY:ADM1:27058087B438131503863
framework:province:misiones:0bf978a39b91,MISIONES,Paraguay,10,insufficient-evidence,"Twelve exact province parents contain the scoped 2012 district units; the source crosswalk validates member identity only, and the current legal province/district relationship and boundary completeness are not reconciled.",No row-level current legal instrument crosswalk; INE 2022 statistical cartography is expressly referential.,gb:PRY:ADM2:47425931B18264342128732|gb:PRY:ADM2:47425931B21436275260481|gb:PRY:ADM2:47425931B37959721826279|gb:PRY:ADM2:47425931B38930159427719|gb:PRY:ADM2:47425931B45469059219691|gb:PRY:ADM2:47425931B49333726981695|gb:PRY:ADM2:47425931B50550503413829|gb:PRY:ADM2:47425931B54647464892971|gb:PRY:ADM2:47425931B69612635688785|gb:PRY:ADM2:47425931B72995003357439
framework:province:montevideo:0f1ab0037517,Montevideo,Uruguay,1,justified,Named department parent matches a current official IGM department; geographic tier and parent role are supported.,Name/role support is not a polygon overlay or boundary approval.,gb:URY:ADM1:27058087B97113143242340
framework:province:paraguari:44ec92460a9b,PARAGUARÍ,Paraguay,17,insufficient-evidence,"Twelve exact province parents contain the scoped 2012 district units; the source crosswalk validates member identity only, and the current legal province/district relationship and boundary completeness are not reconciled.",No row-level current legal instrument crosswalk; INE 2022 statistical cartography is expressly referential.,gb:PRY:ADM2:47425931B29567597842980|gb:PRY:ADM2:47425931B30600936267383|gb:PRY:ADM2:47425931B37518419956251|gb:PRY:ADM2:47425931B37982721913567|gb:PRY:ADM2:47425931B40906431776184|gb:PRY:ADM2:47425931B41016113633545|gb:PRY:ADM2:47425931B56385993727393|gb:PRY:ADM2:47425931B59484930432164|gb:PRY:ADM2:47425931B68154717319371|gb:PRY:ADM2:47425931B69293333845046|gb:PRY:ADM2:47425931B73656125122018|gb:PRY:ADM2:47425931B79771662177900|gb:PRY:ADM2:47425931B80142740576001|gb:PRY:ADM2:47425931B85309481021662|gb:PRY:ADM2:47425931B87579262269386|gb:PRY:ADM2:47425931B9422037566299|gb:PRY:ADM2:47425931B99065722371221
framework:province:paysandu:01af8b43546d,Paysandú,Uruguay,1,justified,Named department parent matches a current official IGM department; geographic tier and parent role are supported.,Name/role support is not a polygon overlay or boundary approval.,gb:URY:ADM1:27058087B55907822213987
framework:province:rio-negro:6ed1a5fb470c,Río Negro,Uruguay,1,justified,Named department parent matches a current official IGM department; geographic tier and parent role are supported.,Name/role support is not a polygon overlay or boundary approval.,gb:URY:ADM1:27058087B51576366641273
framework:province:rivera:08ea824e0d7b,Rivera,Uruguay,1,justified,Named department parent matches a current official IGM department; geographic tier and parent role are supported.,Name/role support is not a polygon overlay or boundary approval.,gb:URY:ADM1:27058087B52084370772895
framework:province:rocha:d48385369f22,Rocha,Uruguay,1,justified,Named department parent matches a current official IGM department; geographic tier and parent role are supported.,Name/role support is not a polygon overlay or boundary approval.,gb:URY:ADM1:27058087B55390925666910
framework:province:salto:d062af3217c7,Salto,Uruguay,1,justified,Named department parent matches a current official IGM department; geographic tier and parent role are supported.,Name/role support is not a polygon overlay or boundary approval.,gb:URY:ADM1:27058087B51474914010310
framework:province:san-jose:4f1a411d0029,San José,Uruguay,1,justified,Named department parent matches a current official IGM department; geographic tier and parent role are supported.,Name/role support is not a polygon overlay or boundary approval.,gb:URY:ADM1:27058087B9919519605551
framework:province:san-pedro:08db9029dd93,SAN PEDRO,Paraguay,20,insufficient-evidence,"Twelve exact province parents contain the scoped 2012 district units; the source crosswalk validates member identity only, and the current legal province/district relationship and boundary completeness are not reconciled.",No row-level current legal instrument crosswalk; INE 2022 statistical cartography is expressly referential.,gb:PRY:ADM2:47425931B10542985732684|gb:PRY:ADM2:47425931B11530379679703|gb:PRY:ADM2:47425931B20986175734483|gb:PRY:ADM2:47425931B23164647978940|gb:PRY:ADM2:47425931B23298034363010|gb:PRY:ADM2:47425931B23667709550444|gb:PRY:ADM2:47425931B4024435270190|gb:PRY:ADM2:47425931B41962576865833|gb:PRY:ADM2:47425931B51889643978432|gb:PRY:ADM2:47425931B54226741111759|gb:PRY:ADM2:47425931B58139187009512|gb:PRY:ADM2:47425931B61785063795296|gb:PRY:ADM2:47425931B83994928044563|gb:PRY:ADM2:47425931B94135166817210|gb:PRY:ADM2:47425931B94515901472902|gb:PRY:ADM2:47425931B96580387054733|gb:PRY:ADM2:47425931B98634928608800|gb:PRY:ADM2:47425931B98831502864576|gb:PRY:ADM2:47425931B99133761886|gb:PRY:ADM2:47425931B9948731242497
framework:province:soriano:726b133d40ed,Soriano,Uruguay,1,justified,Named department parent matches a current official IGM department; geographic tier and parent role are supported.,Name/role support is not a polygon overlay or boundary approval.,gb:URY:ADM1:27058087B69444591785940
framework:province:southern-patagonian-ice-field:7fa95a3f233f,Southern Patagonian Ice Field,Argentina South,1,correction-needed,"The child is a physical icefield and current source metadata gives no administrative role, while the parent is a province framework unit.",Natural Earth original vintage/feature cannot be restored from current metadata; parent correction requires additional physical-geography research.,country-SPI
framework:province:tacuarembo:c4b4656b6dfc,Tacuarembó,Uruguay,1,justified,Named department parent matches a current official IGM department; geographic tier and parent role are supported.,Name/role support is not a polygon overlay or boundary approval.,gb:URY:ADM1:27058087B78128732832923
framework:province:treinta-y-tres:7583585ca02c,Treinta y Tres,Uruguay,1,justified,Named department parent matches a current official IGM department; geographic tier and parent role are supported.,Name/role support is not a polygon overlay or boundary approval.,gb:URY:ADM1:27058087B85503990233673
