legacy_id,legacy_name,legacy_reference_year,official_2021_level,candidate_2021_code,candidate_2021_name,legacy_area_fraction_intersecting_candidate,candidate_area_fraction_intersecting_legacy,method,interpretation
gb:GRC:ADM3:53547021B48314635979132,Lesbos,2010,municipality,5302,Municipality of Dytiki Lesvos,0.607805,0.913983,positive planar area intersection in EPSG:2100; >1% of legacy shape area,census/statistical source comparison only; ELSTAT expressly says it is not proof of administrative boundary
gb:GRC:ADM3:53547021B48314635979132,Lesbos,2010,municipality,5301,Municipality of Mytilini,0.32149,0.915009,positive planar area intersection in EPSG:2100; >1% of legacy shape area,census/statistical source comparison only; ELSTAT expressly says it is not proof of administrative boundary
gb:GRC:ADM3:53547021B84204057813712,Oinousses,2010,municipality,5703,Municipality of Inousses,0.670561,0.715838,positive planar area intersection in EPSG:2100; >1% of legacy shape area,census/statistical source comparison only; ELSTAT expressly says it is not proof of administrative boundary
gb:GRC:ADM3:53547021B51237961476559,Psara,2010,municipality,5702,Municipality of Iroiki Nissos Psaron,0.71318,0.740604,positive planar area intersection in EPSG:2100; >1% of legacy shape area,census/statistical source comparison only; ELSTAT expressly says it is not proof of administrative boundary
gb:GRC:ADM3:53547021B66988262983744,Chios,2010,municipality,5701,Municipality of Chios,0.948352,0.945458,positive planar area intersection in EPSG:2100; >1% of legacy shape area,census/statistical source comparison only; ELSTAT expressly says it is not proof of administrative boundary
gb:GRC:ADM3:53547021B79831596850386,Fournoi Korseon,2010,municipality,5402,Municipality of Fourni Korseon,0.68927,0.751573,positive planar area intersection in EPSG:2100; >1% of legacy shape area,census/statistical source comparison only; ELSTAT expressly says it is not proof of administrative boundary
gb:GRC:ADM3:53547021B1583318227364,Samos,2010,municipality,5601,Municipality of Anatoliki Samos,0.528277,0.880099,positive planar area intersection in EPSG:2100; >1% of legacy shape area,census/statistical source comparison only; ELSTAT expressly says it is not proof of administrative boundary
gb:GRC:ADM3:53547021B1583318227364,Samos,2010,municipality,5602,Municipality of Dytiki Samos,0.37115,0.96477,positive planar area intersection in EPSG:2100; >1% of legacy shape area,census/statistical source comparison only; ELSTAT expressly says it is not proof of administrative boundary
gb:GRC:ADM3:53547021B72748856763578,Ikaria,2010,municipality,5401,Municipality of Ikaria,0.901161,0.948838,positive planar area intersection in EPSG:2100; >1% of legacy shape area,census/statistical source comparison only; ELSTAT expressly says it is not proof of administrative boundary
gb:GRC:ADM3:53547021B33259065854290,Rhodes,2010,municipality,6901,Municipality of Rodos,0.947831,0.952687,positive planar area intersection in EPSG:2100; >1% of legacy shape area,census/statistical source comparison only; ELSTAT expressly says it is not proof of administrative boundary
gb:GRC:ADM3:53547021B75170445936702,Halki,2010,municipality,6905,Municipality of Chalki,0.567285,0.534121,positive planar area intersection in EPSG:2100; >1% of legacy shape area,census/statistical source comparison only; ELSTAT expressly says it is not proof of administrative boundary
gb:GRC:ADM3:53547021B47996092529292,Tilos,2010,municipality,6904,Municipality of Tilos,0.765867,0.783627,positive planar area intersection in EPSG:2100; >1% of legacy shape area,census/statistical source comparison only; ELSTAT expressly says it is not proof of administrative boundary
gb:GRC:ADM3:53547021B10109746206606,Symi,2010,municipality,6903,Municipality of Symi,0.587257,0.66457,positive planar area intersection in EPSG:2100; >1% of legacy shape area,census/statistical source comparison only; ELSTAT expressly says it is not proof of administrative boundary
gb:GRC:ADM3:53547021B81123909455737,Nisyros,2010,municipality,6402,Municipality of Nissyros,0.808788,0.787288,positive planar area intersection in EPSG:2100; >1% of legacy shape area,census/statistical source comparison only; ELSTAT expressly says it is not proof of administrative boundary
gb:GRC:ADM3:53547021B14104981349473,Kos,2010,municipality,6401,Municipality of Kos,0.873276,0.911184,positive planar area intersection in EPSG:2100; >1% of legacy shape area,census/statistical source comparison only; ELSTAT expressly says it is not proof of administrative boundary
gb:GRC:ADM3:53547021B57223359042947,Kalymnos,2010,municipality,6101,Municipality of Kalymnos,0.8617,0.8082,positive planar area intersection in EPSG:2100; >1% of legacy shape area,census/statistical source comparison only; ELSTAT expressly says it is not proof of administrative boundary
gb:GRC:ADM3:53547021B5655608109078,Leros,2010,municipality,6105,Municipality of Leros,0.766681,0.717132,positive planar area intersection in EPSG:2100; >1% of legacy shape area,census/statistical source comparison only; ELSTAT expressly says it is not proof of administrative boundary
gb:GRC:ADM3:53547021B65639562394227,Leipsoi,2010,municipality,6104,Municipality of Lipsi,0.691262,0.646932,positive planar area intersection in EPSG:2100; >1% of legacy shape area,census/statistical source comparison only; ELSTAT expressly says it is not proof of administrative boundary
gb:GRC:ADM3:53547021B9865954519717,Patmos,2010,municipality,6106,Municipality of Patmos,0.555756,0.472606,positive planar area intersection in EPSG:2100; >1% of legacy shape area,census/statistical source comparison only; ELSTAT expressly says it is not proof of administrative boundary
gb:GRC:ADM3:53547021B27725910379906,Agathonisi,2010,municipality,6102,Municipality of Agathonissi,0.470789,0.535464,positive planar area intersection in EPSG:2100; >1% of legacy shape area,census/statistical source comparison only; ELSTAT expressly says it is not proof of administrative boundary
gb:GRC:ADM3:53547021B47933499934509,Kastellorizo,2010,municipality,6902,Municipality of Megisti,0.587792,0.50632,positive planar area intersection in EPSG:2100; >1% of legacy shape area,census/statistical source comparison only; ELSTAT expressly says it is not proof of administrative boundary
gb:GRC:ADM3:53547021B48314635979132,Lesbos,2010,regional_unit,53,Regional Unit of Lesvos,0.929295,0.914338,positive planar area intersection in EPSG:2100; >1% of legacy shape area,census/statistical source comparison only; ELSTAT expressly says it is not proof of administrative boundary
gb:GRC:ADM3:53547021B84204057813712,Oinousses,2010,regional_unit,57,Regional Unit of Chios,0.670561,0.014066,positive planar area intersection in EPSG:2100; >1% of legacy shape area,census/statistical source comparison only; ELSTAT expressly says it is not proof of administrative boundary
gb:GRC:ADM3:53547021B51237961476559,Psara,2010,regional_unit,57,Regional Unit of Chios,0.71318,0.036064,positive planar area intersection in EPSG:2100; >1% of legacy shape area,census/statistical source comparison only; ELSTAT expressly says it is not proof of administrative boundary
gb:GRC:ADM3:53547021B66988262983744,Chios,2010,regional_unit,57,Regional Unit of Chios,0.948352,0.880841,positive planar area intersection in EPSG:2100; >1% of legacy shape area,census/statistical source comparison only; ELSTAT expressly says it is not proof of administrative boundary
gb:GRC:ADM3:53547021B79831596850386,Fournoi Korseon,2010,regional_unit,54,Regional Unit of Ikaria,0.68927,0.114597,positive planar area intersection in EPSG:2100; >1% of legacy shape area,census/statistical source comparison only; ELSTAT expressly says it is not proof of administrative boundary
gb:GRC:ADM3:53547021B1583318227364,Samos,2010,regional_unit,56,Regional Unit of Samos,0.899427,0.91317,positive planar area intersection in EPSG:2100; >1% of legacy shape area,census/statistical source comparison only; ELSTAT expressly says it is not proof of administrative boundary
gb:GRC:ADM3:53547021B72748856763578,Ikaria,2010,regional_unit,54,Regional Unit of Ikaria,0.901161,0.804163,positive planar area intersection in EPSG:2100; >1% of legacy shape area,census/statistical source comparison only; ELSTAT expressly says it is not proof of administrative boundary
gb:GRC:ADM3:53547021B33259065854290,Rhodes,2010,regional_unit,69,Regional Unit of Rodos,0.947831,0.84613,positive planar area intersection in EPSG:2100; >1% of legacy shape area,census/statistical source comparison only; ELSTAT expressly says it is not proof of administrative boundary
gb:GRC:ADM3:53547021B75170445936702,Halki,2010,regional_unit,69,Regional Unit of Rodos,0.567285,0.01245,positive planar area intersection in EPSG:2100; >1% of legacy shape area,census/statistical source comparison only; ELSTAT expressly says it is not proof of administrative boundary
gb:GRC:ADM3:53547021B47996092529292,Tilos,2010,regional_unit,69,Regional Unit of Rodos,0.765867,0.031297,positive planar area intersection in EPSG:2100; >1% of legacy shape area,census/statistical source comparison only; ELSTAT expressly says it is not proof of administrative boundary
gb:GRC:ADM3:53547021B10109746206606,Symi,2010,regional_unit,69,Regional Unit of Rodos,0.587257,0.027316,positive planar area intersection in EPSG:2100; >1% of legacy shape area,census/statistical source comparison only; ELSTAT expressly says it is not proof of administrative boundary
gb:GRC:ADM3:53547021B81123909455737,Nisyros,2010,regional_unit,64,Regional Unit of Kos,0.808788,0.11606,positive planar area intersection in EPSG:2100; >1% of legacy shape area,census/statistical source comparison only; ELSTAT expressly says it is not proof of administrative boundary
gb:GRC:ADM3:53547021B14104981349473,Kos,2010,regional_unit,64,Regional Unit of Kos,0.873276,0.776859,positive planar area intersection in EPSG:2100; >1% of legacy shape area,census/statistical source comparison only; ELSTAT expressly says it is not proof of administrative boundary
gb:GRC:ADM3:53547021B57223359042947,Kalymnos,2010,regional_unit,61,Regional Unit of Kalymnos,0.8617,0.271514,positive planar area intersection in EPSG:2100; >1% of legacy shape area,census/statistical source comparison only; ELSTAT expressly says it is not proof of administrative boundary
gb:GRC:ADM3:53547021B5655608109078,Leros,2010,regional_unit,61,Regional Unit of Kalymnos,0.766681,0.135037,positive planar area intersection in EPSG:2100; >1% of legacy shape area,census/statistical source comparison only; ELSTAT expressly says it is not proof of administrative boundary
gb:GRC:ADM3:53547021B65639562394227,Leipsoi,2010,regional_unit,61,Regional Unit of Kalymnos,0.691262,0.027506,positive planar area intersection in EPSG:2100; >1% of legacy shape area,census/statistical source comparison only; ELSTAT expressly says it is not proof of administrative boundary
gb:GRC:ADM3:53547021B9865954519717,Patmos,2010,regional_unit,61,Regional Unit of Kalymnos,0.555756,0.05309,positive planar area intersection in EPSG:2100; >1% of legacy shape area,census/statistical source comparison only; ELSTAT expressly says it is not proof of administrative boundary
gb:GRC:ADM3:53547021B27725910379906,Agathonisi,2010,regional_unit,61,Regional Unit of Kalymnos,0.470789,0.019331,positive planar area intersection in EPSG:2100; >1% of legacy shape area,census/statistical source comparison only; ELSTAT expressly says it is not proof of administrative boundary
gb:GRC:ADM3:53547021B47933499934509,Kastellorizo,2010,regional_unit,69,Regional Unit of Rodos,0.587792,0.003797,positive planar area intersection in EPSG:2100; >1% of legacy shape area,census/statistical source comparison only; ELSTAT expressly says it is not proof of administrative boundary
