official_district_name,official_source_url,geoBoundaries_shapeName,geoBoundaries_shapeID,exact_atlas_location_id_candidate,atlas_baseline_present,atlas_baseline_name,atlas_parent_id,atlas_parent_matches_istanbul_province,review_status,interpretation
Adalar,https://istanbul.ktb.gov.tr/TR-276147/adalar.html,Prince Islands,54988432B94516152709384,gb:TUR:ADM2:54988432B94516152709384,True,Prince Islands,framework:province:istanbul:69a618445c3d,True,present baseline ID,"Official province-specific district list joined by normalized name to a unique pinned source feature and exact shapeID. geoBoundaries ADM2 encodes only shapeGroup=TUR, not an immediate province parent. Absence flags a source/Atlas crosswalk gap, not automatic authority to add or transfer IDs."
Arnavutköy,https://istanbul.ktb.gov.tr/TR-276148/arnavutkoy.html,Arnavutköy,54988432B54271266334519,gb:TUR:ADM2:54988432B54271266334519,False,,,False,officially-listed current district not represented by this exact geoBoundaries ID in baseline,"Official province-specific district list joined by normalized name to a unique pinned source feature and exact shapeID. geoBoundaries ADM2 encodes only shapeGroup=TUR, not an immediate province parent. Absence flags a source/Atlas crosswalk gap, not automatic authority to add or transfer IDs."
Ataşehir,https://istanbul.ktb.gov.tr/TR-276149/atasehir.html,Ataşehir,54988432B29112177447975,gb:TUR:ADM2:54988432B29112177447975,False,,,False,officially-listed current district not represented by this exact geoBoundaries ID in baseline,"Official province-specific district list joined by normalized name to a unique pinned source feature and exact shapeID. geoBoundaries ADM2 encodes only shapeGroup=TUR, not an immediate province parent. Absence flags a source/Atlas crosswalk gap, not automatic authority to add or transfer IDs."
Küçükçekmece,https://istanbul.ktb.gov.tr/TR-276150/kucukcekmece.html,Küçükçekmece,54988432B58079099572479,gb:TUR:ADM2:54988432B58079099572479,False,,,False,officially-listed current district not represented by this exact geoBoundaries ID in baseline,"Official province-specific district list joined by normalized name to a unique pinned source feature and exact shapeID. geoBoundaries ADM2 encodes only shapeGroup=TUR, not an immediate province parent. Absence flags a source/Atlas crosswalk gap, not automatic authority to add or transfer IDs."
Avcılar,https://istanbul.ktb.gov.tr/TR-276151/avcilar.html,Avcılar,54988432B82480836109015,gb:TUR:ADM2:54988432B82480836109015,False,,,False,officially-listed current district not represented by this exact geoBoundaries ID in baseline,"Official province-specific district list joined by normalized name to a unique pinned source feature and exact shapeID. geoBoundaries ADM2 encodes only shapeGroup=TUR, not an immediate province parent. Absence flags a source/Atlas crosswalk gap, not automatic authority to add or transfer IDs."
Bağcılar,https://istanbul.ktb.gov.tr/TR-276152/bagcilar.html,Bağcılar,54988432B60297346715567,gb:TUR:ADM2:54988432B60297346715567,False,,,False,officially-listed current district not represented by this exact geoBoundaries ID in baseline,"Official province-specific district list joined by normalized name to a unique pinned source feature and exact shapeID. geoBoundaries ADM2 encodes only shapeGroup=TUR, not an immediate province parent. Absence flags a source/Atlas crosswalk gap, not automatic authority to add or transfer IDs."
Bahçelievler,https://istanbul.ktb.gov.tr/TR-276153/bahcelievler.html,Bahçelievler,54988432B64089683735003,gb:TUR:ADM2:54988432B64089683735003,False,,,False,officially-listed current district not represented by this exact geoBoundaries ID in baseline,"Official province-specific district list joined by normalized name to a unique pinned source feature and exact shapeID. geoBoundaries ADM2 encodes only shapeGroup=TUR, not an immediate province parent. Absence flags a source/Atlas crosswalk gap, not automatic authority to add or transfer IDs."
Bakırköy,https://istanbul.ktb.gov.tr/TR-276154/bakirkoy.html,Bakırköy,54988432B71616500059418,gb:TUR:ADM2:54988432B71616500059418,False,,,False,officially-listed current district not represented by this exact geoBoundaries ID in baseline,"Official province-specific district list joined by normalized name to a unique pinned source feature and exact shapeID. geoBoundaries ADM2 encodes only shapeGroup=TUR, not an immediate province parent. Absence flags a source/Atlas crosswalk gap, not automatic authority to add or transfer IDs."
Başakşehir,https://istanbul.ktb.gov.tr/TR-276155/basaksehir.html,Başakşehir,54988432B67026781349893,gb:TUR:ADM2:54988432B67026781349893,False,,,False,officially-listed current district not represented by this exact geoBoundaries ID in baseline,"Official province-specific district list joined by normalized name to a unique pinned source feature and exact shapeID. geoBoundaries ADM2 encodes only shapeGroup=TUR, not an immediate province parent. Absence flags a source/Atlas crosswalk gap, not automatic authority to add or transfer IDs."
Bayrampaşa,https://istanbul.ktb.gov.tr/TR-276156/bayrampasa.html,Bayrampaşa,54988432B97960602645981,gb:TUR:ADM2:54988432B97960602645981,False,,,False,officially-listed current district not represented by this exact geoBoundaries ID in baseline,"Official province-specific district list joined by normalized name to a unique pinned source feature and exact shapeID. geoBoundaries ADM2 encodes only shapeGroup=TUR, not an immediate province parent. Absence flags a source/Atlas crosswalk gap, not automatic authority to add or transfer IDs."
Beşiktaş,https://istanbul.ktb.gov.tr/TR-276157/besiktas.html,Beşiktaş,54988432B66082608132209,gb:TUR:ADM2:54988432B66082608132209,False,,,False,officially-listed current district not represented by this exact geoBoundaries ID in baseline,"Official province-specific district list joined by normalized name to a unique pinned source feature and exact shapeID. geoBoundaries ADM2 encodes only shapeGroup=TUR, not an immediate province parent. Absence flags a source/Atlas crosswalk gap, not automatic authority to add or transfer IDs."
Beykoz,https://istanbul.ktb.gov.tr/TR-276158/beykoz.html,Beykoz,54988432B7974453528026,gb:TUR:ADM2:54988432B7974453528026,False,,,False,officially-listed current district not represented by this exact geoBoundaries ID in baseline,"Official province-specific district list joined by normalized name to a unique pinned source feature and exact shapeID. geoBoundaries ADM2 encodes only shapeGroup=TUR, not an immediate province parent. Absence flags a source/Atlas crosswalk gap, not automatic authority to add or transfer IDs."
Beylikdüzü,https://istanbul.ktb.gov.tr/TR-276159/beylikduzu.html,Beylikdüzü,54988432B5885906722527,gb:TUR:ADM2:54988432B5885906722527,False,,,False,officially-listed current district not represented by this exact geoBoundaries ID in baseline,"Official province-specific district list joined by normalized name to a unique pinned source feature and exact shapeID. geoBoundaries ADM2 encodes only shapeGroup=TUR, not an immediate province parent. Absence flags a source/Atlas crosswalk gap, not automatic authority to add or transfer IDs."
Beyoğlu,https://istanbul.ktb.gov.tr/TR-276160/beyoglu.html,Beyoğlu,54988432B6587538084917,gb:TUR:ADM2:54988432B6587538084917,False,,,False,officially-listed current district not represented by this exact geoBoundaries ID in baseline,"Official province-specific district list joined by normalized name to a unique pinned source feature and exact shapeID. geoBoundaries ADM2 encodes only shapeGroup=TUR, not an immediate province parent. Absence flags a source/Atlas crosswalk gap, not automatic authority to add or transfer IDs."
Büyükçekmece,https://istanbul.ktb.gov.tr/TR-276161/buyukcekmece.html,Büyükçekmece,54988432B26216305629532,gb:TUR:ADM2:54988432B26216305629532,False,,,False,officially-listed current district not represented by this exact geoBoundaries ID in baseline,"Official province-specific district list joined by normalized name to a unique pinned source feature and exact shapeID. geoBoundaries ADM2 encodes only shapeGroup=TUR, not an immediate province parent. Absence flags a source/Atlas crosswalk gap, not automatic authority to add or transfer IDs."
Çatalca,https://istanbul.ktb.gov.tr/TR-276162/catalca.html,Çatalca,54988432B71345383711908,gb:TUR:ADM2:54988432B71345383711908,False,,,False,officially-listed current district not represented by this exact geoBoundaries ID in baseline,"Official province-specific district list joined by normalized name to a unique pinned source feature and exact shapeID. geoBoundaries ADM2 encodes only shapeGroup=TUR, not an immediate province parent. Absence flags a source/Atlas crosswalk gap, not automatic authority to add or transfer IDs."
Çekmeköy,https://istanbul.ktb.gov.tr/TR-276163/cekmekoy.html,Çekmeköy,54988432B77006112817305,gb:TUR:ADM2:54988432B77006112817305,False,,,False,officially-listed current district not represented by this exact geoBoundaries ID in baseline,"Official province-specific district list joined by normalized name to a unique pinned source feature and exact shapeID. geoBoundaries ADM2 encodes only shapeGroup=TUR, not an immediate province parent. Absence flags a source/Atlas crosswalk gap, not automatic authority to add or transfer IDs."
Esenler,https://istanbul.ktb.gov.tr/TR-276164/esenler.html,Esenler,54988432B45752355908824,gb:TUR:ADM2:54988432B45752355908824,False,,,False,officially-listed current district not represented by this exact geoBoundaries ID in baseline,"Official province-specific district list joined by normalized name to a unique pinned source feature and exact shapeID. geoBoundaries ADM2 encodes only shapeGroup=TUR, not an immediate province parent. Absence flags a source/Atlas crosswalk gap, not automatic authority to add or transfer IDs."
Esenyurt,https://istanbul.ktb.gov.tr/TR-276165/esenyurt.html,Esenyurt,54988432B2777192469074,gb:TUR:ADM2:54988432B2777192469074,False,,,False,officially-listed current district not represented by this exact geoBoundaries ID in baseline,"Official province-specific district list joined by normalized name to a unique pinned source feature and exact shapeID. geoBoundaries ADM2 encodes only shapeGroup=TUR, not an immediate province parent. Absence flags a source/Atlas crosswalk gap, not automatic authority to add or transfer IDs."
Eyüpsultan,https://istanbul.ktb.gov.tr/TR-276166/eyupsultan.html,Eyüpsultan,54988432B93840376788897,gb:TUR:ADM2:54988432B93840376788897,False,,,False,officially-listed current district not represented by this exact geoBoundaries ID in baseline,"Official province-specific district list joined by normalized name to a unique pinned source feature and exact shapeID. geoBoundaries ADM2 encodes only shapeGroup=TUR, not an immediate province parent. Absence flags a source/Atlas crosswalk gap, not automatic authority to add or transfer IDs."
Fatih,https://istanbul.ktb.gov.tr/TR-276167/fatih.html,Fatih,54988432B39641834885080,gb:TUR:ADM2:54988432B39641834885080,False,,,False,officially-listed current district not represented by this exact geoBoundaries ID in baseline,"Official province-specific district list joined by normalized name to a unique pinned source feature and exact shapeID. geoBoundaries ADM2 encodes only shapeGroup=TUR, not an immediate province parent. Absence flags a source/Atlas crosswalk gap, not automatic authority to add or transfer IDs."
Gaziosmanpaşa,https://istanbul.ktb.gov.tr/TR-276168/gaziosmanpasa.html,Gaziosmanpaşa,54988432B66869796973700,gb:TUR:ADM2:54988432B66869796973700,False,,,False,officially-listed current district not represented by this exact geoBoundaries ID in baseline,"Official province-specific district list joined by normalized name to a unique pinned source feature and exact shapeID. geoBoundaries ADM2 encodes only shapeGroup=TUR, not an immediate province parent. Absence flags a source/Atlas crosswalk gap, not automatic authority to add or transfer IDs."
Güngören,https://istanbul.ktb.gov.tr/TR-276169/gungoren.html,Güngören,54988432B45078999476524,gb:TUR:ADM2:54988432B45078999476524,False,,,False,officially-listed current district not represented by this exact geoBoundaries ID in baseline,"Official province-specific district list joined by normalized name to a unique pinned source feature and exact shapeID. geoBoundaries ADM2 encodes only shapeGroup=TUR, not an immediate province parent. Absence flags a source/Atlas crosswalk gap, not automatic authority to add or transfer IDs."
Kadıköy,https://istanbul.ktb.gov.tr/TR-276170/kadikoy.html,Kadıköy,54988432B89638439219394,gb:TUR:ADM2:54988432B89638439219394,False,,,False,officially-listed current district not represented by this exact geoBoundaries ID in baseline,"Official province-specific district list joined by normalized name to a unique pinned source feature and exact shapeID. geoBoundaries ADM2 encodes only shapeGroup=TUR, not an immediate province parent. Absence flags a source/Atlas crosswalk gap, not automatic authority to add or transfer IDs."
Kağıthane,https://istanbul.ktb.gov.tr/TR-276171/kagithane.html,Kağıthane,54988432B47187297633278,gb:TUR:ADM2:54988432B47187297633278,False,,,False,officially-listed current district not represented by this exact geoBoundaries ID in baseline,"Official province-specific district list joined by normalized name to a unique pinned source feature and exact shapeID. geoBoundaries ADM2 encodes only shapeGroup=TUR, not an immediate province parent. Absence flags a source/Atlas crosswalk gap, not automatic authority to add or transfer IDs."
Kartal,https://istanbul.ktb.gov.tr/TR-276172/kartal.html,Kartal,54988432B28761186895791,gb:TUR:ADM2:54988432B28761186895791,True,Kartal,framework:province:istanbul:69a618445c3d,True,present baseline ID,"Official province-specific district list joined by normalized name to a unique pinned source feature and exact shapeID. geoBoundaries ADM2 encodes only shapeGroup=TUR, not an immediate province parent. Absence flags a source/Atlas crosswalk gap, not automatic authority to add or transfer IDs."
Maltepe,https://istanbul.ktb.gov.tr/TR-276173/maltepe.html,Maltepe,54988432B88005070896558,gb:TUR:ADM2:54988432B88005070896558,False,,,False,officially-listed current district not represented by this exact geoBoundaries ID in baseline,"Official province-specific district list joined by normalized name to a unique pinned source feature and exact shapeID. geoBoundaries ADM2 encodes only shapeGroup=TUR, not an immediate province parent. Absence flags a source/Atlas crosswalk gap, not automatic authority to add or transfer IDs."
Pendik,https://istanbul.ktb.gov.tr/TR-276174/pendik.html,Pendik,54988432B44792581222483,gb:TUR:ADM2:54988432B44792581222483,True,Pendik,framework:province:istanbul:69a618445c3d,True,present baseline ID,"Official province-specific district list joined by normalized name to a unique pinned source feature and exact shapeID. geoBoundaries ADM2 encodes only shapeGroup=TUR, not an immediate province parent. Absence flags a source/Atlas crosswalk gap, not automatic authority to add or transfer IDs."
Sancaktepe,https://istanbul.ktb.gov.tr/TR-276175/sancaktepe.html,Sancaktepe,54988432B50977665989913,gb:TUR:ADM2:54988432B50977665989913,True,Sancaktepe,framework:province:istanbul:69a618445c3d,True,present baseline ID,"Official province-specific district list joined by normalized name to a unique pinned source feature and exact shapeID. geoBoundaries ADM2 encodes only shapeGroup=TUR, not an immediate province parent. Absence flags a source/Atlas crosswalk gap, not automatic authority to add or transfer IDs."
Sarıyer,https://istanbul.ktb.gov.tr/TR-276176/sariyer.html,Sarıyer,54988432B49369799231556,gb:TUR:ADM2:54988432B49369799231556,False,,,False,officially-listed current district not represented by this exact geoBoundaries ID in baseline,"Official province-specific district list joined by normalized name to a unique pinned source feature and exact shapeID. geoBoundaries ADM2 encodes only shapeGroup=TUR, not an immediate province parent. Absence flags a source/Atlas crosswalk gap, not automatic authority to add or transfer IDs."
Şile,https://istanbul.ktb.gov.tr/TR-276177/sile.html,Şile,54988432B79652739540199,gb:TUR:ADM2:54988432B79652739540199,True,Şile,framework:province:istanbul:69a618445c3d,True,present baseline ID,"Official province-specific district list joined by normalized name to a unique pinned source feature and exact shapeID. geoBoundaries ADM2 encodes only shapeGroup=TUR, not an immediate province parent. Absence flags a source/Atlas crosswalk gap, not automatic authority to add or transfer IDs."
Silivri,https://istanbul.ktb.gov.tr/TR-276178/silivri.html,Silivri,54988432B76021463807070,gb:TUR:ADM2:54988432B76021463807070,False,,,False,officially-listed current district not represented by this exact geoBoundaries ID in baseline,"Official province-specific district list joined by normalized name to a unique pinned source feature and exact shapeID. geoBoundaries ADM2 encodes only shapeGroup=TUR, not an immediate province parent. Absence flags a source/Atlas crosswalk gap, not automatic authority to add or transfer IDs."
Şişli,https://istanbul.ktb.gov.tr/TR-276179/sisli.html,Şişli,54988432B80643331900802,gb:TUR:ADM2:54988432B80643331900802,False,,,False,officially-listed current district not represented by this exact geoBoundaries ID in baseline,"Official province-specific district list joined by normalized name to a unique pinned source feature and exact shapeID. geoBoundaries ADM2 encodes only shapeGroup=TUR, not an immediate province parent. Absence flags a source/Atlas crosswalk gap, not automatic authority to add or transfer IDs."
Sultanbeyli,https://istanbul.ktb.gov.tr/TR-276180/sultanbeyli.html,Sultanbeyli,54988432B1936830285057,gb:TUR:ADM2:54988432B1936830285057,True,Sultanbeyli,framework:province:istanbul:69a618445c3d,True,present baseline ID,"Official province-specific district list joined by normalized name to a unique pinned source feature and exact shapeID. geoBoundaries ADM2 encodes only shapeGroup=TUR, not an immediate province parent. Absence flags a source/Atlas crosswalk gap, not automatic authority to add or transfer IDs."
Sultangazi,https://istanbul.ktb.gov.tr/TR-276181/sultangazi.html,Sultangazi,54988432B38360360890356,gb:TUR:ADM2:54988432B38360360890356,False,,,False,officially-listed current district not represented by this exact geoBoundaries ID in baseline,"Official province-specific district list joined by normalized name to a unique pinned source feature and exact shapeID. geoBoundaries ADM2 encodes only shapeGroup=TUR, not an immediate province parent. Absence flags a source/Atlas crosswalk gap, not automatic authority to add or transfer IDs."
Tuzla,https://istanbul.ktb.gov.tr/TR-276182/tuzla.html,Tuzla,54988432B51380550593874,gb:TUR:ADM2:54988432B51380550593874,True,Tuzla,framework:province:istanbul:69a618445c3d,True,present baseline ID,"Official province-specific district list joined by normalized name to a unique pinned source feature and exact shapeID. geoBoundaries ADM2 encodes only shapeGroup=TUR, not an immediate province parent. Absence flags a source/Atlas crosswalk gap, not automatic authority to add or transfer IDs."
Ümraniye,https://istanbul.ktb.gov.tr/TR-276183/umraniye.html,Ümraniye,54988432B49471063177420,gb:TUR:ADM2:54988432B49471063177420,False,,,False,officially-listed current district not represented by this exact geoBoundaries ID in baseline,"Official province-specific district list joined by normalized name to a unique pinned source feature and exact shapeID. geoBoundaries ADM2 encodes only shapeGroup=TUR, not an immediate province parent. Absence flags a source/Atlas crosswalk gap, not automatic authority to add or transfer IDs."
Üsküdar,https://istanbul.ktb.gov.tr/TR-276184/uskudar.html,Üsküdar,54988432B79162079631621,gb:TUR:ADM2:54988432B79162079631621,False,,,False,officially-listed current district not represented by this exact geoBoundaries ID in baseline,"Official province-specific district list joined by normalized name to a unique pinned source feature and exact shapeID. geoBoundaries ADM2 encodes only shapeGroup=TUR, not an immediate province parent. Absence flags a source/Atlas crosswalk gap, not automatic authority to add or transfer IDs."
Zeytinburnu,https://istanbul.ktb.gov.tr/TR-276185/zeytinburnu.html,Zeytinburnu,54988432B10954011235531,gb:TUR:ADM2:54988432B10954011235531,False,,,False,officially-listed current district not represented by this exact geoBoundaries ID in baseline,"Official province-specific district list joined by normalized name to a unique pinned source feature and exact shapeID. geoBoundaries ADM2 encodes only shapeGroup=TUR, not an immediate province parent. Absence flags a source/Atlas crosswalk gap, not automatic authority to add or transfer IDs."
