shapeID,shapeName,shared_boundary_neighbor_count_gt_0_1m,largest_shared_boundary_m,source_subject_perimeter_km,unshared_boundary_fraction_including_coast_and_gaps,positive_overlap_pair_count_area_gt_1000m2,interpretation
54988432B10253984912437,Demirci,6,70778.73,222.121,0.0,0,"Same-release edge screen only. Unshared boundary includes coast, islands, source gaps, and unmatched edges; positive sliver overlaps are candidates for inspection. Neither metric proves completeness or a defect."
54988432B10626729870430,Seferihisar,4,35458.79,128.08,0.439265,0,"Same-release edge screen only. Unshared boundary includes coast, islands, source gaps, and unmatched edges; positive sliver overlaps are candidates for inspection. Neither metric proves completeness or a defect."
54988432B11094776022203,Kemer,5,32371.6,80.487,0.0,0,"Same-release edge screen only. Unshared boundary includes coast, islands, source gaps, and unmatched edges; positive sliver overlaps are candidates for inspection. Neither metric proves completeness or a defect."
54988432B11123047057176,Yenipazar,4,32443.94,79.709,0,0,"Same-release edge screen only. Unshared boundary includes coast, islands, source gaps, and unmatched edges; positive sliver overlaps are candidates for inspection. Neither metric proves completeness or a defect."
54988432B11239792936467,Bozkurt,6,45681.55,135.603,0.0,0,"Same-release edge screen only. Unshared boundary includes coast, islands, source gaps, and unmatched edges; positive sliver overlaps are candidates for inspection. Neither metric proves completeness or a defect."
54988432B11310133229622,Sarıgöl,4,41474.57,102.298,0,0,"Same-release edge screen only. Unshared boundary includes coast, islands, source gaps, and unmatched edges; positive sliver overlaps are candidates for inspection. Neither metric proves completeness or a defect."
54988432B11333989170250,Güney,5,32677.77,102.074,0,0,"Same-release edge screen only. Unshared boundary includes coast, islands, source gaps, and unmatched edges; positive sliver overlaps are candidates for inspection. Neither metric proves completeness or a defect."
54988432B12282198097688,Çeşme,1,41324.74,197.564,0.790828,0,"Same-release edge screen only. Unshared boundary includes coast, islands, source gaps, and unmatched edges; positive sliver overlaps are candidates for inspection. Neither metric proves completeness or a defect."
54988432B12652451571712,Kınık,5,66449.07,128.937,0,0,"Same-release edge screen only. Unshared boundary includes coast, islands, source gaps, and unmatched edges; positive sliver overlaps are candidates for inspection. Neither metric proves completeness or a defect."
54988432B12971115509737,Altıntaş,6,56172.47,151.555,0.0,0,"Same-release edge screen only. Unshared boundary includes coast, islands, source gaps, and unmatched edges; positive sliver overlaps are candidates for inspection. Neither metric proves completeness or a defect."
54988432B13587691087198,Foça,2,33951.91,129.454,0.618185,0,"Same-release edge screen only. Unshared boundary includes coast, islands, source gaps, and unmatched edges; positive sliver overlaps are candidates for inspection. Neither metric proves completeness or a defect."
54988432B14340726912856,Pazarlar,2,30057.19,55.211,0.0,0,"Same-release edge screen only. Unshared boundary includes coast, islands, source gaps, and unmatched edges; positive sliver overlaps are candidates for inspection. Neither metric proves completeness or a defect."
54988432B14645765693693,Karamürsel,4,30642.88,93.711,0.153031,0,"Same-release edge screen only. Unshared boundary includes coast, islands, source gaps, and unmatched edges; positive sliver overlaps are candidates for inspection. Neither metric proves completeness or a defect."
54988432B15558909248688,Kemalpaşa,7,31198.14,134.781,0.0,0,"Same-release edge screen only. Unshared boundary includes coast, islands, source gaps, and unmatched edges; positive sliver overlaps are candidates for inspection. Neither metric proves completeness or a defect."
54988432B16159073535028,Kavaklıdere,4,37961.67,100.38,0,0,"Same-release edge screen only. Unshared boundary includes coast, islands, source gaps, and unmatched edges; positive sliver overlaps are candidates for inspection. Neither metric proves completeness or a defect."
54988432B16266988631438,Uşak merkez,9,52763.64,248.446,0.0,0,"Same-release edge screen only. Unshared boundary includes coast, islands, source gaps, and unmatched edges; positive sliver overlaps are candidates for inspection. Neither metric proves completeness or a defect."
54988432B16358110737710,Tefenni,6,37456.32,111.184,0.0,0,"Same-release edge screen only. Unshared boundary includes coast, islands, source gaps, and unmatched edges; positive sliver overlaps are candidates for inspection. Neither metric proves completeness or a defect."
54988432B18249389019037,Keles,6,39793.88,137.723,0,0,"Same-release edge screen only. Unshared boundary includes coast, islands, source gaps, and unmatched edges; positive sliver overlaps are candidates for inspection. Neither metric proves completeness or a defect."
54988432B19168401993834,Germencik,5,30104.73,121.138,0,0,"Same-release edge screen only. Unshared boundary includes coast, islands, source gaps, and unmatched edges; positive sliver overlaps are candidates for inspection. Neither metric proves completeness or a defect."
54988432B19253807136892,Kartepe,5,31849.24,99.331,0,0,"Same-release edge screen only. Unshared boundary includes coast, islands, source gaps, and unmatched edges; positive sliver overlaps are candidates for inspection. Neither metric proves completeness or a defect."
54988432B1936830285057,Sultanbeyli,3,13039.08,24.13,0.0,0,"Same-release edge screen only. Unshared boundary includes coast, islands, source gaps, and unmatched edges; positive sliver overlaps are candidates for inspection. Neither metric proves completeness or a defect."
54988432B19462176511596,Kütahya merkez,9,41075.1,232.988,0,0,"Same-release edge screen only. Unshared boundary includes coast, islands, source gaps, and unmatched edges; positive sliver overlaps are candidates for inspection. Neither metric proves completeness or a defect."
54988432B19682235419629,Bozcaada,0,0,39.567,1.0,0,"Same-release edge screen only. Unshared boundary includes coast, islands, source gaps, and unmatched edges; positive sliver overlaps are candidates for inspection. Neither metric proves completeness or a defect."
54988432B20130561704636,Menderes,6,47044.4,173.061,0.23519,0,"Same-release edge screen only. Unshared boundary includes coast, islands, source gaps, and unmatched edges; positive sliver overlaps are candidates for inspection. Neither metric proves completeness or a defect."
54988432B20396107752960,Narlıdere,3,12281.08,33.809,0.315388,0,"Same-release edge screen only. Unshared boundary includes coast, islands, source gaps, and unmatched edges; positive sliver overlaps are candidates for inspection. Neither metric proves completeness or a defect."
54988432B20591788095048,Ayvacik,3,39265.96,164.43,0.562361,0,"Same-release edge screen only. Unshared boundary includes coast, islands, source gaps, and unmatched edges; positive sliver overlaps are candidates for inspection. Neither metric proves completeness or a defect."
54988432B20934882721919,Gönen,5,39025.65,161.53,0.187664,0,"Same-release edge screen only. Unshared boundary includes coast, islands, source gaps, and unmatched edges; positive sliver overlaps are candidates for inspection. Neither metric proves completeness or a defect."
54988432B21454530006409,İnegöl,8,39793.88,167.229,0,0,"Same-release edge screen only. Unshared boundary includes coast, islands, source gaps, and unmatched edges; positive sliver overlaps are candidates for inspection. Neither metric proves completeness or a defect."
54988432B21829167543516,İznik,6,30642.88,129.404,0,0,"Same-release edge screen only. Unshared boundary includes coast, islands, source gaps, and unmatched edges; positive sliver overlaps are candidates for inspection. Neither metric proves completeness or a defect."
54988432B22653723739411,Kestel,6,27465.93,89.973,0,0,"Same-release edge screen only. Unshared boundary includes coast, islands, source gaps, and unmatched edges; positive sliver overlaps are candidates for inspection. Neither metric proves completeness or a defect."
54988432B2283015809064,Ezine,3,39265.96,144.056,0.305717,0,"Same-release edge screen only. Unshared boundary includes coast, islands, source gaps, and unmatched edges; positive sliver overlaps are candidates for inspection. Neither metric proves completeness or a defect."
54988432B23635827316109,Körfez,4,41254.79,113.66,0.236284,0,"Same-release edge screen only. Unshared boundary includes coast, islands, source gaps, and unmatched edges; positive sliver overlaps are candidates for inspection. Neither metric proves completeness or a defect."
54988432B23701812134716,Sultanhisar,5,32443.94,92.149,0.0,0,"Same-release edge screen only. Unshared boundary includes coast, islands, source gaps, and unmatched edges; positive sliver overlaps are candidates for inspection. Neither metric proves completeness or a defect."
54988432B24416647543453,Datça,1,1353.36,249.11,0.994567,0,"Same-release edge screen only. Unshared boundary includes coast, islands, source gaps, and unmatched edges; positive sliver overlaps are candidates for inspection. Neither metric proves completeness or a defect."
54988432B27102438634757,Menemen,6,33951.91,164.935,0.121038,0,"Same-release edge screen only. Unshared boundary includes coast, islands, source gaps, and unmatched edges; positive sliver overlaps are candidates for inspection. Neither metric proves completeness or a defect."
54988432B2790906472505,Köyceğiz,7,44175.97,234.778,0.25599,0,"Same-release edge screen only. Unshared boundary includes coast, islands, source gaps, and unmatched edges; positive sliver overlaps are candidates for inspection. Neither metric proves completeness or a defect."
54988432B28682407811483,Altınyayla,3,39743.84,79.068,0,0,"Same-release edge screen only. Unshared boundary includes coast, islands, source gaps, and unmatched edges; positive sliver overlaps are candidates for inspection. Neither metric proves completeness or a defect."
54988432B2869647225389,Dursunbey,7,54414.35,231.521,0,0,"Same-release edge screen only. Unshared boundary includes coast, islands, source gaps, and unmatched edges; positive sliver overlaps are candidates for inspection. Neither metric proves completeness or a defect."
54988432B28761186895791,Kartal,4,11055.99,35.874,0.270361,0,"Same-release edge screen only. Unshared boundary includes coast, islands, source gaps, and unmatched edges; positive sliver overlaps are candidates for inspection. Neither metric proves completeness or a defect."
54988432B28826403720694,Yenişehir,7,29557.15,126.39,0,0,"Same-release edge screen only. Unshared boundary includes coast, islands, source gaps, and unmatched edges; positive sliver overlaps are candidates for inspection. Neither metric proves completeness or a defect."
54988432B28918062782607,Gaziemir,3,18189.75,44.729,0,0,"Same-release edge screen only. Unshared boundary includes coast, islands, source gaps, and unmatched edges; positive sliver overlaps are candidates for inspection. Neither metric proves completeness or a defect."
54988432B29894117930942,Yıldırım,3,34901.3,69.741,0,0,"Same-release edge screen only. Unshared boundary includes coast, islands, source gaps, and unmatched edges; positive sliver overlaps are candidates for inspection. Neither metric proves completeness or a defect."
54988432B30380906676277,Kula,7,42727.43,146.291,0.0,0,"Same-release edge screen only. Unshared boundary includes coast, islands, source gaps, and unmatched edges; positive sliver overlaps are candidates for inspection. Neither metric proves completeness or a defect."
54988432B31063140501282,Buca,7,27231.32,92.469,0.0,0,"Same-release edge screen only. Unshared boundary includes coast, islands, source gaps, and unmatched edges; positive sliver overlaps are candidates for inspection. Neither metric proves completeness or a defect."
54988432B31268227976167,Eşme,7,52763.64,179.062,0.0,0,"Same-release edge screen only. Unshared boundary includes coast, islands, source gaps, and unmatched edges; positive sliver overlaps are candidates for inspection. Neither metric proves completeness or a defect."
54988432B31401632471854,Kepsut,5,39615.67,149.075,0,0,"Same-release edge screen only. Unshared boundary includes coast, islands, source gaps, and unmatched edges; positive sliver overlaps are candidates for inspection. Neither metric proves completeness or a defect."
54988432B3164241130289,Marmaris,3,12566.92,536.284,0.958388,0,"Same-release edge screen only. Unshared boundary includes coast, islands, source gaps, and unmatched edges; positive sliver overlaps are candidates for inspection. Neither metric proves completeness or a defect."
54988432B31664517784670,Kale,5,59311.75,152.764,0.0,0,"Same-release edge screen only. Unshared boundary includes coast, islands, source gaps, and unmatched edges; positive sliver overlaps are candidates for inspection. Neither metric proves completeness or a defect."
54988432B32155349148151,Manyas,5,32642.94,113.879,0.0,0,"Same-release edge screen only. Unshared boundary includes coast, islands, source gaps, and unmatched edges; positive sliver overlaps are candidates for inspection. Neither metric proves completeness or a defect."
54988432B32280148114029,Altıeylül,8,66151.43,235.382,0.0,0,"Same-release edge screen only. Unshared boundary includes coast, islands, source gaps, and unmatched edges; positive sliver overlaps are candidates for inspection. Neither metric proves completeness or a defect."
54988432B33332852238285,Saruhanlı,7,47880.81,150.215,0,0,"Same-release edge screen only. Unshared boundary includes coast, islands, source gaps, and unmatched edges; positive sliver overlaps are candidates for inspection. Neither metric proves completeness or a defect."
54988432B33750113115729,Savaştepe,4,42553.62,107.376,0,0,"Same-release edge screen only. Unshared boundary includes coast, islands, source gaps, and unmatched edges; positive sliver overlaps are candidates for inspection. Neither metric proves completeness or a defect."
54988432B337940392373,Nilüfer,5,46307.41,132.139,0.0,0,"Same-release edge screen only. Unshared boundary includes coast, islands, source gaps, and unmatched edges; positive sliver overlaps are candidates for inspection. Neither metric proves completeness or a defect."
54988432B34008430678481,Koçarlı,7,31175.64,143.046,0,0,"Same-release edge screen only. Unshared boundary includes coast, islands, source gaps, and unmatched edges; positive sliver overlaps are candidates for inspection. Neither metric proves completeness or a defect."
54988432B34660982943926,Altınova,3,22175.98,80.434,0.352096,0,"Same-release edge screen only. Unshared boundary includes coast, islands, source gaps, and unmatched edges; positive sliver overlaps are candidates for inspection. Neither metric proves completeness or a defect."
54988432B34790562397224,Çine,8,35521.4,154.105,0,0,"Same-release edge screen only. Unshared boundary includes coast, islands, source gaps, and unmatched edges; positive sliver overlaps are candidates for inspection. Neither metric proves completeness or a defect."
54988432B34891185513050,Yeşilova,5,59795.85,179.393,0,0,"Same-release edge screen only. Unshared boundary includes coast, islands, source gaps, and unmatched edges; positive sliver overlaps are candidates for inspection. Neither metric proves completeness or a defect."
54988432B35509610678021,Bayraklı,3,14470.06,34.786,0.186677,0,"Same-release edge screen only. Unshared boundary includes coast, islands, source gaps, and unmatched edges; positive sliver overlaps are candidates for inspection. Neither metric proves completeness or a defect."
54988432B35969765693903,İncirliova,4,28384.2,102.129,0,0,"Same-release edge screen only. Unshared boundary includes coast, islands, source gaps, and unmatched edges; positive sliver overlaps are candidates for inspection. Neither metric proves completeness or a defect."
54988432B36177439275968,Selendi,5,54324.28,139.66,0.0,0,"Same-release edge screen only. Unshared boundary includes coast, islands, source gaps, and unmatched edges; positive sliver overlaps are candidates for inspection. Neither metric proves completeness or a defect."
54988432B36260416662231,Gebze,7,46228.95,172.596,0.075249,0,"Same-release edge screen only. Unshared boundary includes coast, islands, source gaps, and unmatched edges; positive sliver overlaps are candidates for inspection. Neither metric proves completeness or a defect."
54988432B37568422397165,Aliağa,4,25479.89,169.47,0.482035,0,"Same-release edge screen only. Unshared boundary includes coast, islands, source gaps, and unmatched edges; positive sliver overlaps are candidates for inspection. Neither metric proves completeness or a defect."
54988432B38192653794481,Karacasu,6,37311.36,140.76,0,0,"Same-release edge screen only. Unshared boundary includes coast, islands, source gaps, and unmatched edges; positive sliver overlaps are candidates for inspection. Neither metric proves completeness or a defect."
54988432B38529977657987,Çardak,5,59795.85,142.155,0,0,"Same-release edge screen only. Unshared boundary includes coast, islands, source gaps, and unmatched edges; positive sliver overlaps are candidates for inspection. Neither metric proves completeness or a defect."
54988432B38576388688416,Gemlik,10,30033.29,160.758,0.284813,0,"Same-release edge screen only. Unshared boundary includes coast, islands, source gaps, and unmatched edges; positive sliver overlaps are candidates for inspection. Neither metric proves completeness or a defect."
54988432B38688250747899,Banaz,6,35842.53,153.39,0.0,0,"Same-release edge screen only. Unshared boundary includes coast, islands, source gaps, and unmatched edges; positive sliver overlaps are candidates for inspection. Neither metric proves completeness or a defect."
54988432B38711157277910,Susurluk,7,42707.2,151.404,0,0,"Same-release edge screen only. Unshared boundary includes coast, islands, source gaps, and unmatched edges; positive sliver overlaps are candidates for inspection. Neither metric proves completeness or a defect."
54988432B38730133189438,Karaburun,1,15380.43,143.037,0.892472,0,"Same-release edge screen only. Unshared boundary includes coast, islands, source gaps, and unmatched edges; positive sliver overlaps are candidates for inspection. Neither metric proves completeness or a defect."
54988432B39031228995551,Beyağaç,5,23566.45,85.218,0,0,"Same-release edge screen only. Unshared boundary includes coast, islands, source gaps, and unmatched edges; positive sliver overlaps are candidates for inspection. Neither metric proves completeness or a defect."
54988432B39847004244827,Balya,6,82749.52,170.087,0,0,"Same-release edge screen only. Unshared boundary includes coast, islands, source gaps, and unmatched edges; positive sliver overlaps are candidates for inspection. Neither metric proves completeness or a defect."
54988432B40127483323381,Kuyucak,7,42976.75,132.417,0.0,0,"Same-release edge screen only. Unshared boundary includes coast, islands, source gaps, and unmatched edges; positive sliver overlaps are candidates for inspection. Neither metric proves completeness or a defect."
54988432B40385589534090,Darıca,1,11777.66,30.556,0.614552,0,"Same-release edge screen only. Unshared boundary includes coast, islands, source gaps, and unmatched edges; positive sliver overlaps are candidates for inspection. Neither metric proves completeness or a defect."
54988432B41651789151995,Babadağ,3,30606.43,60.475,0,0,"Same-release edge screen only. Unshared boundary includes coast, islands, source gaps, and unmatched edges; positive sliver overlaps are candidates for inspection. Neither metric proves completeness or a defect."
54988432B42480062552941,Havran,5,36693.28,115.877,0.0,0,"Same-release edge screen only. Unshared boundary includes coast, islands, source gaps, and unmatched edges; positive sliver overlaps are candidates for inspection. Neither metric proves completeness or a defect."
54988432B42778469156443,Gürsu,4,17203.01,55.78,0,0,"Same-release edge screen only. Unshared boundary includes coast, islands, source gaps, and unmatched edges; positive sliver overlaps are candidates for inspection. Neither metric proves completeness or a defect."
54988432B42922593275037,Ahmetli,4,28217.77,73.076,0,0,"Same-release edge screen only. Unshared boundary includes coast, islands, source gaps, and unmatched edges; positive sliver overlaps are candidates for inspection. Neither metric proves completeness or a defect."
54988432B43742920895959,Konak,5,7718.74,39.659,0.44966,0,"Same-release edge screen only. Unshared boundary includes coast, islands, source gaps, and unmatched edges; positive sliver overlaps are candidates for inspection. Neither metric proves completeness or a defect."
54988432B43754311054552,Çan,5,36912.74,121.524,0.0,0,"Same-release edge screen only. Unshared boundary includes coast, islands, source gaps, and unmatched edges; positive sliver overlaps are candidates for inspection. Neither metric proves completeness or a defect."
54988432B44685519111257,Salihli,9,39079.91,203.531,0,0,"Same-release edge screen only. Unshared boundary includes coast, islands, source gaps, and unmatched edges; positive sliver overlaps are candidates for inspection. Neither metric proves completeness or a defect."
54988432B44792581222483,Pendik,7,30166.9,114.663,0.136752,0,"Same-release edge screen only. Unshared boundary includes coast, islands, source gaps, and unmatched edges; positive sliver overlaps are candidates for inspection. Neither metric proves completeness or a defect."
54988432B45006727271001,Dikili,2,67169.55,160.966,0.480633,0,"Same-release edge screen only. Unshared boundary includes coast, islands, source gaps, and unmatched edges; positive sliver overlaps are candidates for inspection. Neither metric proves completeness or a defect."
54988432B4572982362376,Yunusemre,8,41820.63,173.212,0,0,"Same-release edge screen only. Unshared boundary includes coast, islands, source gaps, and unmatched edges; positive sliver overlaps are candidates for inspection. Neither metric proves completeness or a defect."
54988432B4616590264443,Erdek,1,5146.67,174.043,0.970429,0,"Same-release edge screen only. Unshared boundary includes coast, islands, source gaps, and unmatched edges; positive sliver overlaps are candidates for inspection. Neither metric proves completeness or a defect."
54988432B46858449148239,Bayramiç,6,32780.89,143.741,0.0,0,"Same-release edge screen only. Unshared boundary includes coast, islands, source gaps, and unmatched edges; positive sliver overlaps are candidates for inspection. Neither metric proves completeness or a defect."
54988432B49528694857663,Domaniç,4,48483.94,107.945,0,0,"Same-release edge screen only. Unshared boundary includes coast, islands, source gaps, and unmatched edges; positive sliver overlaps are candidates for inspection. Neither metric proves completeness or a defect."
54988432B49585252089849,Termal,3,28064.36,49.964,0.030256,0,"Same-release edge screen only. Unshared boundary includes coast, islands, source gaps, and unmatched edges; positive sliver overlaps are candidates for inspection. Neither metric proves completeness or a defect."
54988432B50131654423390,Gölcük,3,32310.86,92.39,0.224187,0,"Same-release edge screen only. Unshared boundary includes coast, islands, source gaps, and unmatched edges; positive sliver overlaps are candidates for inspection. Neither metric proves completeness or a defect."
54988432B50709390359139,Osmangazi,9,34901.3,185.57,0,0,"Same-release edge screen only. Unshared boundary includes coast, islands, source gaps, and unmatched edges; positive sliver overlaps are candidates for inspection. Neither metric proves completeness or a defect."
54988432B50977665989913,Sancaktepe,7,19832.36,53.999,0,0,"Same-release edge screen only. Unshared boundary includes coast, islands, source gaps, and unmatched edges; positive sliver overlaps are candidates for inspection. Neither metric proves completeness or a defect."
54988432B51380550593874,Tuzla,3,30166.9,93.089,0.378136,0,"Same-release edge screen only. Unshared boundary includes coast, islands, source gaps, and unmatched edges; positive sliver overlaps are candidates for inspection. Neither metric proves completeness or a defect."
54988432B51915781882505,Burdur (merkez),9,35331.05,190.429,0,0,"Same-release edge screen only. Unshared boundary includes coast, islands, source gaps, and unmatched edges; positive sliver overlaps are candidates for inspection. Neither metric proves completeness or a defect."
54988432B52278117237199,Soma,6,36766.19,153.965,0,0,"Same-release edge screen only. Unshared boundary includes coast, islands, source gaps, and unmatched edges; positive sliver overlaps are candidates for inspection. Neither metric proves completeness or a defect."
54988432B52458051755801,Acıpayam,13,62849.61,266.754,0,0,"Same-release edge screen only. Unshared boundary includes coast, islands, source gaps, and unmatched edges; positive sliver overlaps are candidates for inspection. Neither metric proves completeness or a defect."
54988432B52534848164203,Sivaslı,5,25952.36,93.146,0.0,0,"Same-release edge screen only. Unshared boundary includes coast, islands, source gaps, and unmatched edges; positive sliver overlaps are candidates for inspection. Neither metric proves completeness or a defect."
54988432B53180025567005,Balçova,3,18475.92,37.305,0.345285,0,"Same-release edge screen only. Unshared boundary includes coast, islands, source gaps, and unmatched edges; positive sliver overlaps are candidates for inspection. Neither metric proves completeness or a defect."
54988432B53536564577953,Marmara,0,0,125.194,1.0,0,"Same-release edge screen only. Unshared boundary includes coast, islands, source gaps, and unmatched edges; positive sliver overlaps are candidates for inspection. Neither metric proves completeness or a defect."
54988432B54492076476235,Ortaca,2,39555.97,118.74,0.397455,0,"Same-release edge screen only. Unshared boundary includes coast, islands, source gaps, and unmatched edges; positive sliver overlaps are candidates for inspection. Neither metric proves completeness or a defect."
54988432B54701256478195,Dilovası,2,35370.45,68.202,0.224775,0,"Same-release edge screen only. Unshared boundary includes coast, islands, source gaps, and unmatched edges; positive sliver overlaps are candidates for inspection. Neither metric proves completeness or a defect."
54988432B55107269659829,Torbalı,6,47044.4,170.429,0.0,0,"Same-release edge screen only. Unshared boundary includes coast, islands, source gaps, and unmatched edges; positive sliver overlaps are candidates for inspection. Neither metric proves completeness or a defect."
54988432B55699950689124,Karesi,5,82749.52,217.257,0,0,"Same-release edge screen only. Unshared boundary includes coast, islands, source gaps, and unmatched edges; positive sliver overlaps are candidates for inspection. Neither metric proves completeness or a defect."
54988432B57845000399714,Gölhisar,6,43791.11,147.092,0,0,"Same-release edge screen only. Unshared boundary includes coast, islands, source gaps, and unmatched edges; positive sliver overlaps are candidates for inspection. Neither metric proves completeness or a defect."
54988432B57864735744186,Şehzadeler,4,41820.63,111.383,0,0,"Same-release edge screen only. Unshared boundary includes coast, islands, source gaps, and unmatched edges; positive sliver overlaps are candidates for inspection. Neither metric proves completeness or a defect."
54988432B58500670466408,Çeltikçi,3,24065.72,57.19,0.0,0,"Same-release edge screen only. Unshared boundary includes coast, islands, source gaps, and unmatched edges; positive sliver overlaps are candidates for inspection. Neither metric proves completeness or a defect."
54988432B58741997056063,Bozdoğan,8,37961.67,165.452,0,0,"Same-release edge screen only. Unshared boundary includes coast, islands, source gaps, and unmatched edges; positive sliver overlaps are candidates for inspection. Neither metric proves completeness or a defect."
54988432B60831632759044,Yenice,7,39025.65,174.806,0,0,"Same-release edge screen only. Unshared boundary includes coast, islands, source gaps, and unmatched edges; positive sliver overlaps are candidates for inspection. Neither metric proves completeness or a defect."
54988432B61123808131498,Yatağan,4,47615.04,143.018,0,0,"Same-release edge screen only. Unshared boundary includes coast, islands, source gaps, and unmatched edges; positive sliver overlaps are candidates for inspection. Neither metric proves completeness or a defect."
54988432B61168253276741,Söke,6,53047.51,202.436,0.20448,0,"Same-release edge screen only. Unshared boundary includes coast, islands, source gaps, and unmatched edges; positive sliver overlaps are candidates for inspection. Neither metric proves completeness or a defect."
54988432B6129080988703,Karabağlar,8,19991.02,83.578,0,0,"Same-release edge screen only. Unshared boundary includes coast, islands, source gaps, and unmatched edges; positive sliver overlaps are candidates for inspection. Neither metric proves completeness or a defect."
54988432B61600421901359,Şaphane,5,41260.29,95.578,0,0,"Same-release edge screen only. Unshared boundary includes coast, islands, source gaps, and unmatched edges; positive sliver overlaps are candidates for inspection. Neither metric proves completeness or a defect."
54988432B61743790309044,Tire,7,51204.82,191.045,0,0,"Same-release edge screen only. Unshared boundary includes coast, islands, source gaps, and unmatched edges; positive sliver overlaps are candidates for inspection. Neither metric proves completeness or a defect."
54988432B62800627366200,Karpuzlu,3,29458.21,80.282,0,0,"Same-release edge screen only. Unshared boundary includes coast, islands, source gaps, and unmatched edges; positive sliver overlaps are candidates for inspection. Neither metric proves completeness or a defect."
54988432B6320038983636,Çivril,11,34782.43,216.679,0.0,0,"Same-release edge screen only. Unshared boundary includes coast, islands, source gaps, and unmatched edges; positive sliver overlaps are candidates for inspection. Neither metric proves completeness or a defect."
54988432B63915674608769,İvrindi,8,34082.95,156.713,0,0,"Same-release edge screen only. Unshared boundary includes coast, islands, source gaps, and unmatched edges; positive sliver overlaps are candidates for inspection. Neither metric proves completeness or a defect."
54988432B64593282211695,Güzelbahçe,4,21811.64,53.484,0.199899,0,"Same-release edge screen only. Unshared boundary includes coast, islands, source gaps, and unmatched edges; positive sliver overlaps are candidates for inspection. Neither metric proves completeness or a defect."
54988432B64689999411335,Merkezefendi,4,45054.55,95.52,0.0,0,"Same-release edge screen only. Unshared boundary includes coast, islands, source gaps, and unmatched edges; positive sliver overlaps are candidates for inspection. Neither metric proves completeness or a defect."
54988432B65104046804588,Çiğli,2,31943.27,100.123,0.535045,0,"Same-release edge screen only. Unshared boundary includes coast, islands, source gaps, and unmatched edges; positive sliver overlaps are candidates for inspection. Neither metric proves completeness or a defect."
54988432B65208484098159,Çameli,5,47970.09,136.549,0.0,0,"Same-release edge screen only. Unshared boundary includes coast, islands, source gaps, and unmatched edges; positive sliver overlaps are candidates for inspection. Neither metric proves completeness or a defect."
54988432B65548594921961,Mustafakemalpaşa,7,45620.04,197.982,0,0,"Same-release edge screen only. Unshared boundary includes coast, islands, source gaps, and unmatched edges; positive sliver overlaps are candidates for inspection. Neither metric proves completeness or a defect."
54988432B6573283101831,Armutlu,2,13865.98,68.2,0.663782,0,"Same-release edge screen only. Unshared boundary includes coast, islands, source gaps, and unmatched edges; positive sliver overlaps are candidates for inspection. Neither metric proves completeness or a defect."
54988432B65769294434717,Orhangazi,7,28628.12,96.232,0,0,"Same-release edge screen only. Unshared boundary includes coast, islands, source gaps, and unmatched edges; positive sliver overlaps are candidates for inspection. Neither metric proves completeness or a defect."
54988432B6640602467318,Emet,4,58033.03,169.181,0,0,"Same-release edge screen only. Unshared boundary includes coast, islands, source gaps, and unmatched edges; positive sliver overlaps are candidates for inspection. Neither metric proves completeness or a defect."
54988432B66595965845834,Fethiye,3,61181.49,304.831,0.637778,0,"Same-release edge screen only. Unshared boundary includes coast, islands, source gaps, and unmatched edges; positive sliver overlaps are candidates for inspection. Neither metric proves completeness or a defect."
54988432B67228037605884,Kırkağaç,5,45666.13,108.664,0,0,"Same-release edge screen only. Unshared boundary includes coast, islands, source gaps, and unmatched edges; positive sliver overlaps are candidates for inspection. Neither metric proves completeness or a defect."
54988432B67777118952628,Ayvalık,4,25721.49,251.939,0.72179,0,"Same-release edge screen only. Unshared boundary includes coast, islands, source gaps, and unmatched edges; positive sliver overlaps are candidates for inspection. Neither metric proves completeness or a defect."
54988432B67949060177809,Bornova,7,24114.03,85.51,0.0,0,"Same-release edge screen only. Unshared boundary includes coast, islands, source gaps, and unmatched edges; positive sliver overlaps are candidates for inspection. Neither metric proves completeness or a defect."
54988432B67969855832244,Milas,8,34842.82,390.192,0.526131,0,"Same-release edge screen only. Unshared boundary includes coast, islands, source gaps, and unmatched edges; positive sliver overlaps are candidates for inspection. Neither metric proves completeness or a defect."
54988432B67997917440066,Ödemiş,9,51204.82,215.06,0,0,"Same-release edge screen only. Unshared boundary includes coast, islands, source gaps, and unmatched edges; positive sliver overlaps are candidates for inspection. Neither metric proves completeness or a defect."
54988432B68647212812297,Bodrum,1,34842.82,357.459,0.902527,0,"Same-release edge screen only. Unshared boundary includes coast, islands, source gaps, and unmatched edges; positive sliver overlaps are candidates for inspection. Neither metric proves completeness or a defect."
54988432B69475506510516,Köprübaşı,4,39079.91,106.914,0.0,0,"Same-release edge screen only. Unshared boundary includes coast, islands, source gaps, and unmatched edges; positive sliver overlaps are candidates for inspection. Neither metric proves completeness or a defect."
54988432B69574392637180,Harmancık,5,38938.26,106.212,0,0,"Same-release edge screen only. Unshared boundary includes coast, islands, source gaps, and unmatched edges; positive sliver overlaps are candidates for inspection. Neither metric proves completeness or a defect."
54988432B69692013830482,Karacabey,5,45620.04,180.748,0.243743,0,"Same-release edge screen only. Unshared boundary includes coast, islands, source gaps, and unmatched edges; positive sliver overlaps are candidates for inspection. Neither metric proves completeness or a defect."
54988432B6973395963202,Yalova merkez,4,28064.36,78.669,0.184691,0,"Same-release edge screen only. Unshared boundary includes coast, islands, source gaps, and unmatched edges; positive sliver overlaps are candidates for inspection. Neither metric proves completeness or a defect."
54988432B70012419752472,Başiskele,6,32310.86,109.497,0.153055,0,"Same-release edge screen only. Unshared boundary includes coast, islands, source gaps, and unmatched edges; positive sliver overlaps are candidates for inspection. Neither metric proves completeness or a defect."
54988432B70042500930466,Gediz Merkez,7,44981.61,182.86,0,0,"Same-release edge screen only. Unshared boundary includes coast, islands, source gaps, and unmatched edges; positive sliver overlaps are candidates for inspection. Neither metric proves completeness or a defect."
54988432B70315199389199,Orhaneli,6,51844.22,196.071,0,0,"Same-release edge screen only. Unshared boundary includes coast, islands, source gaps, and unmatched edges; positive sliver overlaps are candidates for inspection. Neither metric proves completeness or a defect."
54988432B70515567552987,Turgutlu,7,27771.75,117.97,0.0,0,"Same-release edge screen only. Unshared boundary includes coast, islands, source gaps, and unmatched edges; positive sliver overlaps are candidates for inspection. Neither metric proves completeness or a defect."
54988432B70813006049679,Mudanya,4,46307.41,141.837,0.366557,0,"Same-release edge screen only. Unshared boundary includes coast, islands, source gaps, and unmatched edges; positive sliver overlaps are candidates for inspection. Neither metric proves completeness or a defect."
54988432B72271864351662,Pamukkale,8,45054.55,210.637,0,0,"Same-release edge screen only. Unshared boundary includes coast, islands, source gaps, and unmatched edges; positive sliver overlaps are candidates for inspection. Neither metric proves completeness or a defect."
54988432B73072447730570,Dalaman,5,40025.01,226.511,0.398101,0,"Same-release edge screen only. Unshared boundary includes coast, islands, source gaps, and unmatched edges; positive sliver overlaps are candidates for inspection. Neither metric proves completeness or a defect."
54988432B73294820193521,Çiftlikköy,3,22175.98,60.667,0.263301,0,"Same-release edge screen only. Unshared boundary includes coast, islands, source gaps, and unmatched edges; positive sliver overlaps are candidates for inspection. Neither metric proves completeness or a defect."
54988432B74105915560914,Ula,3,49959.29,115.505,0.076211,0,"Same-release edge screen only. Unshared boundary includes coast, islands, source gaps, and unmatched edges; positive sliver overlaps are candidates for inspection. Neither metric proves completeness or a defect."
54988432B7457666939336,Çınarcık,3,15810.07,76.191,0.451121,0,"Same-release edge screen only. Unshared boundary includes coast, islands, source gaps, and unmatched edges; positive sliver overlaps are candidates for inspection. Neither metric proves completeness or a defect."
54988432B75995786409497,Akhisar,7,47880.81,198.698,0.0,0,"Same-release edge screen only. Unshared boundary includes coast, islands, source gaps, and unmatched edges; positive sliver overlaps are candidates for inspection. Neither metric proves completeness or a defect."
54988432B76125229912177,Bergama,8,67169.55,312.789,0.067019,0,"Same-release edge screen only. Unshared boundary includes coast, islands, source gaps, and unmatched edges; positive sliver overlaps are candidates for inspection. Neither metric proves completeness or a defect."
54988432B76333131904133,Alaşehir,6,49891.18,176.889,0,0,"Same-release edge screen only. Unshared boundary includes coast, islands, source gaps, and unmatched edges; positive sliver overlaps are candidates for inspection. Neither metric proves completeness or a defect."
54988432B77407650026764,Çayırova,2,14445.38,25.627,0,0,"Same-release edge screen only. Unshared boundary includes coast, islands, source gaps, and unmatched edges; positive sliver overlaps are candidates for inspection. Neither metric proves completeness or a defect."
54988432B77607425257095,Bigadiç,4,74553.88,190.142,0,0,"Same-release edge screen only. Unshared boundary includes coast, islands, source gaps, and unmatched edges; positive sliver overlaps are candidates for inspection. Neither metric proves completeness or a defect."
54988432B78199019874123,Aslanapa,5,42871.72,137.06,0,0,"Same-release edge screen only. Unshared boundary includes coast, islands, source gaps, and unmatched edges; positive sliver overlaps are candidates for inspection. Neither metric proves completeness or a defect."
54988432B78684581776772,Çal,8,42766.71,172.421,0.0,0,"Same-release edge screen only. Unshared boundary includes coast, islands, source gaps, and unmatched edges; positive sliver overlaps are candidates for inspection. Neither metric proves completeness or a defect."
54988432B78779774927417,Buldan,7,34543.1,123.313,0,0,"Same-release edge screen only. Unshared boundary includes coast, islands, source gaps, and unmatched edges; positive sliver overlaps are candidates for inspection. Neither metric proves completeness or a defect."
54988432B79409783151776,Gölmarmara,5,26585.51,84.358,0.0,0,"Same-release edge screen only. Unshared boundary includes coast, islands, source gaps, and unmatched edges; positive sliver overlaps are candidates for inspection. Neither metric proves completeness or a defect."
54988432B79652739540199,Şile,7,46228.95,216.328,0.358873,0,"Same-release edge screen only. Unshared boundary includes coast, islands, source gaps, and unmatched edges; positive sliver overlaps are candidates for inspection. Neither metric proves completeness or a defect."
54988432B79784154417408,Seydikemer,8,70389.07,286.946,0.163494,0,"Same-release edge screen only. Unshared boundary includes coast, islands, source gaps, and unmatched edges; positive sliver overlaps are candidates for inspection. Neither metric proves completeness or a defect."
54988432B80108419437417,Lapseki,3,35775.4,153.003,0.518216,0,"Same-release edge screen only. Unshared boundary includes coast, islands, source gaps, and unmatched edges; positive sliver overlaps are candidates for inspection. Neither metric proves completeness or a defect."
54988432B80335300627236,Sarayköy,7,30606.43,136.796,0,0,"Same-release edge screen only. Unshared boundary includes coast, islands, source gaps, and unmatched edges; positive sliver overlaps are candidates for inspection. Neither metric proves completeness or a defect."
54988432B80615389544588,Bucak,10,32431.34,180.754,0.0,0,"Same-release edge screen only. Unshared boundary includes coast, islands, source gaps, and unmatched edges; positive sliver overlaps are candidates for inspection. Neither metric proves completeness or a defect."
54988432B8063224387677,Büyükorhan,4,51844.22,137.215,0.0,0,"Same-release edge screen only. Unshared boundary includes coast, islands, source gaps, and unmatched edges; positive sliver overlaps are candidates for inspection. Neither metric proves completeness or a defect."
54988432B8068662711190,Menteşe,8,49959.29,237.869,0.131154,0,"Same-release edge screen only. Unshared boundary includes coast, islands, source gaps, and unmatched edges; positive sliver overlaps are candidates for inspection. Neither metric proves completeness or a defect."
54988432B80772091068357,Edremit,5,32780.89,124.891,0.276866,0,"Same-release edge screen only. Unshared boundary includes coast, islands, source gaps, and unmatched edges; positive sliver overlaps are candidates for inspection. Neither metric proves completeness or a defect."
54988432B81237191806076,Didim,2,31869.78,180.869,0.689564,0,"Same-release edge screen only. Unshared boundary includes coast, islands, source gaps, and unmatched edges; positive sliver overlaps are candidates for inspection. Neither metric proves completeness or a defect."
54988432B81711897085768,Ulubey,6,46060.64,137.412,0,0,"Same-release edge screen only. Unshared boundary includes coast, islands, source gaps, and unmatched edges; positive sliver overlaps are candidates for inspection. Neither metric proves completeness or a defect."
54988432B81969335457168,Buharkent,3,24956.55,64.148,0.0,0,"Same-release edge screen only. Unshared boundary includes coast, islands, source gaps, and unmatched edges; positive sliver overlaps are candidates for inspection. Neither metric proves completeness or a defect."
54988432B82856135372204,Baklan,4,38058.87,90.045,0,0,"Same-release edge screen only. Unshared boundary includes coast, islands, source gaps, and unmatched edges; positive sliver overlaps are candidates for inspection. Neither metric proves completeness or a defect."
54988432B83298049825125,Karamanlı,4,37456.32,99.476,0,0,"Same-release edge screen only. Unshared boundary includes coast, islands, source gaps, and unmatched edges; positive sliver overlaps are candidates for inspection. Neither metric proves completeness or a defect."
54988432B83633646725804,Kiraz,5,49891.18,143.632,0,0,"Same-release edge screen only. Unshared boundary includes coast, islands, source gaps, and unmatched edges; positive sliver overlaps are candidates for inspection. Neither metric proves completeness or a defect."
54988432B83968093361276,Karahallı,5,24171.94,79.898,0,0,"Same-release edge screen only. Unshared boundary includes coast, islands, source gaps, and unmatched edges; positive sliver overlaps are candidates for inspection. Neither metric proves completeness or a defect."
54988432B83996271763455,Karşıyaka,4,14609.22,53.094,0.226586,0,"Same-release edge screen only. Unshared boundary includes coast, islands, source gaps, and unmatched edges; positive sliver overlaps are candidates for inspection. Neither metric proves completeness or a defect."
54988432B84046531787884,Köşk,3,38890.14,80.553,0,0,"Same-release edge screen only. Unshared boundary includes coast, islands, source gaps, and unmatched edges; positive sliver overlaps are candidates for inspection. Neither metric proves completeness or a defect."
54988432B8459545237186,Nazilli,6,42976.75,148.155,0,0,"Same-release edge screen only. Unshared boundary includes coast, islands, source gaps, and unmatched edges; positive sliver overlaps are candidates for inspection. Neither metric proves completeness or a defect."
54988432B86259306109163,Tavas,7,62849.61,225.959,0.0,0,"Same-release edge screen only. Unshared boundary includes coast, islands, source gaps, and unmatched edges; positive sliver overlaps are candidates for inspection. Neither metric proves completeness or a defect."
54988432B8708369070409,Çavdarhisar,4,42871.72,119.522,0,0,"Same-release edge screen only. Unshared boundary includes coast, islands, source gaps, and unmatched edges; positive sliver overlaps are candidates for inspection. Neither metric proves completeness or a defect."
54988432B87552585727000,Hisarcık,3,46085.35,90.272,0.0,0,"Same-release edge screen only. Unshared boundary includes coast, islands, source gaps, and unmatched edges; positive sliver overlaps are candidates for inspection. Neither metric proves completeness or a defect."
54988432B88821463332228,Derince,4,41254.79,107.382,0.082651,0,"Same-release edge screen only. Unshared boundary includes coast, islands, source gaps, and unmatched edges; positive sliver overlaps are candidates for inspection. Neither metric proves completeness or a defect."
54988432B88923492741350,Kandıra,5,66315.08,256.134,0.306749,0,"Same-release edge screen only. Unshared boundary includes coast, islands, source gaps, and unmatched edges; positive sliver overlaps are candidates for inspection. Neither metric proves completeness or a defect."
54988432B88971047069977,Burhaniye,6,20938.56,106.285,0.219172,0,"Same-release edge screen only. Unshared boundary includes coast, islands, source gaps, and unmatched edges; positive sliver overlaps are candidates for inspection. Neither metric proves completeness or a defect."
54988432B8910528917269,İzmit,6,66315.08,180.288,0.079511,0,"Same-release edge screen only. Unshared boundary includes coast, islands, source gaps, and unmatched edges; positive sliver overlaps are candidates for inspection. Neither metric proves completeness or a defect."
54988432B9070985819609,Efeler,7,38890.14,144.352,0,0,"Same-release edge screen only. Unshared boundary includes coast, islands, source gaps, and unmatched edges; positive sliver overlaps are candidates for inspection. Neither metric proves completeness or a defect."
54988432B90803924076576,Ağlasun,5,38745.94,80.721,0,0,"Same-release edge screen only. Unshared boundary includes coast, islands, source gaps, and unmatched edges; positive sliver overlaps are candidates for inspection. Neither metric proves completeness or a defect."
54988432B90947496422305,Tavşanlı,10,58033.03,252.068,0.0,0,"Same-release edge screen only. Unshared boundary includes coast, islands, source gaps, and unmatched edges; positive sliver overlaps are candidates for inspection. Neither metric proves completeness or a defect."
54988432B91646102966816,Selçuk,6,26643.95,109.228,0.069719,0,"Same-release edge screen only. Unshared boundary includes coast, islands, source gaps, and unmatched edges; positive sliver overlaps are candidates for inspection. Neither metric proves completeness or a defect."
54988432B9177912033932,Beydağ,4,23822.86,67.241,0.0,0,"Same-release edge screen only. Unshared boundary includes coast, islands, source gaps, and unmatched edges; positive sliver overlaps are candidates for inspection. Neither metric proves completeness or a defect."
54988432B94516152709384,Prince Islands,0,0,45.947,1.0,0,"Same-release edge screen only. Unshared boundary includes coast, islands, source gaps, and unmatched edges; positive sliver overlaps are candidates for inspection. Neither metric proves completeness or a defect."
54988432B94612974297738,Bayındır,5,46246.44,141.565,0,0,"Same-release edge screen only. Unshared boundary includes coast, islands, source gaps, and unmatched edges; positive sliver overlaps are candidates for inspection. Neither metric proves completeness or a defect."
54988432B94880790490903,Simav,9,70778.73,260.177,0.0,0,"Same-release edge screen only. Unshared boundary includes coast, islands, source gaps, and unmatched edges; positive sliver overlaps are candidates for inspection. Neither metric proves completeness or a defect."
54988432B95140172364371,Bekilli,4,37384.66,105.326,0.0,0,"Same-release edge screen only. Unshared boundary includes coast, islands, source gaps, and unmatched edges; positive sliver overlaps are candidates for inspection. Neither metric proves completeness or a defect."
54988432B95867498741596,Gördes,6,55344.95,166.166,0.0,0,"Same-release edge screen only. Unshared boundary includes coast, islands, source gaps, and unmatched edges; positive sliver overlaps are candidates for inspection. Neither metric proves completeness or a defect."
54988432B96423732732859,Çavdır,5,31480.28,106.678,0,0,"Same-release edge screen only. Unshared boundary includes coast, islands, source gaps, and unmatched edges; positive sliver overlaps are candidates for inspection. Neither metric proves completeness or a defect."
54988432B96933409073399,Kuşadası,2,53047.51,152.332,0.49297,0,"Same-release edge screen only. Unshared boundary includes coast, islands, source gaps, and unmatched edges; positive sliver overlaps are candidates for inspection. Neither metric proves completeness or a defect."
54988432B96952912352901,Sındırgı,7,74553.88,191.096,0,0,"Same-release edge screen only. Unshared boundary includes coast, islands, source gaps, and unmatched edges; positive sliver overlaps are candidates for inspection. Neither metric proves completeness or a defect."
54988432B9710176470958,Bandırma,5,34358.97,142.189,0.392741,0,"Same-release edge screen only. Unshared boundary includes coast, islands, source gaps, and unmatched edges; positive sliver overlaps are candidates for inspection. Neither metric proves completeness or a defect."
54988432B97259494958593,Honaz,5,41692.78,130.417,0.0,0,"Same-release edge screen only. Unshared boundary includes coast, islands, source gaps, and unmatched edges; positive sliver overlaps are candidates for inspection. Neither metric proves completeness or a defect."
54988432B97290216608091,Serinhisar,4,27408.02,65.088,0,0,"Same-release edge screen only. Unshared boundary includes coast, islands, source gaps, and unmatched edges; positive sliver overlaps are candidates for inspection. Neither metric proves completeness or a defect."
54988432B9750170463020,Çanakkale merkez,4,35775.4,181.272,0.361608,0,"Same-release edge screen only. Unshared boundary includes coast, islands, source gaps, and unmatched edges; positive sliver overlaps are candidates for inspection. Neither metric proves completeness or a defect."
54988432B97522403673638,Biga,4,34514.3,190.994,0.462774,0,"Same-release edge screen only. Unshared boundary includes coast, islands, source gaps, and unmatched edges; positive sliver overlaps are candidates for inspection. Neither metric proves completeness or a defect."
54988432B98936853989480,Urla,4,41324.74,291.623,0.638631,0,"Same-release edge screen only. Unshared boundary includes coast, islands, source gaps, and unmatched edges; positive sliver overlaps are candidates for inspection. Neither metric proves completeness or a defect."
54988432B98947703445317,Gömeç,2,22735.23,63.406,0.339839,0,"Same-release edge screen only. Unshared boundary includes coast, islands, source gaps, and unmatched edges; positive sliver overlaps are candidates for inspection. Neither metric proves completeness or a defect."
54988432B9927108056692,Dumlupınar,4,56172.47,110.142,0,0,"Same-release edge screen only. Unshared boundary includes coast, islands, source gaps, and unmatched edges; positive sliver overlaps are candidates for inspection. Neither metric proves completeness or a defect."
