path,sha256,bytes
data/geography/part-0.json,bcad5408720e0f50165e794636fd44e02913e5e4649d73c8aa422b94562d32f3,8539839
data/geography/part-1.json,4f267b0bd2e29d2b6fcac27695dc60c919317f58d43cabef21518b5cdfde5ee7,8060108
data/geography/part-2.json,93eeb8f5dab7d8ca6c86593f7ab7b1310312757abcef33d4e7200a270624a1bf,6259307
data/geography/part-3.json,e28e1ef867d6550ad65964125bd86a8f1d0919e4834e0d920af4046145a00617,5153118
data/geography/part-4.json,e204a879e160f8b22ccfff698e8063a79d91cdba5ef7aa87df94661323b0bd3c,4835479
data/geography/part-5.json,20215ef8574bcf8958b3177868a7e7a8bbe206e4770ae7824915e233a90e7cbc,5226173
data/geography/part-6.json,dc494911da2e31191a3e3020006f67a19678a678d0590f379649302d1a2c299a,4607953
data/geography/part-7.json,1b2ecda65dc41e5327f4a3ef364066f3a5285aaa85e1cdfa552fc0deb2213387,4257402
data/geography/part-8.json,2b0b335d6d7d494eac24da313c99834a7c602390e5302d4cf00049244893a3d1,5097739
data/geography/part-9.json,9a3bd8c8846cad2cd4ff681cf1f9341b876fdba4041214c52dcefecb5918aba6,5729632
data/geography/part-10.json,ead134bcf52c068ef2893dfc9a976781bd80d7162cc1f2bfab763acbb22357a2,5144571
data/geography/part-11.json,97271c7b246c44dcb1f2c349590fd7b2e590f5b6c79087e8140c5ae49b5e941f,5131824
data/geography/part-12.json,24b44617b0164913f598c94c2c1b36e1a2321f0456644cc20e7f2856955b03f7,4489493
data/geography/part-13.json,90b032861ecae8a4df9a8b5386eccfb20a7243c264dbf79994b54c5297e6f6c1,5709487
data/geography/part-14.json,c8d08cd2264f3bcc94d672ba84d0b4b8c5a2d83205b23ca43104054ceaa971f0,4355198
data/geography/part-15.json,6f763059820d14a4eab78173a756a8869821dd810e94f77c20eb5510c6cfb1df,5180426
data/geography/part-16.json,b51719f7ff906a3c2c4dfdfea706ea51aa9541d550cc990b14191c046fb20797,5213846
data/geography/part-17.json,5e79cd74b4bafb8259ce6f7b95ae256d10aaeb2ccd4980c7155c900930c923db,4945828
data/geography/part-18.json,ba4eecfef6b5209da88accbea9d112def3ad91170c8eeaf7ff2816847b27c123,4909063
data/geography/part-19.json,baeade0e3ad11cdd65beb101e7b79284ae2b6ee8794f9b08e86631c7f20e6269,4583022
data/geography/part-20.json,9dda1b495f3e9934d23c99d3ba1c6a631078798c42c5ddb060dc5238a32b7c9f,6570767
data/geography/part-21.json,d7b850e9fd2e3cc49044aa10218351831acc1d159b6f5eb1ef67a2ddae9f46d7,6737781
data/geography/part-22.json,f7ac47c8a9012651773264a31bfd6b360394ad029dd1f9cf88d63150953070d3,4746385
data/geography/part-23.json,d61082ccd69b319723fadc4cad582b8d5c8a8ced3e50b4f90f00b4eb17e6a9c2,4962410
data/geography/part-24.json,b816b89f2d6b9e4aed1bca44748e1ca74e775a8f850793c7b3e8751d88a9705c,4816899
data/geography/part-25.json,dada55df1b7f0f2a2b307f4aea071d0e48791e3105875755fe74a292a6763394,4525239
data/geography/part-26.json,44de5da3531f5641e0496ab7b01ed73871b40705e2a3eafdda470926872b6632,4608983
data/geography/part-27.json,e8df7555853e9262162c5e5d5c85e5c30be3fa8f0e6339bafec0e08323054758,4863162
data/geography/part-28.json,2aab2f36aeeb651ee8e6cc656e9541ad14e2ced2ea8160e8700ad4dc950c379d,6613963
data/geography/part-29.json,077e3bdfb18a42318e27bad840bba823a5049ced449407584fb4b9be2ef67c7a,12932167
data/geography/part-30.json,d575442fef21582fe3e262a829059b71c40976e2a0708dcccd451d54c03adb0a,11979437
data/geography/part-31.json,44aa2906be9146ea8640a019c5a377c74395063999409061aec46bde66ef040e,10086485
data/geography/part-32.json,00f3dbcca1a5ff99c8b7c430ca96287acc88bd95e52524e01984ee23aba7ef64,10211739
data/geography/part-33.json,d928d47bb6fa49813b6582ad650c7c91c771c13e3caeca488abf97ad3d4a55fe,607984
data/geography/source-restoration-additions.json,04c557f16bab13aad0f23233f97fc750e113e9faffbd1556e4dd93cc69f5b9f9,1573576
data/geography/macro-loose-ends-v5-additions.json,8f49c003f2277593041f3526c97b58252599cd53f20abf27fd6a6eb62cfdb5d1,11393
