source_id,source_name,census2018_geoid,census2018_name,census2018_lsad,census2018_iou_equal_area,census2018_source_coverage_equal_area,census2018_iou_shared_wgs84,tiger2026_geoid,tiger2026_name,tiger2026_basename,tiger2026_lsadc,tiger2026_functional_status,tiger2026_iou_equal_area,tiger2026_iou_shared_wgs84,tiger2026_source_coverage_equal_area
gb:USA:ADM2:52423323B47097694246075,Kent,10001,Kent,06,0.99221264,0.99560779,0.99220473,10001,Kent County,Kent,06,A,0.74621883,0.74620886,0.99730538
gb:USA:ADM2:52423323B5401944400866,New Castle,10003,New Castle,06,0.96535945,0.96711333,0.96535727,10003,New Castle County,New Castle,06,A,0.90295198,0.90294894,0.9968324
gb:USA:ADM2:52423323B18332977345719,Sussex,10005,Sussex,06,0.99699391,0.99777686,0.9969954,10005,Sussex County,Sussex,06,A,0.81712038,0.81711408,0.99872534
gb:USA:ADM2:52423323B55530972166869,District of Columbia,11001,District of Columbia,00,0.99768981,0.99874022,0.99771087,11001,District of Columbia,District of Columbia,00,F,0.99212138,0.99211761,0.99621288
gb:USA:ADM2:52423323B81858638532101,Allegany,24001,Allegany,06,0.99188375,0.9940059,0.9919411,24001,Allegany County,Allegany,06,A,0.98979144,0.98984061,0.99300954
gb:USA:ADM2:52423323B67559228618519,Anne Arundel,24003,Anne Arundel,06,0.97402729,0.98275005,0.97402616,24003,Anne Arundel County,Anne Arundel,06,A,0.76400855,0.76400858,0.99487699
gb:USA:ADM2:52423323B66089118468318,Baltimore,24005,Baltimore,06,0.9735881,0.97971443,0.97358426,24005,Baltimore County,Baltimore,06,A,0.91637227,0.91636927,0.99561637
gb:USA:ADM2:52423323B93110691068578,Calvert,24009,Calvert,06,0.985477,0.99264539,0.98547967,24009,Calvert County,Calvert,06,A,0.68304037,0.68303999,0.99498504
gb:USA:ADM2:52423323B10584672826222,Caroline,24011,Caroline,06,0.98260278,0.98920421,0.9825929,24011,Caroline County,Caroline,06,A,0.98272291,0.98271088,0.9890458
gb:USA:ADM2:52423323B73545009733824,Carroll,24013,Carroll,06,0.98420089,0.99066221,0.98421666,24013,Carroll County,Carroll,06,A,0.98376085,0.98377817,0.99027304
gb:USA:ADM2:52423323B74434071620295,Cecil,24015,Cecil,06,0.97796418,0.9819946,0.97800652,24015,Cecil County,Cecil,06,A,0.90398316,0.90402389,0.99411636
gb:USA:ADM2:52423323B57744592027693,Charles,24017,Charles,06,0.98971977,0.99330985,0.98971206,24017,Charles County,Charles,06,A,0.75137786,0.75137342,0.99677159
gb:USA:ADM2:52423323B10442929932087,Dorchester,24019,Dorchester,06,0.91239834,0.9185179,0.91239701,24019,Dorchester County,Dorchester,06,A,0.65510186,0.6550992,0.99724389
gb:USA:ADM2:52423323B20560007602633,Frederick,24021,Frederick,06,0.99117116,0.99596181,0.99123153,24021,Frederick County,Frederick,06,A,0.99057798,0.99063987,0.9955666
gb:USA:ADM2:52423323B87744490422478,Garrett,24023,Garrett,06,0.99587737,0.99732581,0.99603995,24023,Garrett County,Garrett,06,A,0.9950107,0.99510961,0.99684666
gb:USA:ADM2:52423323B62898369623051,Harford,24025,Harford,06,0.98121377,0.9899851,0.98122365,24025,Harford County,Harford,06,A,0.85072715,0.85073766,0.99536793
gb:USA:ADM2:52423323B13837989487105,Howard,24027,Howard,06,0.97678286,0.98990104,0.97677844,24027,Howard County,Howard,06,A,0.97638206,0.97637736,0.98975417
gb:USA:ADM2:52423323B63738133159827,Kent,24029,Kent,06,0.98283509,0.99066093,0.98283237,24029,Kent County,Kent,06,A,0.72603862,0.72603577,0.99649735
gb:USA:ADM2:52423323B79763443872127,Montgomery,24031,Montgomery,06,0.99403825,0.99700511,0.99407041,24031,Montgomery County,Montgomery,06,A,0.99272609,0.99275714,0.9962974
gb:USA:ADM2:52423323B69501139245181,Prince George's,24033,Prince George's,06,0.98748064,0.99257897,0.98748043,24033,Prince George's County,Prince George's,06,A,0.98697372,0.98696975,0.99235871
gb:USA:ADM2:52423323B53512454602615,Queen Anne's,24035,Queen Anne's,06,0.97538155,0.98298825,0.97536939,24035,Queen Anne's County,Queen Anne's,06,A,0.77663478,0.77662488,0.99703318
gb:USA:ADM2:52423323B54982247892787,St. Mary's,24037,St. Mary's,06,0.98170555,0.98783064,0.98170121,24037,St. Mary's County,St. Mary's,06,A,0.52775463,0.52775218,0.99824132
gb:USA:ADM2:52423323B97218068880690,Somerset,24039,Somerset,06,0.92579301,0.93410805,0.92579515,24039,Somerset County,Somerset,06,A,0.60071999,0.60071346,0.99469787
gb:USA:ADM2:52423323B33050228676147,Talbot,24041,Talbot,06,0.93762521,0.94982583,0.93760811,24041,Talbot County,Talbot,06,A,0.66488351,0.66487138,0.99570409
gb:USA:ADM2:52423323B42185126778068,Washington,24043,Washington,06,0.99091137,0.99497017,0.9909649,24043,Washington County,Washington,06,A,0.98938862,0.98945175,0.99416016
gb:USA:ADM2:52423323B57942162225750,Wicomico,24045,Wicomico,06,0.98261404,0.9887001,0.98263061,24045,Wicomico County,Wicomico,06,A,0.95464837,0.95467167,0.99426017
gb:USA:ADM2:52423323B30792684212291,Worcester,24047,Worcester,06,0.99181444,0.99531181,0.99183487,24047,Worcester County,Worcester,06,A,0.83587158,0.83588989,0.99593995
gb:USA:ADM2:52423323B61620821136351,Baltimore,24510,Baltimore,25,0.99094342,0.99602871,0.99093466,24510,Baltimore city,Baltimore,25,F,0.93590212,0.93589012,0.99901938
gb:USA:ADM2:52423323B3829311906310,Accomack,51001,Accomack,06,0.94697328,0.95066672,0.9469824,51001,Accomack County,Accomack,06,A,0.44971094,0.44971422,0.99900985
gb:USA:ADM2:52423323B56828641203792,Albemarle,51003,Albemarle,06,0.99199884,0.99609447,0.99210473,51003,Albemarle County,Albemarle,06,A,0.99172832,0.99183038,0.99594091
gb:USA:ADM2:52423323B98593470147250,Alleghany,51005,Alleghany,06,0.99065026,0.99613118,0.99065817,51005,Alleghany County,Alleghany,06,A,0.9896674,0.98968052,0.99546228
gb:USA:ADM2:52423323B30039093063253,Amelia,51007,Amelia,06,0.97855116,0.99011478,0.97831317,51007,Amelia County,Amelia,06,A,0.97469848,0.97525062,0.99143975
gb:USA:ADM2:52423323B69498607463637,Amherst,51009,Amherst,06,0.98294638,0.99222903,0.98293878,51009,Amherst County,Amherst,06,A,0.98266589,0.98265746,0.99207766
gb:USA:ADM2:52423323B11653599208682,Appomattox,51011,Appomattox,06,0.98427781,0.98954527,0.98427401,51011,Appomattox County,Appomattox,06,A,0.98354798,0.98350086,0.98946294
gb:USA:ADM2:52423323B5979795321834,Arlington,51013,Arlington,06,0.98831632,0.99494147,0.98832014,51013,Arlington County,Arlington,06,A,0.98116653,0.98117011,0.99298578
gb:USA:ADM2:52423323B12422495570897,Augusta,51015,Augusta,06,0.99133242,0.99600773,0.99143383,51015,Augusta County,Augusta,06,A,0.99111988,0.99121054,0.9959353
gb:USA:ADM2:52423323B67165300016229,Bath,51017,Bath,06,0.99542942,0.99790826,0.99541795,51017,Bath County,Bath,06,A,0.99460657,0.99459266,0.99754555
gb:USA:ADM2:52423323B54527042369331,Bedford,51019,Bedford,06,0.98661759,0.99397665,0.98665626,51019,Bedford County,Bedford,06,A,0.98628347,0.98632922,0.99390169
gb:USA:ADM2:52423323B69733350271786,Bland,51021,Bland,06,0.99180239,0.99597948,0.99180987,51021,Bland County,Bland,06,A,0.99141938,0.9914296,0.99573263
gb:USA:ADM2:52423323B68176065180378,Botetourt,51023,Botetourt,06,0.99266797,0.9955511,0.99267024,51023,Botetourt County,Botetourt,06,A,0.99252943,0.99253322,0.99544417
gb:USA:ADM2:52423323B81794137886783,Brunswick,51025,Brunswick,06,0.9945578,0.997456,0.99461859,51025,Brunswick County,Brunswick,06,A,0.9941905,0.9942487,0.99745121
gb:USA:ADM2:52423323B31243309181200,Buchanan,51027,Buchanan,06,0.98997636,0.99393701,0.98998242,51027,Buchanan County,Buchanan,06,A,0.98856832,0.988576,0.99328287
gb:USA:ADM2:52423323B13800680110196,Buckingham,51029,Buckingham,06,0.99017701,0.99560629,0.98987566,51029,Buckingham County,Buckingham,06,A,0.98964845,0.98933952,0.99516433
gb:USA:ADM2:52423323B79148306227906,Campbell,51031,Campbell,06,0.98818124,0.99449073,0.98827701,51031,Campbell County,Campbell,06,A,0.98746048,0.98756487,0.99407233
gb:USA:ADM2:52423323B80552302614844,Caroline,51033,Caroline,06,0.98240071,0.99114945,0.98240024,51033,Caroline County,Caroline,06,A,0.98190284,0.98190019,0.99060323
gb:USA:ADM2:52423323B67213994526810,Carroll,51035,Carroll,06,0.99357914,0.9972775,0.9935876,51035,Carroll County,Carroll,06,A,0.99311738,0.99318549,0.99692316
gb:USA:ADM2:52423323B29460047799431,Charles City,51036,Charles City,06,0.97124195,0.98477479,0.97124572,51036,Charles City County,Charles City,06,A,0.953175,0.95317956,0.98504744
gb:USA:ADM2:52423323B81085742226913,Charlotte,51037,Charlotte,06,0.98855604,0.99444892,0.98867573,51037,Charlotte County,Charlotte,06,A,0.98832181,0.98845698,0.99436376
gb:USA:ADM2:52423323B79488300167847,Chesterfield,51041,Chesterfield,06,0.97741615,0.98642425,0.97742428,51041,Chesterfield County,Chesterfield,06,A,0.97703369,0.97704384,0.98628504
gb:USA:ADM2:52423323B97176580342978,Clarke,51043,Clarke,06,0.9844707,0.9927558,0.98474353,51043,Clarke County,Clarke,06,A,0.9838847,0.98397422,0.99250494
gb:USA:ADM2:52423323B43550826235883,Craig,51045,Craig,06,0.99124523,0.99591579,0.99124793,51045,Craig County,Craig,06,A,0.99079008,0.99078446,0.99576937
gb:USA:ADM2:52423323B12742800071911,Culpeper,51047,Culpeper,06,0.97491287,0.98478117,0.97492024,51047,Culpeper County,Culpeper,06,A,0.97443535,0.97444011,0.98444096
gb:USA:ADM2:52423323B14304412427798,Cumberland,51049,Cumberland,06,0.98092904,0.98968711,0.98029771,51049,Cumberland County,Cumberland,06,A,0.98051427,0.97992323,0.98941602
gb:USA:ADM2:52423323B95465439207253,Dickenson,51051,Dickenson,06,0.9891948,0.99422627,0.9891973,51051,Dickenson County,Dickenson,06,A,0.98833393,0.98834313,0.99374063
gb:USA:ADM2:52423323B1471868518532,Dinwiddie,51053,Dinwiddie,06,0.98763358,0.99568188,0.9877203,51053,Dinwiddie County,Dinwiddie,06,A,0.98750985,0.9876177,0.99558254
gb:USA:ADM2:52423323B13977309866060,Essex,51057,Essex,06,0.96657637,0.98779226,0.96657105,51057,Essex County,Essex,06,A,0.90673477,0.90672584,0.98985652
gb:USA:ADM2:52423323B7849589815213,Fairfax,51059,Fairfax,06,0.98433618,0.99032593,0.98433978,51059,Fairfax County,Fairfax,06,A,0.98113441,0.98114063,0.99413741
gb:USA:ADM2:52423323B4904973156083,Fauquier,51061,Fauquier,06,0.9887056,0.9948183,0.98858387,51061,Fauquier County,Fauquier,06,A,0.98855982,0.98843168,0.99474952
gb:USA:ADM2:52423323B13194007767030,Floyd,51063,Floyd,06,0.98283359,0.990548,0.98284706,51063,Floyd County,Floyd,06,A,0.98233997,0.98240183,0.99042608
gb:USA:ADM2:52423323B11233597395772,Fluvanna,51065,Fluvanna,06,0.99331257,0.99564197,0.99356861,51065,Fluvanna County,Fluvanna,06,A,0.9908019,0.99100857,0.99309045
gb:USA:ADM2:52423323B83651152467254,Franklin,51067,Franklin,06,0.98696295,0.99385186,0.98696424,51067,Franklin County,Franklin,06,A,0.98672533,0.98672826,0.99372358
gb:USA:ADM2:52423323B68030863312797,Frederick,51069,Frederick,06,0.9867246,0.99232537,0.98673672,51069,Frederick County,Frederick,06,A,0.98522482,0.9852366,0.99158986
gb:USA:ADM2:52423323B66517742770960,Giles,51071,Giles,06,0.99502327,0.99768621,0.99504283,51071,Giles County,Giles,06,A,0.99404819,0.99406409,0.9972143
gb:USA:ADM2:52423323B10302998803932,Gloucester,51073,Gloucester,06,0.95782111,0.9701245,0.9578305,51073,Gloucester County,Gloucester,06,A,0.86685546,0.86686268,0.99384678
gb:USA:ADM2:52423323B67419476336365,Goochland,51075,Goochland,06,0.98398806,0.99268515,0.9839855,51075,Goochland County,Goochland,06,A,0.96527062,0.96520507,0.98669279
gb:USA:ADM2:52423323B9140975036391,Grayson,51077,Grayson,06,0.99247572,0.99637722,0.99250734,51077,Grayson County,Grayson,06,A,0.99168647,0.99171689,0.99619219
gb:USA:ADM2:52423323B83687040652424,Greene,51079,Greene,06,0.97728839,0.98953656,0.97731216,51079,Greene County,Greene,06,A,0.97734656,0.97732371,0.9896481
gb:USA:ADM2:52423323B40358920448273,Greensville,51081,Greensville,06,0.98035543,0.9887552,0.98125179,51081,Greensville County,Greensville,06,A,0.97932057,0.98014202,0.9885997
gb:USA:ADM2:52423323B86622272902322,Halifax,51083,Halifax,06,0.99306979,0.99614757,0.99309833,51083,Halifax County,Halifax,06,A,0.99264983,0.99265656,0.99575877
gb:USA:ADM2:52423323B54139086125962,Hanover,51085,Hanover,06,0.97873761,0.98925018,0.97874641,51085,Hanover County,Hanover,06,A,0.97765995,0.97766656,0.98843242
gb:USA:ADM2:52423323B30823129244387,Henrico,51087,Henrico,06,0.96739347,0.98260615,0.96738641,51087,Henrico County,Henrico,06,A,0.96700807,0.96699987,0.98233761
gb:USA:ADM2:52423323B91986151579655,Henry,51089,Henry,06,0.99018788,0.9954416,0.99018894,51089,Henry County,Henry,06,A,0.98973855,0.98974847,0.99528041
gb:USA:ADM2:52423323B76266562550307,Highland,51091,Highland,06,0.99544603,0.99856346,0.99543139,51091,Highland County,Highland,06,A,0.99431429,0.99430066,0.99782242
gb:USA:ADM2:52423323B3800654156797,Isle of Wight,51093,Isle of Wight,06,0.97700194,0.98443339,0.97696241,51093,Isle of Wight County,Isle of Wight,06,A,0.88117914,0.88114494,0.99095892
gb:USA:ADM2:52423323B62704656861756,James City,51095,James City,06,0.95488402,0.97330167,0.95489045,51095,James City County,James City,06,A,0.84520327,0.8452112,0.97927213
gb:USA:ADM2:52423323B46696554081250,King and Queen,51097,King and Queen,06,0.96983809,0.98520385,0.96983565,51097,King and Queen County,King and Queen,06,A,0.96938307,0.96938057,0.98496902
gb:USA:ADM2:52423323B49915090646837,King George,51099,King George,06,0.96896966,0.98150363,0.96896938,51099,King George County,King George,06,A,0.97274003,0.97273859,0.98744448
gb:USA:ADM2:52423323B734450842646,King William,51101,King William,06,0.95901772,0.98223425,0.95902205,51101,King William County,King William,06,A,0.95831181,0.95831607,0.98178747
gb:USA:ADM2:52423323B13758082224669,Lancaster,51103,Lancaster,06,0.93778645,0.95111957,0.93778878,51103,Lancaster County,Lancaster,06,A,0.63249134,0.63249502,0.99150186
gb:USA:ADM2:52423323B58891806089473,Lee,51105,Lee,06,0.99718991,0.99880344,0.99725612,51105,Lee County,Lee,06,A,0.99496988,0.99489487,0.99767156
gb:USA:ADM2:52423323B61122994047391,Loudoun,51107,Loudoun,06,0.99699598,0.99900885,0.99685204,51107,Loudoun County,Loudoun,06,A,0.99557612,0.99542786,0.99840769
gb:USA:ADM2:52423323B75388125426671,Louisa,51109,Louisa,06,0.99241325,0.99587057,0.99243487,51109,Louisa County,Louisa,06,A,0.98198481,0.98200943,0.98957453
gb:USA:ADM2:52423323B20701637265595,Lunenburg,51111,Lunenburg,06,0.98817905,0.99547698,0.98815812,51111,Lunenburg County,Lunenburg,06,A,0.98800374,0.98798508,0.99539735
gb:USA:ADM2:52423323B5475439623259,Madison,51113,Madison,06,0.98256137,0.99066336,0.9825394,51113,Madison County,Madison,06,A,0.98235076,0.98232287,0.99055682
gb:USA:ADM2:52423323B81347355959648,Mathews,51115,Mathews,06,0.92975621,0.93850122,0.92976117,51115,Mathews County,Mathews,06,A,0.40712558,0.40712147,0.99317956
gb:USA:ADM2:52423323B47547270594160,Mecklenburg,51117,Mecklenburg,06,0.9935365,0.996436,0.99362231,51117,Mecklenburg County,Mecklenburg,06,A,0.99300159,0.99307063,0.99609334
gb:USA:ADM2:52423323B72880351816690,Middlesex,51119,Middlesex,06,0.95735031,0.96958505,0.95734245,51119,Middlesex County,Middlesex,06,A,0.6591449,0.65913406,0.98641155
gb:USA:ADM2:52423323B95683918049548,Montgomery,51121,Montgomery,06,0.98089903,0.98900297,0.98090814,51121,Montgomery County,Montgomery,06,A,0.9805986,0.9806091,0.98881628
gb:USA:ADM2:52423323B66459643896868,Nelson,51125,Nelson,06,0.98345648,0.98977888,0.98345546,51125,Nelson County,Nelson,06,A,0.98308062,0.98307411,0.98966005
gb:USA:ADM2:52423323B69820682895113,New Kent,51127,New Kent,06,0.96383456,0.97954653,0.96383635,51127,New Kent County,New Kent,06,A,0.96331271,0.96331228,0.97925143
gb:USA:ADM2:52423323B63825786634762,Northampton,51131,Northampton,06,0.98294504,0.98812321,0.98294785,51131,Northampton County,Northampton,06,A,0.43688022,0.4368829,0.99752141
gb:USA:ADM2:52423323B72181240507499,Northumberland,51133,Northumberland,06,0.95967358,0.96785829,0.9596779,51133,Northumberland County,Northumberland,06,A,0.74856746,0.74856838,0.99027591
gb:USA:ADM2:52423323B59431462961451,Nottoway,51135,Nottoway,06,0.98731554,0.99203027,0.98704113,51135,Nottoway County,Nottoway,06,A,0.98279019,0.98342342,0.98597264
gb:USA:ADM2:52423323B91365123508862,Orange,51137,Orange,06,0.9833321,0.99131538,0.98320479,51137,Orange County,Orange,06,A,0.97935235,0.97930149,0.98872636
gb:USA:ADM2:52423323B75705983490495,Page,51139,Page,06,0.98205733,0.99080075,0.98205553,51139,Page County,Page,06,A,0.98199266,0.98199123,0.99077009
gb:USA:ADM2:52423323B55651194220795,Patrick,51141,Patrick,06,0.99092065,0.9959446,0.99095035,51141,Patrick County,Patrick,06,A,0.99031278,0.99030681,0.99538547
gb:USA:ADM2:52423323B30264122776798,Pittsylvania,51143,Pittsylvania,06,0.99238385,0.99692882,0.99240722,51143,Pittsylvania County,Pittsylvania,06,A,0.99204151,0.99205605,0.99669446
gb:USA:ADM2:52423323B68084475698233,Powhatan,51145,Powhatan,06,0.98377351,0.99214655,0.98374733,51145,Powhatan County,Powhatan,06,A,0.98339701,0.98339044,0.99194099
gb:USA:ADM2:52423323B85213242879906,Prince Edward,51147,Prince Edward,06,0.98202539,0.99046421,0.9820313,51147,Prince Edward County,Prince Edward,06,A,0.98191878,0.98192406,0.99040694
gb:USA:ADM2:52423323B90517976526133,Prince George,51149,Prince George,06,0.98428341,0.99226953,0.98440599,51149,Prince George County,Prince George,06,A,0.98379808,0.98393998,0.99207358
gb:USA:ADM2:52423323B11755625114877,Prince William,51153,Prince William,06,0.97716338,0.9884062,0.97716555,51153,Prince William County,Prince William,06,A,0.96756414,0.96756261,0.98956587
gb:USA:ADM2:52423323B50424671887039,Pulaski,51155,Pulaski,06,0.98119447,0.98812023,0.98118805,51155,Pulaski County,Pulaski,06,A,0.98095403,0.98094564,0.98802102
gb:USA:ADM2:52423323B58437533769243,Rappahannock,51157,Rappahannock,06,0.98063068,0.99289442,0.98065777,51157,Rappahannock County,Rappahannock,06,A,0.980483,0.98050506,0.99287929
gb:USA:ADM2:52423323B34545641874308,Richmond,51159,Richmond,06,0.96551225,0.98642198,0.96550367,51159,Richmond County,Richmond,06,A,0.88708304,0.88707856,0.99052065
gb:USA:ADM2:52423323B87249104839261,Roanoke,51161,Roanoke,06,0.96772908,0.98372355,0.96773495,51161,Roanoke County,Roanoke,06,A,0.96763796,0.96764939,0.98363299
gb:USA:ADM2:52423323B40914332178112,Rockbridge,51163,Rockbridge,06,0.98677405,0.99323868,0.98693771,51163,Rockbridge County,Rockbridge,06,A,0.98651751,0.98668878,0.99300023
gb:USA:ADM2:52423323B95722418747105,Rockingham,51165,Rockingham,06,0.99307461,0.99607015,0.99309207,51165,Rockingham County,Rockingham,06,A,0.99258364,0.9925897,0.99571824
gb:USA:ADM2:52423323B37698744608843,Russell,51167,Russell,06,0.98653562,0.9919958,0.98653554,51167,Russell County,Russell,06,A,0.98632063,0.98632023,0.99186843
gb:USA:ADM2:52423323B99932966436825,Scott,51169,Scott,06,0.99568628,0.99894778,0.99569249,51169,Scott County,Scott,06,A,0.99528186,0.99526777,0.99881019
gb:USA:ADM2:52423323B4371856905255,Shenandoah,51171,Shenandoah,06,0.99048664,0.99522066,0.99050176,51171,Shenandoah County,Shenandoah,06,A,0.9896253,0.98964188,0.99479796
gb:USA:ADM2:52423323B4089345148618,Smyth,51173,Smyth,06,0.99395728,0.99592373,0.99396225,51173,Smyth County,Smyth,06,A,0.99378854,0.99379792,0.99584708
gb:USA:ADM2:52423323B94499029324325,Southampton,51175,Southampton,06,0.98939314,0.99632766,0.98941894,51175,Southampton County,Southampton,06,A,0.98918335,0.98920913,0.99616681
gb:USA:ADM2:52423323B87886421112437,Spotsylvania,51177,Spotsylvania,06,0.98307415,0.99371111,0.98297485,51177,Spotsylvania County,Spotsylvania,06,A,0.9799053,0.97987286,0.99261594
gb:USA:ADM2:52423323B30629094750441,Stafford,51179,Stafford,06,0.9811379,0.9900591,0.98114073,51179,Stafford County,Stafford,06,A,0.97769243,0.9776976,0.99043255
gb:USA:ADM2:52423323B96446812738870,Surry,51181,Surry,06,0.98292188,0.99257275,0.98290239,51181,Surry County,Surry,06,A,0.90002229,0.90000982,0.9938068
gb:USA:ADM2:52423323B89095979768241,Sussex,51183,Sussex,06,0.99353118,0.99483637,0.99370578,51183,Sussex County,Sussex,06,A,0.9934509,0.99365115,0.99487714
gb:USA:ADM2:52423323B83888441081601,Tazewell,51185,Tazewell,06,0.9918931,0.9976781,0.99190513,51185,Tazewell County,Tazewell,06,A,0.99095514,0.99096551,0.99737576
gb:USA:ADM2:52423323B32478204378840,Warren,51187,Warren,06,0.97609746,0.9866839,0.9760997,51187,Warren County,Warren,06,A,0.97544373,0.97545036,0.9864233
gb:USA:ADM2:52423323B33364650574502,Washington,51191,Washington,06,0.99276257,0.996819,0.99277668,51191,Washington County,Washington,06,A,0.99259045,0.99258842,0.99668025
gb:USA:ADM2:52423323B55573357858971,Westmoreland,51193,Westmoreland,06,0.96703181,0.97562611,0.96702657,51193,Westmoreland County,Westmoreland,06,A,0.96021893,0.96021315,0.99019602
gb:USA:ADM2:52423323B77161668949551,Wise,51195,Wise,06,0.98818727,0.99429487,0.98818431,51195,Wise County,Wise,06,A,0.98660821,0.98660701,0.99338455
gb:USA:ADM2:52423323B95970621217609,Wythe,51197,Wythe,06,0.9924758,0.99547614,0.99245109,51197,Wythe County,Wythe,06,A,0.99240246,0.99239155,0.99549382
gb:USA:ADM2:52423323B51899565145561,York,51199,York,06,0.96238403,0.9752761,0.96239957,51199,York County,York,06,A,0.57369793,0.57369833,0.98641264
gb:USA:ADM2:52423323B39569682722717,Alexandria,51510,Alexandria,25,0.95789978,0.97239044,0.95790791,51510,Alexandria city,Alexandria,25,F,0.9529165,0.95292544,0.96798947
gb:USA:ADM2:52423323B64207723161036,Bristol,51520,Bristol,25,0.86062066,0.91659523,0.86063882,51520,Bristol city,Bristol,25,F,0.86030796,0.86032485,0.9169025
gb:USA:ADM2:52423323B86095735996061,Buena Vista,51530,Buena Vista,25,0.81595332,0.91918058,0.81592402,51530,Buena Vista city,Buena Vista,25,F,0.81653324,0.81650294,0.9185788
gb:USA:ADM2:52423323B38941447839141,Charlottesville,51540,Charlottesville,25,0.84456581,0.90268102,0.84456732,51540,Charlottesville city,Charlottesville,25,F,0.84193168,0.84193376,0.90251563
gb:USA:ADM2:52423323B47128133018764,Chesapeake,51550,Chesapeake,25,0.99599537,0.99742552,0.9960429,51550,Chesapeake city,Chesapeake,25,F,0.99512545,0.99518754,0.9970742
gb:USA:ADM2:52423323B35608412080263,Colonial Heights,51570,Colonial Heights,25,0.82981837,0.9075669,0.82981709,51570,Colonial Heights city,Colonial Heights,25,F,0.8282778,0.82827705,0.90605518
gb:USA:ADM2:52423323B91815007109121,Covington,51580,Covington,25,0.780508,0.89281476,0.78051539,51580,Covington city,Covington,25,F,0.78093962,0.78094766,0.89417035
gb:USA:ADM2:52423323B58138369943141,Danville,51590,Danville,25,0.93462497,0.95121679,0.93467926,51590,Danville city,Danville,25,F,0.93155415,0.93149793,0.94861538
gb:USA:ADM2:52423323B31228113371343,Emporia,51595,Emporia,25,0.701269,0.8870388,0.70124844,51595,Emporia city,Emporia,25,F,0.69243469,0.69241615,0.86073412
gb:USA:ADM2:52423323B75618764282830,Fairfax,51600,Fairfax,25,0.87846907,0.89442196,0.87846925,51600,Fairfax city,Fairfax,25,F,0.87899935,0.87899887,0.89553132
gb:USA:ADM2:52423323B27859603435380,Falls Church,51610,Falls Church,25,0.79835822,0.87678382,0.79836695,51610,Falls Church city,Falls Church,25,F,0.79766156,0.79767385,0.8764134
gb:USA:ADM2:52423323B87493021835120,Franklin,51620,Franklin,25,0.87939415,0.92471711,0.8793756,51620,Franklin city,Franklin,25,F,0.88157356,0.88154966,0.92588285
gb:USA:ADM2:52423323B55756815925715,Fredericksburg,51630,Fredericksburg,25,0.89615269,0.92371387,0.89612931,51630,Fredericksburg city,Fredericksburg,25,F,0.89665299,0.89662835,0.92413992
gb:USA:ADM2:52423323B65512334983312,Galax,51640,Galax,25,0.83464149,0.9191455,0.83464524,51640,Galax city,Galax,25,F,0.833622,0.83362613,0.91877855
gb:USA:ADM2:52423323B9721740762179,Hampton,51650,Hampton,25,0.96167577,0.97933404,0.96167842,51650,Hampton city,Hampton,25,F,0.42623275,0.4262353,0.99008236
gb:USA:ADM2:52423323B43531707652669,Harrisonburg,51660,Harrisonburg,25,0.90159183,0.96902437,0.9015743,51660,Harrisonburg city,Harrisonburg,25,F,0.90055798,0.90053876,0.96893546
gb:USA:ADM2:52423323B69617253106645,Hopewell,51670,Hopewell,25,0.87080685,0.931551,0.87081855,51670,Hopewell city,Hopewell,25,F,0.86831854,0.86833059,0.93025662
gb:USA:ADM2:52423323B43343274853649,Lexington,51678,Lexington,25,0.83555312,0.89946905,0.83550018,51678,Lexington city,Lexington,25,F,0.83327678,0.83323252,0.90143944
gb:USA:ADM2:52423323B93399406998966,Lynchburg,51680,Lynchburg,25,0.95651195,0.97425627,0.9565113,51680,Lynchburg city,Lynchburg,25,F,0.95269758,0.95269129,0.97131766
gb:USA:ADM2:52423323B4882289186137,Manassas,51683,Manassas,25,0.89840045,0.91019092,0.8984307,51683,Manassas city,Manassas,25,F,0.89784636,0.89787916,0.91081978
gb:USA:ADM2:52423323B92957530316980,Manassas Park,51685,Manassas Park,25,0.68708992,0.94445958,0.68709529,51685,Manassas Park city,Manassas Park,25,F,0.57594833,0.575956,0.94359457
gb:USA:ADM2:52423323B40390347243240,Martinsville,51690,Martinsville,25,0.90597502,0.94528914,0.90598828,51690,Martinsville city,Martinsville,25,F,0.90708403,0.90710256,0.94563764
gb:USA:ADM2:52423323B40320593937866,Newport News,51700,Newport News,25,0.9522284,0.96814445,0.95224789,51700,Newport News city,Newport News,25,F,0.59355865,0.59356658,0.99492916
gb:USA:ADM2:52423323B60127042569296,Norfolk,51710,Norfolk,25,0.96433126,0.98110206,0.96432984,51710,Norfolk city,Norfolk,25,F,0.63061107,0.63062283,0.98780391
gb:USA:ADM2:52423323B88769302498255,Norton,51720,Norton,25,0.87773767,0.92511827,0.87772367,51720,Norton city,Norton,25,F,0.87447958,0.87446569,0.9235332
gb:USA:ADM2:52423323B27383971458976,Petersburg,51730,Petersburg,25,0.9306519,0.96463846,0.93064669,51730,Petersburg city,Petersburg,25,F,0.93062214,0.93061621,0.96487468
gb:USA:ADM2:52423323B32700923685802,Poquoson,51735,Poquoson,25,0.92354955,0.94876394,0.92354734,51735,Poquoson city,Poquoson,25,F,0.26040431,0.26041173,0.98213684
gb:USA:ADM2:52423323B65063199058226,Portsmouth,51740,Portsmouth,25,0.96936604,0.98586059,0.96936575,51740,Portsmouth city,Portsmouth,25,F,0.82371419,0.82371656,0.98966241
gb:USA:ADM2:52423323B3123735439374,Radford,51750,Radford,25,0.87460858,0.97252795,0.87457935,51750,Radford city,Radford,25,F,0.8728685,0.872838,0.97145612
gb:USA:ADM2:52423323B61032845323419,Richmond,51760,Richmond,25,0.94851127,0.97868721,0.94851317,51760,Richmond city,Richmond,25,F,0.94801067,0.94801289,0.97868439
gb:USA:ADM2:52423323B30503653704079,Roanoke,51770,Roanoke,25,0.93245877,0.96916105,0.93246046,51770,Roanoke city,Roanoke,25,F,0.93229849,0.93230022,0.96912509
gb:USA:ADM2:52423323B60033050507603,Salem,51775,Salem,25,0.8714742,0.91787469,0.87147663,51775,Salem city,Salem,25,F,0.87164671,0.87164914,0.91834479
gb:USA:ADM2:52423323B96137382853901,Staunton,51790,Staunton,25,0.9730189,0.98658205,0.97301701,51790,Staunton city,Staunton,25,F,0.97196288,0.97196191,0.98670937
gb:USA:ADM2:52423323B25569178497638,Suffolk,51800,Suffolk,25,0.99368238,0.99565715,0.99368804,51800,Suffolk city,Suffolk,25,F,0.96811476,0.96811621,0.99749801
gb:USA:ADM2:52423323B21015613646613,Virginia Beach,51810,Virginia Beach,25,0.99274901,0.99725014,0.99275349,51810,Virginia Beach city,Virginia Beach,25,F,0.6130267,0.61302815,0.9976789
gb:USA:ADM2:52423323B98983591567848,Waynesboro,51820,Waynesboro,25,0.92497281,0.96087062,0.92497148,51820,Waynesboro city,Waynesboro,25,F,0.92518304,0.92518254,0.96132512
gb:USA:ADM2:52423323B40435366156553,Williamsburg,51830,Williamsburg,25,0.7925068,0.92516609,0.79258298,51830,Williamsburg city,Williamsburg,25,F,0.78889494,0.78897308,0.92345353
gb:USA:ADM2:52423323B17737032882044,Winchester,51840,Winchester,25,0.83121832,0.92348672,0.83119777,51840,Winchester city,Winchester,25,F,0.83003511,0.83001798,0.92310817
