subject_id,inherited_status,inherited_physical_status,inherited_physical_authority,inherited_source_vintage,inherited_mapped_land_support_kind,inherited_mapped_land_support_sha256,inherited_complete_contact_count,inherited_query_relation_count,adm2_recomputed_result,adm2_exact_intersection_pair_count,adm2_exact_intersection_feature_ids,adm2_exact_intersection_feature_names,adm3_recomputed_result,adm3_exact_intersection_pair_count,adm3_exact_intersection_feature_ids,adm3_exact_intersection_feature_names,reconciliation
physical-component:000f8ceae5d2a99223959081d563a10b524519680b495e98e0ab26acf5feafe7,mapped-land-support,unknown-source-fitness-and-observation-date,unapproved,GSHHG2.3.7/2017-06-15 release; observation dates heterogeneous,whole-operation-pointset,3d5e439d7f4913b73403ed6eab351ad07fbdae49f32523de5c52908e5f70563e,0,1,exact-intersection-observed,2,76128533B71380851181380;76128533B99895802074414,Pune;Raigarh,exact-intersection-observed,2,7132399B73696825613414;7132399B98895144540362,Sudhagad;Mulshi,"Inherited mapped-land support is retained as inherited evidence; source-product intersections are recomputed coverage observations and do not resolve physical status, authority, observation date, or processing cause."
physical-component:0b0f4f8da263777fd7e59ebfd90ba6545811dd8014832cf1a91fc10ad2a78194,mapped-land-support,unknown-source-fitness-and-observation-date,unapproved,GSHHG2.3.7/2017-06-15 release; observation dates heterogeneous,whole-operation-pointset,89b66d8c8fb5ecfaff797921dc3732bee60049b2e3dc54401d179904b71876fc,1,1,exact-intersection-observed,2,76128533B71380851181380;76128533B99895802074414,Pune;Raigarh,exact-intersection-observed,2,7132399B73696825613414;7132399B98895144540362,Sudhagad;Mulshi,"Inherited mapped-land support is retained as inherited evidence; source-product intersections are recomputed coverage observations and do not resolve physical status, authority, observation date, or processing cause."
physical-component:158d29fe97181ce35bcbee0548005905634f6dfae7083fde2346a0f8a1d88bf5,mapped-land-support,unknown-source-fitness-and-observation-date,unapproved,GSHHG2.3.7/2017-06-15 release; observation dates heterogeneous,whole-operation-pointset,0c93ac95cdc0942f88d44d906a9e883a282bfa3516cdd40e91ad2c360805d2cc,0,1,exact-intersection-observed,1,76128533B71380851181380,Pune,exact-intersection-observed,2,7132399B69142533926560;7132399B73741347533622,Mawal;Karjat,"Inherited mapped-land support is retained as inherited evidence; source-product intersections are recomputed coverage observations and do not resolve physical status, authority, observation date, or processing cause."
physical-component:16a15562778f813213a723286dc05b997683ea5d6c88e421bd533dda812875da,mapped-land-support,unknown-source-fitness-and-observation-date,unapproved,GSHHG2.3.7/2017-06-15 release; observation dates heterogeneous,whole-operation-pointset,d30814d29ef0a974338492dcfdcc47c2997de1a48943cd56a45d92df6a6befd5,1,1,exact-intersection-observed,2,76128533B71380851181380;76128533B99895802074414,Pune;Raigarh,exact-intersection-observed,2,7132399B92100856008897;7132399B98895144540362,Mangaon;Mulshi,"Inherited mapped-land support is retained as inherited evidence; source-product intersections are recomputed coverage observations and do not resolve physical status, authority, observation date, or processing cause."
physical-component:300746aaaeeeaf86e3782f48d123d367aab071fabc57d87028d897ed444184b5,mapped-land-support,unknown-source-fitness-and-observation-date,unapproved,GSHHG2.3.7/2017-06-15 release; observation dates heterogeneous,whole-operation-pointset,2d6e7c05ff783c0dac58c817432a0fe71855355f6de0122c8c7ba36986fa2003,1,1,exact-intersection-observed,2,76128533B71380851181380;76128533B99895802074414,Pune;Raigarh,exact-intersection-observed,2,7132399B73696825613414;7132399B98895144540362,Sudhagad;Mulshi,"Inherited mapped-land support is retained as inherited evidence; source-product intersections are recomputed coverage observations and do not resolve physical status, authority, observation date, or processing cause."
physical-component:36ffb10735d8d7d402912f989ff500524a686e86a2f636efc100acc56b9d2ba0,mapped-land-support,unknown-source-fitness-and-observation-date,unapproved,GSHHG2.3.7/2017-06-15 release; observation dates heterogeneous,whole-operation-pointset,d7cbbe8d28f5613d26639c5593e354d539816b8156c24dfe43713bd6d4c71943,2,1,exact-intersection-observed,1,76128533B74859418903113,Thane,exact-intersection-observed,2,7132399B52931015492127;7132399B61610503417432,Murbad;Junnar,"Inherited mapped-land support is retained as inherited evidence; source-product intersections are recomputed coverage observations and do not resolve physical status, authority, observation date, or processing cause."
physical-component:4c9fc7c98e4c74fba00b685e964f1082726a32488d14987811702efabc6947ac,mapped-land-support,unknown-source-fitness-and-observation-date,unapproved,GSHHG2.3.7/2017-06-15 release; observation dates heterogeneous,whole-operation-pointset,fac4542d166c2479425c974a9c886b3a28bae30ac163e9afdc0bf3e1016c5ae8,0,1,exact-intersection-observed,2,76128533B71380851181380;76128533B99895802074414,Pune;Raigarh,exact-intersection-observed,2,7132399B92100856008897;7132399B98895144540362,Mangaon;Mulshi,"Inherited mapped-land support is retained as inherited evidence; source-product intersections are recomputed coverage observations and do not resolve physical status, authority, observation date, or processing cause."
physical-component:777631d5e6656693b99bbebff66787db117ac0e7595fb8b80d5d032ac0659038,mapped-land-support,unknown-source-fitness-and-observation-date,unapproved,GSHHG2.3.7/2017-06-15 release; observation dates heterogeneous,whole-operation-pointset,06f5892d53c5687c7bcbd41dec42ef2a8dd7f6ad8b71f011efe570b8e236d6e1,1,1,exact-intersection-observed,2,76128533B71380851181380;76128533B99895802074414,Pune;Raigarh,exact-intersection-observed,3,7132399B4492744404998;7132399B69142533926560;7132399B73696825613414,Khalapur;Mawal;Sudhagad,"Inherited mapped-land support is retained as inherited evidence; source-product intersections are recomputed coverage observations and do not resolve physical status, authority, observation date, or processing cause."
physical-component:87d5810b83156c3f47cd05e5221d064dbf80622f98706a593ec08548d1588364,mapped-land-support,unknown-source-fitness-and-observation-date,unapproved,GSHHG2.3.7/2017-06-15 release; observation dates heterogeneous,whole-operation-pointset,aa183557cb7650c46418c3fbbc86480aa3c8b332f2fd8c3911c86057dbf32d83,0,1,exact-intersection-observed,2,76128533B71380851181380;76128533B74859418903113,Pune;Thane,exact-intersection-observed,3,7132399B24259256811370;7132399B52931015492127;7132399B61610503417432,Ambegaon;Murbad;Junnar,"Inherited mapped-land support is retained as inherited evidence; source-product intersections are recomputed coverage observations and do not resolve physical status, authority, observation date, or processing cause."
physical-component:9bfcc12c85f301e0745895e459345d8f81a1abe87b317188d1fc4c82c5989477,mapped-land-support,unknown-source-fitness-and-observation-date,unapproved,GSHHG2.3.7/2017-06-15 release; observation dates heterogeneous,whole-operation-pointset,cfe4ba8908e2e17d9bea73f952cf7f67bd0c37cfe33330e7a4189679997ba979,2,1,exact-intersection-observed,2,76128533B71380851181380;76128533B99895802074414,Pune;Raigarh,exact-intersection-observed,2,7132399B92100856008897;7132399B98895144540362,Mangaon;Mulshi,"Inherited mapped-land support is retained as inherited evidence; source-product intersections are recomputed coverage observations and do not resolve physical status, authority, observation date, or processing cause."
physical-component:9db43066a4445eede1df1316d18dd6ff40393734a09a720207c5f14685487a2c,mapped-land-support,unknown-source-fitness-and-observation-date,unapproved,GSHHG2.3.7/2017-06-15 release; observation dates heterogeneous,whole-operation-pointset,7ffc116d8ee83a408e563b4635062ba46b7d644fb5e5854825b9c71456909686,1,1,exact-intersection-observed,2,76128533B71380851181380;76128533B99895802074414,Pune;Raigarh,exact-intersection-observed,2,7132399B4492744404998;7132399B69142533926560,Khalapur;Mawal,"Inherited mapped-land support is retained as inherited evidence; source-product intersections are recomputed coverage observations and do not resolve physical status, authority, observation date, or processing cause."
physical-component:a1238cf0d19f4b0a045b41418061764b2ffa076128c4d7718a4a0b6693be1d7c,mapped-land-support,unknown-source-fitness-and-observation-date,unapproved,GSHHG2.3.7/2017-06-15 release; observation dates heterogeneous,whole-operation-pointset,ee0f49550e4bd6cbe54452a3faa0c75afe6bd01456865e8ec2adcfdefce87f29,1,1,exact-intersection-observed,2,76128533B71380851181380;76128533B99895802074414,Pune;Raigarh,exact-intersection-observed,2,7132399B18119388536357;7132399B73741347533622,Khed;Karjat,"Inherited mapped-land support is retained as inherited evidence; source-product intersections are recomputed coverage observations and do not resolve physical status, authority, observation date, or processing cause."
physical-component:a5caa084567455808fecd8aec8f98eff8eb24e41498c28eff9b740962c505401,mapped-land-support,unknown-source-fitness-and-observation-date,unapproved,GSHHG2.3.7/2017-06-15 release; observation dates heterogeneous,whole-operation-pointset,430d96e80fc9e48c5f5c3f10148586846bad8d1626de7a228da22113b685524b,1,1,exact-intersection-observed,2,76128533B71380851181380;76128533B99895802074414,Pune;Raigarh,exact-intersection-observed,2,7132399B24259256811370;7132399B73741347533622,Ambegaon;Karjat,"Inherited mapped-land support is retained as inherited evidence; source-product intersections are recomputed coverage observations and do not resolve physical status, authority, observation date, or processing cause."
physical-component:c9ab9d9b1f31057510a02095d979ec7126cd62fd780793d5c2bba7a775759989,mapped-land-support,unknown-source-fitness-and-observation-date,unapproved,GSHHG2.3.7/2017-06-15 release; observation dates heterogeneous,whole-operation-pointset,911d027537d5b1f75598bec77d35f80ec5c29327700e5dd794b1ae43f3b0a9f1,0,1,exact-intersection-observed,1,76128533B71380851181380,Pune,exact-intersection-observed,2,7132399B69142533926560;7132399B73741347533622,Mawal;Karjat,"Inherited mapped-land support is retained as inherited evidence; source-product intersections are recomputed coverage observations and do not resolve physical status, authority, observation date, or processing cause."
physical-component:d5085885c61def27a4994e0603af5328dc208c342ad9787a1b4d1f98e45cfb0b,mapped-land-support,unknown-source-fitness-and-observation-date,unapproved,GSHHG2.3.7/2017-06-15 release; observation dates heterogeneous,whole-operation-pointset,305b7799fb684430b2f7fa30fa4add50b6d89201b1ecfdec3c8a3615ae705595,0,1,exact-intersection-observed,2,76128533B71380851181380;76128533B99895802074414,Pune;Raigarh,exact-intersection-observed,2,7132399B69142533926560;7132399B73741347533622,Mawal;Karjat,"Inherited mapped-land support is retained as inherited evidence; source-product intersections are recomputed coverage observations and do not resolve physical status, authority, observation date, or processing cause."
physical-component:d8a7c45330ea4f423c70a95cd8bb8a510225b04bcea292ffb5574e19d323d1ca,mapped-land-support,unknown-source-fitness-and-observation-date,unapproved,GSHHG2.3.7/2017-06-15 release; observation dates heterogeneous,whole-operation-pointset,134f095aff830c54a16e4766492cd3bfd3b5752303d37ef96255b48195e966b9,0,1,exact-intersection-observed,1,76128533B99895802074414,Raigarh,exact-intersection-observed,2,7132399B69142533926560;7132399B73741347533622,Mawal;Karjat,"Inherited mapped-land support is retained as inherited evidence; source-product intersections are recomputed coverage observations and do not resolve physical status, authority, observation date, or processing cause."
physical-component:e547c85631bb512b40659a4fbb669c704379bd7a2422ac1cf6ed837c2af171b9,mapped-land-support,unknown-source-fitness-and-observation-date,unapproved,GSHHG2.3.7/2017-06-15 release; observation dates heterogeneous,whole-operation-pointset,caeecd259d6ec20346a125a35ac8c667cb16af7be65b742294b6b9bc36c1af76,0,1,exact-intersection-observed,1,76128533B71380851181380,Pune,exact-intersection-observed,2,7132399B52931015492127;7132399B61610503417432,Murbad;Junnar,"Inherited mapped-land support is retained as inherited evidence; source-product intersections are recomputed coverage observations and do not resolve physical status, authority, observation date, or processing cause."
physical-component:f39a89a7d4dd30b99fcd8f6f98b0394c5a17d4e406144262e63c2d0b549df746,mapped-land-support,unknown-source-fitness-and-observation-date,unapproved,GSHHG2.3.7/2017-06-15 release; observation dates heterogeneous,whole-operation-pointset,1da814200772ce739bf0c3b8c94e74acad94deee1af5b51281bccf54f5290b44,1,1,exact-intersection-observed,2,76128533B71380851181380;76128533B99895802074414,Pune;Raigarh,exact-intersection-observed,3,7132399B18119388536357;7132399B24259256811370;7132399B73741347533622,Khed;Ambegaon;Karjat,"Inherited mapped-land support is retained as inherited evidence; source-product intersections are recomputed coverage observations and do not resolve physical status, authority, observation date, or processing cause."
