atlas_id,atlas_name,parent_id,state,state_fips,source_shape_id,source_name,geoid_2018_and_2026,census_2026_name,lsadc,funcstat,parent_state_match,2018_cb_iou,2026_tiger_iou,below_095_2018,below_095_2026,boundary_interpretation
gb:USA:ADM2:52423323B10498305298620,Morgan,framework:province:tennessee:1e9839d5c457,Tennessee,47,52423323B10498305298620,Morgan,47129,Morgan County,06,A,True,0.9892101,0.98902807,False,False,diagnostic-only; neither generalized/cartographic comparison certifies legal boundary
gb:USA:ADM2:52423323B10934602069357,Jackson,framework:province:mississippi:ea192a347106,Mississippi,28,52423323B10934602069357,Jackson,28059,Jackson County,06,A,True,0.96938004,0.73690648,False,True,diagnostic-only; neither generalized/cartographic comparison certifies legal boundary
gb:USA:ADM2:52423323B11039676247957,Clay,framework:province:alabama:2ea4f64966c3,Alabama,01,52423323B11039676247957,Clay,01027,Clay County,06,A,True,0.99746489,0.9969643,False,False,diagnostic-only; neither generalized/cartographic comparison certifies legal boundary
gb:USA:ADM2:52423323B11453074056273,Calhoun,framework:province:alabama:2ea4f64966c3,Alabama,01,52423323B11453074056273,Calhoun,01015,Calhoun County,06,A,True,0.99252565,0.99224045,False,False,diagnostic-only; neither generalized/cartographic comparison certifies legal boundary
gb:USA:ADM2:52423323B11508580197102,Attala,framework:province:mississippi:ea192a347106,Mississippi,28,52423323B11508580197102,Attala,28007,Attala County,06,A,True,0.9918963,0.99157252,False,False,diagnostic-only; neither generalized/cartographic comparison certifies legal boundary
gb:USA:ADM2:52423323B12485828442436,Washington,framework:province:alabama:2ea4f64966c3,Alabama,01,52423323B12485828442436,Washington,01129,Washington County,06,A,True,0.99472177,0.99425828,False,False,diagnostic-only; neither generalized/cartographic comparison certifies legal boundary
gb:USA:ADM2:52423323B12526845060085,DeKalb,framework:province:tennessee:1e9839d5c457,Tennessee,47,52423323B12526845060085,DeKalb,47041,DeKalb County,06,A,True,0.97356531,0.97350884,False,False,diagnostic-only; neither generalized/cartographic comparison certifies legal boundary
gb:USA:ADM2:52423323B13336232488859,Lamar,framework:province:alabama:2ea4f64966c3,Alabama,01,52423323B13336232488859,Lamar,01075,Lamar County,06,A,True,0.99813729,0.99734139,False,False,diagnostic-only; neither generalized/cartographic comparison certifies legal boundary
gb:USA:ADM2:52423323B13486239193987,Hamblen,framework:province:tennessee:1e9839d5c457,Tennessee,47,52423323B13486239193987,Hamblen,47063,Hamblen County,06,A,True,0.96480834,0.96415904,False,False,diagnostic-only; neither generalized/cartographic comparison certifies legal boundary
gb:USA:ADM2:52423323B13549110095678,Lowndes,framework:province:alabama:2ea4f64966c3,Alabama,01,52423323B13549110095678,Lowndes,01085,Lowndes County,06,A,True,0.99198806,0.9917721,False,False,diagnostic-only; neither generalized/cartographic comparison certifies legal boundary
gb:USA:ADM2:52423323B14233481639127,DeKalb,framework:province:alabama:2ea4f64966c3,Alabama,01,52423323B14233481639127,DeKalb,01049,DeKalb County,06,A,True,0.99483413,0.99463781,False,False,diagnostic-only; neither generalized/cartographic comparison certifies legal boundary
gb:USA:ADM2:52423323B14548385416818,Williamson,framework:province:tennessee:1e9839d5c457,Tennessee,47,52423323B14548385416818,Williamson,47187,Williamson County,06,A,True,0.98823531,0.98826876,False,False,diagnostic-only; neither generalized/cartographic comparison certifies legal boundary
gb:USA:ADM2:52423323B14887916577192,Franklin,framework:province:tennessee:1e9839d5c457,Tennessee,47,52423323B14887916577192,Franklin,47051,Franklin County,06,A,True,0.99069674,0.98994148,False,False,diagnostic-only; neither generalized/cartographic comparison certifies legal boundary
gb:USA:ADM2:52423323B14964085031587,Hardin,framework:province:tennessee:1e9839d5c457,Tennessee,47,52423323B14964085031587,Hardin,47071,Hardin County,06,A,True,0.99455982,0.99425819,False,False,diagnostic-only; neither generalized/cartographic comparison certifies legal boundary
gb:USA:ADM2:52423323B15727406815643,Chambers,framework:province:alabama:2ea4f64966c3,Alabama,01,52423323B15727406815643,Chambers,01017,Chambers County,06,A,True,0.99306827,0.99268542,False,False,diagnostic-only; neither generalized/cartographic comparison certifies legal boundary
gb:USA:ADM2:52423323B15759213794066,Van Buren,framework:province:tennessee:1e9839d5c457,Tennessee,47,52423323B15759213794066,Van Buren,47175,Van Buren County,06,A,True,0.9851999,0.98469752,False,False,diagnostic-only; neither generalized/cartographic comparison certifies legal boundary
gb:USA:ADM2:52423323B15791543684025,Knox,framework:province:tennessee:1e9839d5c457,Tennessee,47,52423323B15791543684025,Knox,47093,Knox County,06,A,True,0.9807714,0.98064428,False,False,diagnostic-only; neither generalized/cartographic comparison certifies legal boundary
gb:USA:ADM2:52423323B15880220310778,Macon,framework:province:tennessee:1e9839d5c457,Tennessee,47,52423323B15880220310778,Macon,47111,Macon County,06,A,True,0.99428007,0.99367185,False,False,diagnostic-only; neither generalized/cartographic comparison certifies legal boundary
gb:USA:ADM2:52423323B16359627496109,Hawkins,framework:province:tennessee:1e9839d5c457,Tennessee,47,52423323B16359627496109,Hawkins,47073,Hawkins County,06,A,True,0.98474471,0.98446671,False,False,diagnostic-only; neither generalized/cartographic comparison certifies legal boundary
gb:USA:ADM2:52423323B16895111765374,Moore,framework:province:tennessee:1e9839d5c457,Tennessee,47,52423323B16895111765374,Moore,47127,Moore County,06,C,True,0.94568923,0.94540945,True,True,diagnostic-only; neither generalized/cartographic comparison certifies legal boundary
gb:USA:ADM2:52423323B17129375246846,Prentiss,framework:province:mississippi:ea192a347106,Mississippi,28,52423323B17129375246846,Prentiss,28117,Prentiss County,06,A,True,0.99816644,0.99795241,False,False,diagnostic-only; neither generalized/cartographic comparison certifies legal boundary
gb:USA:ADM2:52423323B17373882514078,DeSoto,framework:province:mississippi:ea192a347106,Mississippi,28,52423323B17373882514078,DeSoto,28033,DeSoto County,06,A,True,0.99510981,0.98897337,False,False,diagnostic-only; neither generalized/cartographic comparison certifies legal boundary
gb:USA:ADM2:52423323B17424718364121,Morgan,framework:province:alabama:2ea4f64966c3,Alabama,01,52423323B17424718364121,Morgan,01103,Morgan County,06,A,True,0.99408014,0.99400839,False,False,diagnostic-only; neither generalized/cartographic comparison certifies legal boundary
gb:USA:ADM2:52423323B17760103371200,Smith,framework:province:tennessee:1e9839d5c457,Tennessee,47,52423323B17760103371200,Smith,47159,Smith County,06,A,True,0.97913889,0.97888527,False,False,diagnostic-only; neither generalized/cartographic comparison certifies legal boundary
gb:USA:ADM2:52423323B1781163354371,Lake,framework:province:tennessee:1e9839d5c457,Tennessee,47,52423323B1781163354371,Lake,47095,Lake County,06,A,True,0.99663248,0.99428883,False,False,diagnostic-only; neither generalized/cartographic comparison certifies legal boundary
gb:USA:ADM2:52423323B1786789370049,Autauga,framework:province:alabama:2ea4f64966c3,Alabama,01,52423323B1786789370049,Autauga,01001,Autauga County,06,A,True,0.99157118,0.99139406,False,False,diagnostic-only; neither generalized/cartographic comparison certifies legal boundary
gb:USA:ADM2:52423323B18579387327768,Wayne,framework:province:mississippi:ea192a347106,Mississippi,28,52423323B18579387327768,Wayne,28153,Wayne County,06,A,True,0.99888292,0.99860664,False,False,diagnostic-only; neither generalized/cartographic comparison certifies legal boundary
gb:USA:ADM2:52423323B18752105909631,Blount,framework:province:alabama:2ea4f64966c3,Alabama,01,52423323B18752105909631,Blount,01009,Blount County,06,A,True,0.98795224,0.98774194,False,False,diagnostic-only; neither generalized/cartographic comparison certifies legal boundary
gb:USA:ADM2:52423323B18909606925754,Trousdale,framework:province:tennessee:1e9839d5c457,Tennessee,47,52423323B18909606925754,Trousdale,47169,Trousdale County,06,C,True,0.97402667,0.97385703,False,False,diagnostic-only; neither generalized/cartographic comparison certifies legal boundary
gb:USA:ADM2:52423323B19003785608571,Anderson,framework:province:tennessee:1e9839d5c457,Tennessee,47,52423323B19003785608571,Anderson,47001,Anderson County,06,A,True,0.97717388,0.97684029,False,False,diagnostic-only; neither generalized/cartographic comparison certifies legal boundary
gb:USA:ADM2:52423323B19085633928803,Decatur,framework:province:tennessee:1e9839d5c457,Tennessee,47,52423323B19085633928803,Decatur,47039,Decatur County,06,A,True,0.98391176,0.9834549,False,False,diagnostic-only; neither generalized/cartographic comparison certifies legal boundary
gb:USA:ADM2:52423323B19626244489091,Crockett,framework:province:tennessee:1e9839d5c457,Tennessee,47,52423323B19626244489091,Crockett,47033,Crockett County,06,A,True,0.98284991,0.98245686,False,False,diagnostic-only; neither generalized/cartographic comparison certifies legal boundary
gb:USA:ADM2:52423323B19683486878763,Alcorn,framework:province:mississippi:ea192a347106,Mississippi,28,52423323B19683486878763,Alcorn,28003,Alcorn County,06,A,True,0.99851453,0.99791706,False,False,diagnostic-only; neither generalized/cartographic comparison certifies legal boundary
gb:USA:ADM2:52423323B21011437681534,Marengo,framework:province:alabama:2ea4f64966c3,Alabama,01,52423323B21011437681534,Marengo,01091,Marengo County,06,A,True,0.99453338,0.99421896,False,False,diagnostic-only; neither generalized/cartographic comparison certifies legal boundary
gb:USA:ADM2:52423323B21456355443716,Leflore,framework:province:mississippi:ea192a347106,Mississippi,28,52423323B21456355443716,Leflore,28083,Leflore County,06,A,True,0.98896363,0.98864803,False,False,diagnostic-only; neither generalized/cartographic comparison certifies legal boundary
gb:USA:ADM2:52423323B21487028276872,Greene,framework:province:alabama:2ea4f64966c3,Alabama,01,52423323B21487028276872,Greene,01063,Greene County,06,A,True,0.97740823,0.97700978,False,False,diagnostic-only; neither generalized/cartographic comparison certifies legal boundary
gb:USA:ADM2:52423323B22334465624474,Warren,framework:province:tennessee:1e9839d5c457,Tennessee,47,52423323B22334465624474,Warren,47177,Warren County,06,A,True,0.98332864,0.98315012,False,False,diagnostic-only; neither generalized/cartographic comparison certifies legal boundary
gb:USA:ADM2:52423323B23057609078581,Tallahatchie,framework:province:mississippi:ea192a347106,Mississippi,28,52423323B23057609078581,Tallahatchie,28135,Tallahatchie County,06,A,True,0.99489482,0.99466849,False,False,diagnostic-only; neither generalized/cartographic comparison certifies legal boundary
gb:USA:ADM2:52423323B23237187605689,Madison,framework:province:tennessee:1e9839d5c457,Tennessee,47,52423323B23237187605689,Madison,47113,Madison County,06,A,True,0.99681836,0.99678695,False,False,diagnostic-only; neither generalized/cartographic comparison certifies legal boundary
gb:USA:ADM2:52423323B23830846230255,Jefferson,framework:province:mississippi:ea192a347106,Mississippi,28,52423323B23830846230255,Jefferson,28063,Jefferson County,06,A,True,0.99360757,0.99254522,False,False,diagnostic-only; neither generalized/cartographic comparison certifies legal boundary
gb:USA:ADM2:52423323B24254636844315,Henderson,framework:province:tennessee:1e9839d5c457,Tennessee,47,52423323B24254636844315,Henderson,47077,Henderson County,06,A,True,0.99235882,0.99208207,False,False,diagnostic-only; neither generalized/cartographic comparison certifies legal boundary
gb:USA:ADM2:52423323B25005829455001,Houston,framework:province:tennessee:1e9839d5c457,Tennessee,47,52423323B25005829455001,Houston,47083,Houston County,06,A,True,0.9892869,0.98898876,False,False,diagnostic-only; neither generalized/cartographic comparison certifies legal boundary
gb:USA:ADM2:52423323B2530674009374,Lauderdale,framework:province:tennessee:1e9839d5c457,Tennessee,47,52423323B2530674009374,Lauderdale,47097,Lauderdale County,06,A,True,0.98889371,0.97093372,False,False,diagnostic-only; neither generalized/cartographic comparison certifies legal boundary
gb:USA:ADM2:52423323B25757785187311,Giles,framework:province:tennessee:1e9839d5c457,Tennessee,47,52423323B25757785187311,Giles,47055,Giles County,06,A,True,0.98992942,0.98950335,False,False,diagnostic-only; neither generalized/cartographic comparison certifies legal boundary
gb:USA:ADM2:52423323B2646485621413,Itawamba,framework:province:mississippi:ea192a347106,Mississippi,28,52423323B2646485621413,Itawamba,28057,Itawamba County,06,A,True,0.99866845,0.99842397,False,False,diagnostic-only; neither generalized/cartographic comparison certifies legal boundary
gb:USA:ADM2:52423323B26737706677925,Cheatham,framework:province:tennessee:1e9839d5c457,Tennessee,47,52423323B26737706677925,Cheatham,47021,Cheatham County,06,A,True,0.98201628,0.98133838,False,False,diagnostic-only; neither generalized/cartographic comparison certifies legal boundary
gb:USA:ADM2:52423323B26987147906068,Rutherford,framework:province:tennessee:1e9839d5c457,Tennessee,47,52423323B26987147906068,Rutherford,47149,Rutherford County,06,A,True,0.98062753,0.98055473,False,False,diagnostic-only; neither generalized/cartographic comparison certifies legal boundary
gb:USA:ADM2:52423323B26987461690173,Clarke,framework:province:mississippi:ea192a347106,Mississippi,28,52423323B26987461690173,Clarke,28023,Clarke County,06,A,True,0.99922418,0.99889909,False,False,diagnostic-only; neither generalized/cartographic comparison certifies legal boundary
gb:USA:ADM2:52423323B27952664457255,Harrison,framework:province:mississippi:ea192a347106,Mississippi,28,52423323B27952664457255,Harrison,28047,Harrison County,06,A,True,0.96383669,0.61770242,False,True,diagnostic-only; neither generalized/cartographic comparison certifies legal boundary
gb:USA:ADM2:52423323B28342113074407,Jefferson,framework:province:tennessee:1e9839d5c457,Tennessee,47,52423323B28342113074407,Jefferson,47089,Jefferson County,06,A,True,0.976023,0.97567376,False,False,diagnostic-only; neither generalized/cartographic comparison certifies legal boundary
gb:USA:ADM2:52423323B28506543245034,Marion,framework:province:mississippi:ea192a347106,Mississippi,28,52423323B28506543245034,Marion,28091,Marion County,06,A,True,0.99898947,0.9987504,False,False,diagnostic-only; neither generalized/cartographic comparison certifies legal boundary
gb:USA:ADM2:52423323B29713004064405,Webster,framework:province:mississippi:ea192a347106,Mississippi,28,52423323B29713004064405,Webster,28155,Webster County,06,A,True,0.99612592,0.99582784,False,False,diagnostic-only; neither generalized/cartographic comparison certifies legal boundary
gb:USA:ADM2:52423323B29714418212359,Sumter,framework:province:alabama:2ea4f64966c3,Alabama,01,52423323B29714418212359,Sumter,01119,Sumter County,06,A,True,0.98918612,0.98834651,False,False,diagnostic-only; neither generalized/cartographic comparison certifies legal boundary
gb:USA:ADM2:52423323B29805691728262,Sequatchie,framework:province:tennessee:1e9839d5c457,Tennessee,47,52423323B29805691728262,Sequatchie,47153,Sequatchie County,06,A,True,0.98611224,0.98591605,False,False,diagnostic-only; neither generalized/cartographic comparison certifies legal boundary
gb:USA:ADM2:52423323B30803905187114,Coffee,framework:province:tennessee:1e9839d5c457,Tennessee,47,52423323B30803905187114,Coffee,47031,Coffee County,06,A,True,0.97962627,0.97940851,False,False,diagnostic-only; neither generalized/cartographic comparison certifies legal boundary
gb:USA:ADM2:52423323B30957198901139,Claiborne,framework:province:tennessee:1e9839d5c457,Tennessee,47,52423323B30957198901139,Claiborne,47025,Claiborne County,06,A,True,0.98726718,0.98689443,False,False,diagnostic-only; neither generalized/cartographic comparison certifies legal boundary
gb:USA:ADM2:52423323B31234184486740,Cleburne,framework:province:alabama:2ea4f64966c3,Alabama,01,52423323B31234184486740,Cleburne,01029,Cleburne County,06,A,True,0.99732008,0.99677822,False,False,diagnostic-only; neither generalized/cartographic comparison certifies legal boundary
gb:USA:ADM2:52423323B31713445578936,Winston,framework:province:mississippi:ea192a347106,Mississippi,28,52423323B31713445578936,Winston,28159,Winston County,06,A,True,0.99784881,0.99743083,False,False,diagnostic-only; neither generalized/cartographic comparison certifies legal boundary
gb:USA:ADM2:52423323B32095866653049,McNairy,framework:province:tennessee:1e9839d5c457,Tennessee,47,52423323B32095866653049,McNairy,47109,McNairy County,06,A,True,0.99483848,0.99456631,False,False,diagnostic-only; neither generalized/cartographic comparison certifies legal boundary
gb:USA:ADM2:52423323B32098183633338,Forrest,framework:province:mississippi:ea192a347106,Mississippi,28,52423323B32098183633338,Forrest,28035,Forrest County,06,A,True,0.99779697,0.99766998,False,False,diagnostic-only; neither generalized/cartographic comparison certifies legal boundary
gb:USA:ADM2:52423323B32105317711789,Lawrence,framework:province:mississippi:ea192a347106,Mississippi,28,52423323B32105317711789,Lawrence,28077,Lawrence County,06,A,True,0.99702601,0.99667725,False,False,diagnostic-only; neither generalized/cartographic comparison certifies legal boundary
gb:USA:ADM2:52423323B32339389880328,Marion,framework:province:alabama:2ea4f64966c3,Alabama,01,52423323B32339389880328,Marion,01093,Marion County,06,A,True,0.99816259,0.9979572,False,False,diagnostic-only; neither generalized/cartographic comparison certifies legal boundary
gb:USA:ADM2:52423323B32649044831734,Lauderdale,framework:province:mississippi:ea192a347106,Mississippi,28,52423323B32649044831734,Lauderdale,28075,Lauderdale County,06,A,True,0.99876022,0.99845231,False,False,diagnostic-only; neither generalized/cartographic comparison certifies legal boundary
gb:USA:ADM2:52423323B32872285369279,Tallapoosa,framework:province:alabama:2ea4f64966c3,Alabama,01,52423323B32872285369279,Tallapoosa,01123,Tallapoosa County,06,A,True,0.99756151,0.99719474,False,False,diagnostic-only; neither generalized/cartographic comparison certifies legal boundary
gb:USA:ADM2:52423323B32953857630822,Pickens,framework:province:alabama:2ea4f64966c3,Alabama,01,52423323B32953857630822,Pickens,01107,Pickens County,06,A,True,0.9952425,0.99416852,False,False,diagnostic-only; neither generalized/cartographic comparison certifies legal boundary
gb:USA:ADM2:52423323B33166901073309,Lamar,framework:province:mississippi:ea192a347106,Mississippi,28,52423323B33166901073309,Lamar,28073,Lamar County,06,A,True,0.99944898,0.99918026,False,False,diagnostic-only; neither generalized/cartographic comparison certifies legal boundary
gb:USA:ADM2:52423323B34144827866245,Macon,framework:province:alabama:2ea4f64966c3,Alabama,01,52423323B34144827866245,Macon,01087,Macon County,06,A,True,0.99319085,0.99300562,False,False,diagnostic-only; neither generalized/cartographic comparison certifies legal boundary
gb:USA:ADM2:52423323B34509746924407,Hardeman,framework:province:tennessee:1e9839d5c457,Tennessee,47,52423323B34509746924407,Hardeman,47069,Hardeman County,06,A,True,0.99784288,0.99765116,False,False,diagnostic-only; neither generalized/cartographic comparison certifies legal boundary
gb:USA:ADM2:52423323B34772057373171,Lowndes,framework:province:mississippi:ea192a347106,Mississippi,28,52423323B34772057373171,Lowndes,28087,Lowndes County,06,A,True,0.99167858,0.99031515,False,False,diagnostic-only; neither generalized/cartographic comparison certifies legal boundary
gb:USA:ADM2:52423323B34914884801854,Clay,framework:province:tennessee:1e9839d5c457,Tennessee,47,52423323B34914884801854,Clay,47027,Clay County,06,A,True,0.98834108,0.98753992,False,False,diagnostic-only; neither generalized/cartographic comparison certifies legal boundary
gb:USA:ADM2:52423323B35365477332818,Chilton,framework:province:alabama:2ea4f64966c3,Alabama,01,52423323B35365477332818,Chilton,01021,Chilton County,06,A,True,0.99452763,0.99422777,False,False,diagnostic-only; neither generalized/cartographic comparison certifies legal boundary
gb:USA:ADM2:52423323B35376266327581,Warren,framework:province:mississippi:ea192a347106,Mississippi,28,52423323B35376266327581,Warren,28149,Warren County,06,A,True,0.98177791,0.98083084,False,False,diagnostic-only; neither generalized/cartographic comparison certifies legal boundary
gb:USA:ADM2:52423323B35434026565604,Union,framework:province:mississippi:ea192a347106,Mississippi,28,52423323B35434026565604,Union,28145,Union County,06,A,True,0.99823586,0.99811894,False,False,diagnostic-only; neither generalized/cartographic comparison certifies legal boundary
gb:USA:ADM2:52423323B36009531708683,Lee,framework:province:alabama:2ea4f64966c3,Alabama,01,52423323B36009531708683,Lee,01081,Lee County,06,A,True,0.99464558,0.9942375,False,False,diagnostic-only; neither generalized/cartographic comparison certifies legal boundary
gb:USA:ADM2:52423323B36027695230289,Obion,framework:province:tennessee:1e9839d5c457,Tennessee,47,52423323B36027695230289,Obion,47131,Obion County,06,A,True,0.99692779,0.99654544,False,False,diagnostic-only; neither generalized/cartographic comparison certifies legal boundary
gb:USA:ADM2:52423323B36475668892924,Simpson,framework:province:mississippi:ea192a347106,Mississippi,28,52423323B36475668892924,Simpson,28127,Simpson County,06,A,True,0.99303417,0.99287397,False,False,diagnostic-only; neither generalized/cartographic comparison certifies legal boundary
gb:USA:ADM2:52423323B37211265449281,Pearl River,framework:province:mississippi:ea192a347106,Mississippi,28,52423323B37211265449281,Pearl River,28109,Pearl River County,06,A,True,0.99679408,0.9940457,False,False,diagnostic-only; neither generalized/cartographic comparison certifies legal boundary
gb:USA:ADM2:52423323B37261590367764,Issaquena,framework:province:mississippi:ea192a347106,Mississippi,28,52423323B37261590367764,Issaquena,28055,Issaquena County,06,A,True,0.99245429,0.99050869,False,False,diagnostic-only; neither generalized/cartographic comparison certifies legal boundary
gb:USA:ADM2:52423323B3729306019568,Sullivan,framework:province:tennessee:1e9839d5c457,Tennessee,47,52423323B3729306019568,Sullivan,47163,Sullivan County,06,A,True,0.98741028,0.98700046,False,False,diagnostic-only; neither generalized/cartographic comparison certifies legal boundary
gb:USA:ADM2:52423323B37401868728279,Davidson,framework:province:tennessee:1e9839d5c457,Tennessee,47,52423323B37401868728279,Davidson,47037,Davidson County,06,C,True,0.98760559,0.98701649,False,False,diagnostic-only; neither generalized/cartographic comparison certifies legal boundary
gb:USA:ADM2:52423323B37655039009426,Overton,framework:province:tennessee:1e9839d5c457,Tennessee,47,52423323B37655039009426,Overton,47133,Overton County,06,A,True,0.98934425,0.98921127,False,False,diagnostic-only; neither generalized/cartographic comparison certifies legal boundary
gb:USA:ADM2:52423323B37878033921945,Loudon,framework:province:tennessee:1e9839d5c457,Tennessee,47,52423323B37878033921945,Loudon,47105,Loudon County,06,A,True,0.9653029,0.96492102,False,False,diagnostic-only; neither generalized/cartographic comparison certifies legal boundary
gb:USA:ADM2:52423323B37899299883293,Amite,framework:province:mississippi:ea192a347106,Mississippi,28,52423323B37899299883293,Amite,28005,Amite County,06,A,True,0.99711341,0.99689818,False,False,diagnostic-only; neither generalized/cartographic comparison certifies legal boundary
gb:USA:ADM2:52423323B38043667480018,Carroll,framework:province:tennessee:1e9839d5c457,Tennessee,47,52423323B38043667480018,Carroll,47017,Carroll County,06,A,True,0.9973079,0.99705165,False,False,diagnostic-only; neither generalized/cartographic comparison certifies legal boundary
gb:USA:ADM2:52423323B38201258104652,Crenshaw,framework:province:alabama:2ea4f64966c3,Alabama,01,52423323B38201258104652,Crenshaw,01041,Crenshaw County,06,A,True,0.99359555,0.99323936,False,False,diagnostic-only; neither generalized/cartographic comparison certifies legal boundary
gb:USA:ADM2:52423323B38317111384008,Cumberland,framework:province:tennessee:1e9839d5c457,Tennessee,47,52423323B38317111384008,Cumberland,47035,Cumberland County,06,A,True,0.99350049,0.99332729,False,False,diagnostic-only; neither generalized/cartographic comparison certifies legal boundary
gb:USA:ADM2:52423323B38524451377565,Covington,framework:province:alabama:2ea4f64966c3,Alabama,01,52423323B38524451377565,Covington,01039,Covington County,06,A,True,0.99703196,0.99673811,False,False,diagnostic-only; neither generalized/cartographic comparison certifies legal boundary
gb:USA:ADM2:52423323B38749584273521,Union,framework:province:tennessee:1e9839d5c457,Tennessee,47,52423323B38749584273521,Union,47173,Union County,06,A,True,0.98301972,0.98293173,False,False,diagnostic-only; neither generalized/cartographic comparison certifies legal boundary
gb:USA:ADM2:52423323B39062108095107,McMinn,framework:province:tennessee:1e9839d5c457,Tennessee,47,52423323B39062108095107,McMinn,47107,McMinn County,06,A,True,0.98325191,0.98301316,False,False,diagnostic-only; neither generalized/cartographic comparison certifies legal boundary
gb:USA:ADM2:52423323B39245718526350,Meigs,framework:province:tennessee:1e9839d5c457,Tennessee,47,52423323B39245718526350,Meigs,47121,Meigs County,06,A,True,0.96452259,0.96395176,False,False,diagnostic-only; neither generalized/cartographic comparison certifies legal boundary
gb:USA:ADM2:52423323B3928006362996,Bibb,framework:province:alabama:2ea4f64966c3,Alabama,01,52423323B3928006362996,Bibb,01007,Bibb County,06,A,True,0.99627644,0.9955657,False,False,diagnostic-only; neither generalized/cartographic comparison certifies legal boundary
gb:USA:ADM2:52423323B39779994842487,Escambia,framework:province:alabama:2ea4f64966c3,Alabama,01,52423323B39779994842487,Escambia,01053,Escambia County,06,A,True,0.99662775,0.99621087,False,False,diagnostic-only; neither generalized/cartographic comparison certifies legal boundary
gb:USA:ADM2:52423323B39960691316428,Claiborne,framework:province:mississippi:ea192a347106,Mississippi,28,52423323B39960691316428,Claiborne,28021,Claiborne County,06,A,True,0.98913395,0.98879246,False,False,diagnostic-only; neither generalized/cartographic comparison certifies legal boundary
gb:USA:ADM2:52423323B4006821929898,Greene,framework:province:mississippi:ea192a347106,Mississippi,28,52423323B4006821929898,Greene,28041,Greene County,06,A,True,0.99873454,0.99835007,False,False,diagnostic-only; neither generalized/cartographic comparison certifies legal boundary
gb:USA:ADM2:52423323B40462865306568,Holmes,framework:province:mississippi:ea192a347106,Mississippi,28,52423323B40462865306568,Holmes,28051,Holmes County,06,A,True,0.99013713,0.98978106,False,False,diagnostic-only; neither generalized/cartographic comparison certifies legal boundary
gb:USA:ADM2:52423323B41002783843524,Pike,framework:province:mississippi:ea192a347106,Mississippi,28,52423323B41002783843524,Pike,28113,Pike County,06,A,True,0.99936207,0.99905383,False,False,diagnostic-only; neither generalized/cartographic comparison certifies legal boundary
gb:USA:ADM2:52423323B41224890056443,Coahoma,framework:province:mississippi:ea192a347106,Mississippi,28,52423323B41224890056443,Coahoma,28027,Coahoma County,06,A,True,0.99802775,0.98287015,False,False,diagnostic-only; neither generalized/cartographic comparison certifies legal boundary
gb:USA:ADM2:52423323B41310745386926,Monroe,framework:province:tennessee:1e9839d5c457,Tennessee,47,52423323B41310745386926,Monroe,47123,Monroe County,06,A,True,0.98785678,0.98670721,False,False,diagnostic-only; neither generalized/cartographic comparison certifies legal boundary
gb:USA:ADM2:52423323B41638687445391,Robertson,framework:province:tennessee:1e9839d5c457,Tennessee,47,52423323B41638687445391,Robertson,47147,Robertson County,06,A,True,0.98932795,0.9886669,False,False,diagnostic-only; neither generalized/cartographic comparison certifies legal boundary
gb:USA:ADM2:52423323B4191008526240,Barbour,framework:province:alabama:2ea4f64966c3,Alabama,01,52423323B4191008526240,Barbour,01005,Barbour County,06,A,True,0.99028496,0.990305,False,False,diagnostic-only; neither generalized/cartographic comparison certifies legal boundary
gb:USA:ADM2:52423323B42225674167868,Benton,framework:province:mississippi:ea192a347106,Mississippi,28,52423323B42225674167868,Benton,28009,Benton County,06,A,True,0.99893564,0.99876558,False,False,diagnostic-only; neither generalized/cartographic comparison certifies legal boundary
gb:USA:ADM2:52423323B42225822984570,Scott,framework:province:tennessee:1e9839d5c457,Tennessee,47,52423323B42225822984570,Scott,47151,Scott County,06,A,True,0.99134048,0.99098177,False,False,diagnostic-only; neither generalized/cartographic comparison certifies legal boundary
gb:USA:ADM2:52423323B42706249994053,Henry,framework:province:tennessee:1e9839d5c457,Tennessee,47,52423323B42706249994053,Henry,47079,Henry County,06,A,True,0.99391544,0.99318919,False,False,diagnostic-only; neither generalized/cartographic comparison certifies legal boundary
gb:USA:ADM2:52423323B43754399816629,Leake,framework:province:mississippi:ea192a347106,Mississippi,28,52423323B43754399816629,Leake,28079,Leake County,06,A,True,0.99847278,0.99846413,False,False,diagnostic-only; neither generalized/cartographic comparison certifies legal boundary
gb:USA:ADM2:52423323B43963641408818,Henry,framework:province:alabama:2ea4f64966c3,Alabama,01,52423323B43963641408818,Henry,01067,Henry County,06,A,True,0.9913611,0.99108864,False,False,diagnostic-only; neither generalized/cartographic comparison certifies legal boundary
gb:USA:ADM2:52423323B445866632438,Tippah,framework:province:mississippi:ea192a347106,Mississippi,28,52423323B445866632438,Tippah,28139,Tippah County,06,A,True,0.99831883,0.99824058,False,False,diagnostic-only; neither generalized/cartographic comparison certifies legal boundary
gb:USA:ADM2:52423323B4494633873446,Yazoo,framework:province:mississippi:ea192a347106,Mississippi,28,52423323B4494633873446,Yazoo,28163,Yazoo County,06,A,True,0.98936223,0.98914664,False,False,diagnostic-only; neither generalized/cartographic comparison certifies legal boundary
gb:USA:ADM2:52423323B46234857736785,Madison,framework:province:alabama:2ea4f64966c3,Alabama,01,52423323B46234857736785,Madison,01089,Madison County,06,A,True,0.99138491,0.99104886,False,False,diagnostic-only; neither generalized/cartographic comparison certifies legal boundary
gb:USA:ADM2:52423323B46857882117510,Etowah,framework:province:alabama:2ea4f64966c3,Alabama,01,52423323B46857882117510,Etowah,01055,Etowah County,06,A,True,0.98999166,0.98979208,False,False,diagnostic-only; neither generalized/cartographic comparison certifies legal boundary
gb:USA:ADM2:52423323B47632571632654,Cullman,framework:province:alabama:2ea4f64966c3,Alabama,01,52423323B47632571632654,Cullman,01043,Cullman County,06,A,True,0.99005351,0.98968474,False,False,diagnostic-only; neither generalized/cartographic comparison certifies legal boundary
gb:USA:ADM2:52423323B48551637922403,Walthall,framework:province:mississippi:ea192a347106,Mississippi,28,52423323B48551637922403,Walthall,28147,Walthall County,06,A,True,0.99785484,0.99754349,False,False,diagnostic-only; neither generalized/cartographic comparison certifies legal boundary
gb:USA:ADM2:52423323B48791393763722,Choctaw,framework:province:mississippi:ea192a347106,Mississippi,28,52423323B48791393763722,Choctaw,28019,Choctaw County,06,A,True,0.99519011,0.99483349,False,False,diagnostic-only; neither generalized/cartographic comparison certifies legal boundary
gb:USA:ADM2:52423323B48886024703074,Unicoi,framework:province:tennessee:1e9839d5c457,Tennessee,47,52423323B48886024703074,Unicoi,47171,Unicoi County,06,A,True,0.99080323,0.98807583,False,False,diagnostic-only; neither generalized/cartographic comparison certifies legal boundary
gb:USA:ADM2:52423323B48999249202093,Bolivar,framework:province:mississippi:ea192a347106,Mississippi,28,52423323B48999249202093,Bolivar,28011,Bolivar County,06,A,True,0.99924055,0.98697543,False,False,diagnostic-only; neither generalized/cartographic comparison certifies legal boundary
gb:USA:ADM2:52423323B49198903326940,Hancock,framework:province:mississippi:ea192a347106,Mississippi,28,52423323B49198903326940,Hancock,28045,Hancock County,06,A,True,0.99548631,0.87602581,False,True,diagnostic-only; neither generalized/cartographic comparison certifies legal boundary
gb:USA:ADM2:52423323B49369040245103,Sumner,framework:province:tennessee:1e9839d5c457,Tennessee,47,52423323B49369040245103,Sumner,47165,Sumner County,06,A,True,0.99050898,0.98961829,False,False,diagnostic-only; neither generalized/cartographic comparison certifies legal boundary
gb:USA:ADM2:52423323B50167951251333,Marshall,framework:province:mississippi:ea192a347106,Mississippi,28,52423323B50167951251333,Marshall,28093,Marshall County,06,A,True,0.99684478,0.99647406,False,False,diagnostic-only; neither generalized/cartographic comparison certifies legal boundary
gb:USA:ADM2:52423323B51053623406996,Shelby,framework:province:tennessee:1e9839d5c457,Tennessee,47,52423323B51053623406996,Shelby,47157,Shelby County,06,A,True,0.99754363,0.98920908,False,False,diagnostic-only; neither generalized/cartographic comparison certifies legal boundary
gb:USA:ADM2:52423323B51119346032730,Jackson,framework:province:alabama:2ea4f64966c3,Alabama,01,52423323B51119346032730,Jackson,01071,Jackson County,06,A,True,0.99414528,0.99372865,False,False,diagnostic-only; neither generalized/cartographic comparison certifies legal boundary
gb:USA:ADM2:52423323B52352722786061,Winston,framework:province:alabama:2ea4f64966c3,Alabama,01,52423323B52352722786061,Winston,01133,Winston County,06,A,True,0.99514786,0.99467391,False,False,diagnostic-only; neither generalized/cartographic comparison certifies legal boundary
gb:USA:ADM2:52423323B52993259514924,Jones,framework:province:mississippi:ea192a347106,Mississippi,28,52423323B52993259514924,Jones,28067,Jones County,06,A,True,0.99899465,0.9988432,False,False,diagnostic-only; neither generalized/cartographic comparison certifies legal boundary
gb:USA:ADM2:52423323B53043457363296,Hinds,framework:province:mississippi:ea192a347106,Mississippi,28,52423323B53043457363296,Hinds,28049,Hinds County,06,A,True,0.98993478,0.98972194,False,False,diagnostic-only; neither generalized/cartographic comparison certifies legal boundary
gb:USA:ADM2:52423323B5327957773533,Oktibbeha,framework:province:mississippi:ea192a347106,Mississippi,28,52423323B5327957773533,Oktibbeha,28105,Oktibbeha County,06,A,True,0.99885123,0.99763005,False,False,diagnostic-only; neither generalized/cartographic comparison certifies legal boundary
gb:USA:ADM2:52423323B53549191673570,Elmore,framework:province:alabama:2ea4f64966c3,Alabama,01,52423323B53549191673570,Elmore,01051,Elmore County,06,A,True,0.98804631,0.98775639,False,False,diagnostic-only; neither generalized/cartographic comparison certifies legal boundary
gb:USA:ADM2:52423323B53848187527532,Stewart,framework:province:tennessee:1e9839d5c457,Tennessee,47,52423323B53848187527532,Stewart,47161,Stewart County,06,A,True,0.9942976,0.99301364,False,False,diagnostic-only; neither generalized/cartographic comparison certifies legal boundary
gb:USA:ADM2:52423323B54321928367648,Hancock,framework:province:tennessee:1e9839d5c457,Tennessee,47,52423323B54321928367648,Hancock,47067,Hancock County,06,A,True,0.98817693,0.98789696,False,False,diagnostic-only; neither generalized/cartographic comparison certifies legal boundary
gb:USA:ADM2:52423323B54587170177345,Haywood,framework:province:tennessee:1e9839d5c457,Tennessee,47,52423323B54587170177345,Haywood,47075,Haywood County,06,A,True,0.99544156,0.99527813,False,False,diagnostic-only; neither generalized/cartographic comparison certifies legal boundary
gb:USA:ADM2:52423323B54776950346262,Jackson,framework:province:tennessee:1e9839d5c457,Tennessee,47,52423323B54776950346262,Jackson,47087,Jackson County,06,A,True,0.98796459,0.98769441,False,False,diagnostic-only; neither generalized/cartographic comparison certifies legal boundary
gb:USA:ADM2:52423323B55415638355986,Bradley,framework:province:tennessee:1e9839d5c457,Tennessee,47,52423323B55415638355986,Bradley,47011,Bradley County,06,A,True,0.98383319,0.98369759,False,False,diagnostic-only; neither generalized/cartographic comparison certifies legal boundary
gb:USA:ADM2:52423323B55662622252090,Wilkinson,framework:province:mississippi:ea192a347106,Mississippi,28,52423323B55662622252090,Wilkinson,28157,Wilkinson County,06,A,True,0.99259534,0.99191171,False,False,diagnostic-only; neither generalized/cartographic comparison certifies legal boundary
gb:USA:ADM2:52423323B55832283983627,Perry,framework:province:mississippi:ea192a347106,Mississippi,28,52423323B55832283983627,Perry,28111,Perry County,06,A,True,0.99857405,0.99838587,False,False,diagnostic-only; neither generalized/cartographic comparison certifies legal boundary
gb:USA:ADM2:52423323B56025650408789,Humphreys,framework:province:mississippi:ea192a347106,Mississippi,28,52423323B56025650408789,Humphreys,28053,Humphreys County,06,A,True,0.98506168,0.98420335,False,False,diagnostic-only; neither generalized/cartographic comparison certifies legal boundary
gb:USA:ADM2:52423323B56559053703278,Pickett,framework:province:tennessee:1e9839d5c457,Tennessee,47,52423323B56559053703278,Pickett,47137,Pickett County,06,A,True,0.98668557,0.9849979,False,False,diagnostic-only; neither generalized/cartographic comparison certifies legal boundary
gb:USA:ADM2:52423323B56584420152614,Kemper,framework:province:mississippi:ea192a347106,Mississippi,28,52423323B56584420152614,Kemper,28069,Kemper County,06,A,True,0.99862296,0.99829099,False,False,diagnostic-only; neither generalized/cartographic comparison certifies legal boundary
gb:USA:ADM2:52423323B57218396029551,Choctaw,framework:province:alabama:2ea4f64966c3,Alabama,01,52423323B57218396029551,Choctaw,01023,Choctaw County,06,A,True,0.99258177,0.99177746,False,False,diagnostic-only; neither generalized/cartographic comparison certifies legal boundary
gb:USA:ADM2:52423323B57247601892980,Rhea,framework:province:tennessee:1e9839d5c457,Tennessee,47,52423323B57247601892980,Rhea,47143,Rhea County,06,A,True,0.98292648,0.98240553,False,False,diagnostic-only; neither generalized/cartographic comparison certifies legal boundary
gb:USA:ADM2:52423323B57415980272372,Hickman,framework:province:tennessee:1e9839d5c457,Tennessee,47,52423323B57415980272372,Hickman,47081,Hickman County,06,A,True,0.98997395,0.98979466,False,False,diagnostic-only; neither generalized/cartographic comparison certifies legal boundary
gb:USA:ADM2:52423323B58317366123226,Conecuh,framework:province:alabama:2ea4f64966c3,Alabama,01,52423323B58317366123226,Conecuh,01035,Conecuh County,06,A,True,0.99266804,0.99233165,False,False,diagnostic-only; neither generalized/cartographic comparison certifies legal boundary
gb:USA:ADM2:52423323B58582315603742,Stone,framework:province:mississippi:ea192a347106,Mississippi,28,52423323B58582315603742,Stone,28131,Stone County,06,A,True,0.99862128,0.99825716,False,False,diagnostic-only; neither generalized/cartographic comparison certifies legal boundary
gb:USA:ADM2:52423323B5863423777851,Geneva,framework:province:alabama:2ea4f64966c3,Alabama,01,52423323B5863423777851,Geneva,01061,Geneva County,06,A,True,0.99691489,0.99647462,False,False,diagnostic-only; neither generalized/cartographic comparison certifies legal boundary
gb:USA:ADM2:52423323B58767742506518,Scott,framework:province:mississippi:ea192a347106,Mississippi,28,52423323B58767742506518,Scott,28123,Scott County,06,A,True,0.9974923,0.99749304,False,False,diagnostic-only; neither generalized/cartographic comparison certifies legal boundary
gb:USA:ADM2:52423323B60515004813393,Baldwin,framework:province:alabama:2ea4f64966c3,Alabama,01,52423323B60515004813393,Baldwin,01003,Baldwin County,06,A,True,0.99255004,0.82322412,False,True,diagnostic-only; neither generalized/cartographic comparison certifies legal boundary
gb:USA:ADM2:52423323B60565520400225,Wayne,framework:province:tennessee:1e9839d5c457,Tennessee,47,52423323B60565520400225,Wayne,47181,Wayne County,06,A,True,0.9917041,0.99159347,False,False,diagnostic-only; neither generalized/cartographic comparison certifies legal boundary
gb:USA:ADM2:52423323B62285157730678,Perry,framework:province:tennessee:1e9839d5c457,Tennessee,47,52423323B62285157730678,Perry,47135,Perry County,06,A,True,0.98856463,0.98846439,False,False,diagnostic-only; neither generalized/cartographic comparison certifies legal boundary
gb:USA:ADM2:52423323B62552285254036,Bledsoe,framework:province:tennessee:1e9839d5c457,Tennessee,47,52423323B62552285254036,Bledsoe,47007,Bledsoe County,06,A,True,0.9907412,0.99012901,False,False,diagnostic-only; neither generalized/cartographic comparison certifies legal boundary
gb:USA:ADM2:52423323B63074123896929,Lewis,framework:province:tennessee:1e9839d5c457,Tennessee,47,52423323B63074123896929,Lewis,47101,Lewis County,06,A,True,0.98056603,0.98042947,False,False,diagnostic-only; neither generalized/cartographic comparison certifies legal boundary
gb:USA:ADM2:52423323B63204194774288,Limestone,framework:province:alabama:2ea4f64966c3,Alabama,01,52423323B63204194774288,Limestone,01083,Limestone County,06,A,True,0.99682528,0.99648392,False,False,diagnostic-only; neither generalized/cartographic comparison certifies legal boundary
gb:USA:ADM2:52423323B63395465279305,Campbell,framework:province:tennessee:1e9839d5c457,Tennessee,47,52423323B63395465279305,Campbell,47013,Campbell County,06,A,True,0.98596865,0.9856207,False,False,diagnostic-only; neither generalized/cartographic comparison certifies legal boundary
gb:USA:ADM2:52423323B63648176328273,Grundy,framework:province:tennessee:1e9839d5c457,Tennessee,47,52423323B63648176328273,Grundy,47061,Grundy County,06,A,True,0.98914862,0.98899023,False,False,diagnostic-only; neither generalized/cartographic comparison certifies legal boundary
gb:USA:ADM2:52423323B64097397586562,Grainger,framework:province:tennessee:1e9839d5c457,Tennessee,47,52423323B64097397586562,Grainger,47057,Grainger County,06,A,True,0.96614476,0.96553809,False,False,diagnostic-only; neither generalized/cartographic comparison certifies legal boundary
gb:USA:ADM2:52423323B64202112169449,Calhoun,framework:province:mississippi:ea192a347106,Mississippi,28,52423323B64202112169449,Calhoun,28013,Calhoun County,06,A,True,0.99858431,0.99827695,False,False,diagnostic-only; neither generalized/cartographic comparison certifies legal boundary
gb:USA:ADM2:52423323B64400488372532,Madison,framework:province:mississippi:ea192a347106,Mississippi,28,52423323B64400488372532,Madison,28089,Madison County,06,A,True,0.98670796,0.98631457,False,False,diagnostic-only; neither generalized/cartographic comparison certifies legal boundary
gb:USA:ADM2:52423323B64488882262112,Putnam,framework:province:tennessee:1e9839d5c457,Tennessee,47,52423323B64488882262112,Putnam,47141,Putnam County,06,A,True,0.98036285,0.98016589,False,False,diagnostic-only; neither generalized/cartographic comparison certifies legal boundary
gb:USA:ADM2:52423323B6550108004779,Cannon,framework:province:tennessee:1e9839d5c457,Tennessee,47,52423323B6550108004779,Cannon,47015,Cannon County,06,A,True,0.97921961,0.97923369,False,False,diagnostic-only; neither generalized/cartographic comparison certifies legal boundary
gb:USA:ADM2:52423323B65626355292212,Mobile,framework:province:alabama:2ea4f64966c3,Alabama,01,52423323B65626355292212,Mobile,01097,Mobile County,06,A,True,0.978808,0.78163973,False,True,diagnostic-only; neither generalized/cartographic comparison certifies legal boundary
gb:USA:ADM2:52423323B65726573708010,Rankin,framework:province:mississippi:ea192a347106,Mississippi,28,52423323B65726573708010,Rankin,28121,Rankin County,06,A,True,0.98876497,0.98853179,False,False,diagnostic-only; neither generalized/cartographic comparison certifies legal boundary
gb:USA:ADM2:52423323B65809730100750,Clarke,framework:province:alabama:2ea4f64966c3,Alabama,01,52423323B65809730100750,Clarke,01025,Clarke County,06,A,True,0.99016471,0.98985329,False,False,diagnostic-only; neither generalized/cartographic comparison certifies legal boundary
gb:USA:ADM2:52423323B66491934783020,Copiah,framework:province:mississippi:ea192a347106,Mississippi,28,52423323B66491934783020,Copiah,28029,Copiah County,06,A,True,0.99354734,0.99336094,False,False,diagnostic-only; neither generalized/cartographic comparison certifies legal boundary
gb:USA:ADM2:52423323B66750540744461,Bedford,framework:province:tennessee:1e9839d5c457,Tennessee,47,52423323B66750540744461,Bedford,47003,Bedford County,06,A,True,0.98422214,0.98414008,False,False,diagnostic-only; neither generalized/cartographic comparison certifies legal boundary
gb:USA:ADM2:52423323B66820493102445,George,framework:province:mississippi:ea192a347106,Mississippi,28,52423323B66820493102445,George,28039,George County,06,A,True,0.99846913,0.99819336,False,False,diagnostic-only; neither generalized/cartographic comparison certifies legal boundary
gb:USA:ADM2:52423323B67053212067628,Dyer,framework:province:tennessee:1e9839d5c457,Tennessee,47,52423323B67053212067628,Dyer,47045,Dyer County,06,A,True,0.99422501,0.99118768,False,False,diagnostic-only; neither generalized/cartographic comparison certifies legal boundary
gb:USA:ADM2:52423323B67844258759837,Lee,framework:province:mississippi:ea192a347106,Mississippi,28,52423323B67844258759837,Lee,28081,Lee County,06,A,True,0.99840729,0.99830235,False,False,diagnostic-only; neither generalized/cartographic comparison certifies legal boundary
gb:USA:ADM2:52423323B67875317902203,Tate,framework:province:mississippi:ea192a347106,Mississippi,28,52423323B67875317902203,Tate,28137,Tate County,06,A,True,0.98932422,0.9887653,False,False,diagnostic-only; neither generalized/cartographic comparison certifies legal boundary
gb:USA:ADM2:52423323B68047835703901,Dale,framework:province:alabama:2ea4f64966c3,Alabama,01,52423323B68047835703901,Dale,01045,Dale County,06,A,True,0.99594959,0.9956486,False,False,diagnostic-only; neither generalized/cartographic comparison certifies legal boundary
gb:USA:ADM2:52423323B68514472010910,Wilson,framework:province:tennessee:1e9839d5c457,Tennessee,47,52423323B68514472010910,Wilson,47189,Wilson County,06,A,True,0.9848231,0.9846298,False,False,diagnostic-only; neither generalized/cartographic comparison certifies legal boundary
gb:USA:ADM2:52423323B6874180594173,Washington,framework:province:tennessee:1e9839d5c457,Tennessee,47,52423323B6874180594173,Washington,47179,Washington County,06,A,True,0.98773447,0.98774862,False,False,diagnostic-only; neither generalized/cartographic comparison certifies legal boundary
gb:USA:ADM2:52423323B69277381036205,Smith,framework:province:mississippi:ea192a347106,Mississippi,28,52423323B69277381036205,Smith,28129,Smith County,06,A,True,0.99781938,0.99776755,False,False,diagnostic-only; neither generalized/cartographic comparison certifies legal boundary
gb:USA:ADM2:52423323B69981881388285,Chester,framework:province:tennessee:1e9839d5c457,Tennessee,47,52423323B69981881388285,Chester,47023,Chester County,06,A,True,0.98385954,0.98374086,False,False,diagnostic-only; neither generalized/cartographic comparison certifies legal boundary
gb:USA:ADM2:52423323B70800953145175,Quitman,framework:province:mississippi:ea192a347106,Mississippi,28,52423323B70800953145175,Quitman,28119,Quitman County,06,A,True,0.99542051,0.99518267,False,False,diagnostic-only; neither generalized/cartographic comparison certifies legal boundary
gb:USA:ADM2:52423323B70969793356502,Fentress,framework:province:tennessee:1e9839d5c457,Tennessee,47,52423323B70969793356502,Fentress,47049,Fentress County,06,A,True,0.9892126,0.98890773,False,False,diagnostic-only; neither generalized/cartographic comparison certifies legal boundary
gb:USA:ADM2:52423323B71217436545860,Jefferson Davis,framework:province:mississippi:ea192a347106,Mississippi,28,52423323B71217436545860,Jefferson Davis,28065,Jefferson Davis County,06,A,True,0.99711701,0.99695184,False,False,diagnostic-only; neither generalized/cartographic comparison certifies legal boundary
gb:USA:ADM2:52423323B71362276548625,Tishomingo,framework:province:mississippi:ea192a347106,Mississippi,28,52423323B71362276548625,Tishomingo,28141,Tishomingo County,06,A,True,0.99898955,0.99798662,False,False,diagnostic-only; neither generalized/cartographic comparison certifies legal boundary
gb:USA:ADM2:52423323B71507411372136,Maury,framework:province:tennessee:1e9839d5c457,Tennessee,47,52423323B71507411372136,Maury,47119,Maury County,06,A,True,0.98604134,0.9859558,False,False,diagnostic-only; neither generalized/cartographic comparison certifies legal boundary
gb:USA:ADM2:52423323B71852127868887,Grenada,framework:province:mississippi:ea192a347106,Mississippi,28,52423323B71852127868887,Grenada,28043,Grenada County,06,A,True,0.99829679,0.99763043,False,False,diagnostic-only; neither generalized/cartographic comparison certifies legal boundary
gb:USA:ADM2:52423323B7214659914962,Franklin,framework:province:alabama:2ea4f64966c3,Alabama,01,52423323B7214659914962,Franklin,01059,Franklin County,06,A,True,0.99570676,0.99494719,False,False,diagnostic-only; neither generalized/cartographic comparison certifies legal boundary
gb:USA:ADM2:52423323B72301028188801,Yalobusha,framework:province:mississippi:ea192a347106,Mississippi,28,52423323B72301028188801,Yalobusha,28161,Yalobusha County,06,A,True,0.9977972,0.99757878,False,False,diagnostic-only; neither generalized/cartographic comparison certifies legal boundary
gb:USA:ADM2:52423323B72584832166287,Houston,framework:province:alabama:2ea4f64966c3,Alabama,01,52423323B72584832166287,Houston,01069,Houston County,06,A,True,0.99181598,0.99133838,False,False,diagnostic-only; neither generalized/cartographic comparison certifies legal boundary
gb:USA:ADM2:52423323B73218040263092,Pike,framework:province:alabama:2ea4f64966c3,Alabama,01,52423323B73218040263092,Pike,01109,Pike County,06,A,True,0.99427831,0.99412282,False,False,diagnostic-only; neither generalized/cartographic comparison certifies legal boundary
gb:USA:ADM2:52423323B73272811402688,Colbert,framework:province:alabama:2ea4f64966c3,Alabama,01,52423323B73272811402688,Colbert,01033,Colbert County,06,A,True,0.98917218,0.98862488,False,False,diagnostic-only; neither generalized/cartographic comparison certifies legal boundary
gb:USA:ADM2:52423323B73768341334687,Lawrence,framework:province:tennessee:1e9839d5c457,Tennessee,47,52423323B73768341334687,Lawrence,47099,Lawrence County,06,A,True,0.99072196,0.9904092,False,False,diagnostic-only; neither generalized/cartographic comparison certifies legal boundary
gb:USA:ADM2:52423323B73777550823735,Wilcox,framework:province:alabama:2ea4f64966c3,Alabama,01,52423323B73777550823735,Wilcox,01131,Wilcox County,06,A,True,0.99505823,0.99451691,False,False,diagnostic-only; neither generalized/cartographic comparison certifies legal boundary
gb:USA:ADM2:52423323B74369514091215,Hale,framework:province:alabama:2ea4f64966c3,Alabama,01,52423323B74369514091215,Hale,01065,Hale County,06,A,True,0.99084437,0.99047369,False,False,diagnostic-only; neither generalized/cartographic comparison certifies legal boundary
gb:USA:ADM2:52423323B74850919464616,Cherokee,framework:province:alabama:2ea4f64966c3,Alabama,01,52423323B74850919464616,Cherokee,01019,Cherokee County,06,A,True,0.99636588,0.99604236,False,False,diagnostic-only; neither generalized/cartographic comparison certifies legal boundary
gb:USA:ADM2:52423323B75014079638055,Greene,framework:province:tennessee:1e9839d5c457,Tennessee,47,52423323B75014079638055,Greene,47059,Greene County,06,A,True,0.99284178,0.99202713,False,False,diagnostic-only; neither generalized/cartographic comparison certifies legal boundary
gb:USA:ADM2:52423323B75107932939522,Monroe,framework:province:mississippi:ea192a347106,Mississippi,28,52423323B75107932939522,Monroe,28095,Monroe County,06,A,True,0.99685012,0.99656389,False,False,diagnostic-only; neither generalized/cartographic comparison certifies legal boundary
gb:USA:ADM2:52423323B75177719130655,Benton,framework:province:tennessee:1e9839d5c457,Tennessee,47,52423323B75177719130655,Benton,47005,Benton County,06,A,True,0.98878695,0.98832367,False,False,diagnostic-only; neither generalized/cartographic comparison certifies legal boundary
gb:USA:ADM2:52423323B76716649378452,Lauderdale,framework:province:alabama:2ea4f64966c3,Alabama,01,52423323B76716649378452,Lauderdale,01077,Lauderdale County,06,A,True,0.99495967,0.99412113,False,False,diagnostic-only; neither generalized/cartographic comparison certifies legal boundary
gb:USA:ADM2:52423323B7740407343608,Pontotoc,framework:province:mississippi:ea192a347106,Mississippi,28,52423323B7740407343608,Pontotoc,28115,Pontotoc County,06,A,True,0.99887878,0.99873367,False,False,diagnostic-only; neither generalized/cartographic comparison certifies legal boundary
gb:USA:ADM2:52423323B77789245141210,Russell,framework:province:alabama:2ea4f64966c3,Alabama,01,52423323B77789245141210,Russell,01113,Russell County,06,A,True,0.98938749,0.98889889,False,False,diagnostic-only; neither generalized/cartographic comparison certifies legal boundary
gb:USA:ADM2:52423323B79076745514263,Humphreys,framework:province:tennessee:1e9839d5c457,Tennessee,47,52423323B79076745514263,Humphreys,47085,Humphreys County,06,A,True,0.99077925,0.99069794,False,False,diagnostic-only; neither generalized/cartographic comparison certifies legal boundary
gb:USA:ADM2:52423323B79314410482452,Lincoln,framework:province:mississippi:ea192a347106,Mississippi,28,52423323B79314410482452,Lincoln,28085,Lincoln County,06,A,True,0.99819482,0.99782337,False,False,diagnostic-only; neither generalized/cartographic comparison certifies legal boundary
gb:USA:ADM2:52423323B79437263897554,Monroe,framework:province:alabama:2ea4f64966c3,Alabama,01,52423323B79437263897554,Monroe,01099,Monroe County,06,A,True,0.99278918,0.99249199,False,False,diagnostic-only; neither generalized/cartographic comparison certifies legal boundary
gb:USA:ADM2:52423323B79783446194500,Adams,framework:province:mississippi:ea192a347106,Mississippi,28,52423323B79783446194500,Adams,28001,Adams County,06,A,True,0.98740037,0.98606896,False,False,diagnostic-only; neither generalized/cartographic comparison certifies legal boundary
gb:USA:ADM2:52423323B79791422709235,Perry,framework:province:alabama:2ea4f64966c3,Alabama,01,52423323B79791422709235,Perry,01105,Perry County,06,A,True,0.99675586,0.9965551,False,False,diagnostic-only; neither generalized/cartographic comparison certifies legal boundary
gb:USA:ADM2:52423323B79974581250794,Fayette,framework:province:alabama:2ea4f64966c3,Alabama,01,52423323B79974581250794,Fayette,01057,Fayette County,06,A,True,0.99705211,0.99663688,False,False,diagnostic-only; neither generalized/cartographic comparison certifies legal boundary
gb:USA:ADM2:52423323B80025699833508,Newton,framework:province:mississippi:ea192a347106,Mississippi,28,52423323B80025699833508,Newton,28101,Newton County,06,A,True,0.99863844,0.99852013,False,False,diagnostic-only; neither generalized/cartographic comparison certifies legal boundary
gb:USA:ADM2:52423323B80158894867662,Panola,framework:province:mississippi:ea192a347106,Mississippi,28,52423323B80158894867662,Panola,28107,Panola County,06,A,True,0.99724963,0.99704357,False,False,diagnostic-only; neither generalized/cartographic comparison certifies legal boundary
gb:USA:ADM2:52423323B80267107041052,Coosa,framework:province:alabama:2ea4f64966c3,Alabama,01,52423323B80267107041052,Coosa,01037,Coosa County,06,A,True,0.99580333,0.9956942,False,False,diagnostic-only; neither generalized/cartographic comparison certifies legal boundary
gb:USA:ADM2:52423323B80507694011137,Lafayette,framework:province:mississippi:ea192a347106,Mississippi,28,52423323B80507694011137,Lafayette,28071,Lafayette County,06,A,True,0.99621182,0.99572877,False,False,diagnostic-only; neither generalized/cartographic comparison certifies legal boundary
gb:USA:ADM2:52423323B82941732188534,Polk,framework:province:tennessee:1e9839d5c457,Tennessee,47,52423323B82941732188534,Polk,47139,Polk County,06,A,True,0.99702027,0.99650574,False,False,diagnostic-only; neither generalized/cartographic comparison certifies legal boundary
gb:USA:ADM2:52423323B83509298228219,Jefferson,framework:province:alabama:2ea4f64966c3,Alabama,01,52423323B83509298228219,Jefferson,01073,Jefferson County,06,A,True,0.99327194,0.99311113,False,False,diagnostic-only; neither generalized/cartographic comparison certifies legal boundary
gb:USA:ADM2:52423323B83760027582767,Clay,framework:province:mississippi:ea192a347106,Mississippi,28,52423323B83760027582767,Clay,28025,Clay County,06,A,True,0.99121218,0.99077958,False,False,diagnostic-only; neither generalized/cartographic comparison certifies legal boundary
gb:USA:ADM2:52423323B84021637502917,Jasper,framework:province:mississippi:ea192a347106,Mississippi,28,52423323B84021637502917,Jasper,28061,Jasper County,06,A,True,0.99878252,0.99870945,False,False,diagnostic-only; neither generalized/cartographic comparison certifies legal boundary
gb:USA:ADM2:52423323B84097929612493,Chickasaw,framework:province:mississippi:ea192a347106,Mississippi,28,52423323B84097929612493,Chickasaw,28017,Chickasaw County,06,A,True,0.99784616,0.9977922,False,False,diagnostic-only; neither generalized/cartographic comparison certifies legal boundary
gb:USA:ADM2:52423323B8433965475447,Neshoba,framework:province:mississippi:ea192a347106,Mississippi,28,52423323B8433965475447,Neshoba,28099,Neshoba County,06,A,True,0.9965539,0.99648563,False,False,diagnostic-only; neither generalized/cartographic comparison certifies legal boundary
gb:USA:ADM2:52423323B8492210965079,Marion,framework:province:tennessee:1e9839d5c457,Tennessee,47,52423323B8492210965079,Marion,47115,Marion County,06,A,True,0.99307107,0.99273237,False,False,diagnostic-only; neither generalized/cartographic comparison certifies legal boundary
gb:USA:ADM2:52423323B84989214455528,Gibson,framework:province:tennessee:1e9839d5c457,Tennessee,47,52423323B84989214455528,Gibson,47053,Gibson County,06,A,True,0.99286049,0.9926674,False,False,diagnostic-only; neither generalized/cartographic comparison certifies legal boundary
gb:USA:ADM2:52423323B85290148440084,Covington,framework:province:mississippi:ea192a347106,Mississippi,28,52423323B85290148440084,Covington,28031,Covington County,06,A,True,0.99739975,0.99720379,False,False,diagnostic-only; neither generalized/cartographic comparison certifies legal boundary
gb:USA:ADM2:52423323B85460642411407,Carroll,framework:province:mississippi:ea192a347106,Mississippi,28,52423323B85460642411407,Carroll,28015,Carroll County,06,A,True,0.99591893,0.99580214,False,False,diagnostic-only; neither generalized/cartographic comparison certifies legal boundary
gb:USA:ADM2:52423323B86424015189760,Fayette,framework:province:tennessee:1e9839d5c457,Tennessee,47,52423323B86424015189760,Fayette,47047,Fayette County,06,A,True,0.99831278,0.99736743,False,False,diagnostic-only; neither generalized/cartographic comparison certifies legal boundary
gb:USA:ADM2:52423323B86616716880286,Noxubee,framework:province:mississippi:ea192a347106,Mississippi,28,52423323B86616716880286,Noxubee,28103,Noxubee County,06,A,True,0.99898395,0.99870294,False,False,diagnostic-only; neither generalized/cartographic comparison certifies legal boundary
gb:USA:ADM2:52423323B88025454001467,Marshall,framework:province:tennessee:1e9839d5c457,Tennessee,47,52423323B88025454001467,Marshall,47117,Marshall County,06,A,True,0.97853333,0.97848143,False,False,diagnostic-only; neither generalized/cartographic comparison certifies legal boundary
gb:USA:ADM2:52423323B88226115005443,Carter,framework:province:tennessee:1e9839d5c457,Tennessee,47,52423323B88226115005443,Carter,47019,Carter County,06,A,True,0.98692782,0.98588392,False,False,diagnostic-only; neither generalized/cartographic comparison certifies legal boundary
gb:USA:ADM2:52423323B88662766732523,Dallas,framework:province:alabama:2ea4f64966c3,Alabama,01,52423323B88662766732523,Dallas,01047,Dallas County,06,A,True,0.9930583,0.99279237,False,False,diagnostic-only; neither generalized/cartographic comparison certifies legal boundary
gb:USA:ADM2:52423323B89058096253104,Dickson,framework:province:tennessee:1e9839d5c457,Tennessee,47,52423323B89058096253104,Dickson,47043,Dickson County,06,A,True,0.98809094,0.98785339,False,False,diagnostic-only; neither generalized/cartographic comparison certifies legal boundary
gb:USA:ADM2:52423323B89334194896332,Hamilton,framework:province:tennessee:1e9839d5c457,Tennessee,47,52423323B89334194896332,Hamilton,47065,Hamilton County,06,A,True,0.98979363,0.98923294,False,False,diagnostic-only; neither generalized/cartographic comparison certifies legal boundary
gb:USA:ADM2:52423323B89355331485408,Shelby,framework:province:alabama:2ea4f64966c3,Alabama,01,52423323B89355331485408,Shelby,01117,Shelby County,06,A,True,0.98907144,0.98884365,False,False,diagnostic-only; neither generalized/cartographic comparison certifies legal boundary
gb:USA:ADM2:52423323B90675614750768,St. Clair,framework:province:alabama:2ea4f64966c3,Alabama,01,52423323B90675614750768,St. Clair,01115,St. Clair County,06,A,True,0.98662841,0.98639527,False,False,diagnostic-only; neither generalized/cartographic comparison certifies legal boundary
gb:USA:ADM2:52423323B91175482939714,Sevier,framework:province:tennessee:1e9839d5c457,Tennessee,47,52423323B91175482939714,Sevier,47155,Sevier County,06,A,True,0.98870398,0.98736316,False,False,diagnostic-only; neither generalized/cartographic comparison certifies legal boundary
gb:USA:ADM2:52423323B91350179619182,Marshall,framework:province:alabama:2ea4f64966c3,Alabama,01,52423323B91350179619182,Marshall,01095,Marshall County,06,A,True,0.98991963,0.98978148,False,False,diagnostic-only; neither generalized/cartographic comparison certifies legal boundary
gb:USA:ADM2:52423323B92011906728955,Tuscaloosa,framework:province:alabama:2ea4f64966c3,Alabama,01,52423323B92011906728955,Tuscaloosa,01125,Tuscaloosa County,06,A,True,0.99608244,0.99578455,False,False,diagnostic-only; neither generalized/cartographic comparison certifies legal boundary
gb:USA:ADM2:52423323B92383596242389,Lincoln,framework:province:tennessee:1e9839d5c457,Tennessee,47,52423323B92383596242389,Lincoln,47103,Lincoln County,06,A,True,0.99350449,0.99310077,False,False,diagnostic-only; neither generalized/cartographic comparison certifies legal boundary
gb:USA:ADM2:52423323B92517842712244,Blount,framework:province:tennessee:1e9839d5c457,Tennessee,47,52423323B92517842712244,Blount,47009,Blount County,06,A,True,0.98582263,0.98480198,False,False,diagnostic-only; neither generalized/cartographic comparison certifies legal boundary
gb:USA:ADM2:52423323B92545989664473,Montgomery,framework:province:alabama:2ea4f64966c3,Alabama,01,52423323B92545989664473,Montgomery,01101,Montgomery County,06,A,True,0.98952563,0.98917408,False,False,diagnostic-only; neither generalized/cartographic comparison certifies legal boundary
gb:USA:ADM2:52423323B93149818401656,Cocke,framework:province:tennessee:1e9839d5c457,Tennessee,47,52423323B93149818401656,Cocke,47029,Cocke County,06,A,True,0.98610183,0.98461596,False,False,diagnostic-only; neither generalized/cartographic comparison certifies legal boundary
gb:USA:ADM2:52423323B93324902631491,Sharkey,framework:province:mississippi:ea192a347106,Mississippi,28,52423323B93324902631491,Sharkey,28125,Sharkey County,06,A,True,0.99043266,0.98950273,False,False,diagnostic-only; neither generalized/cartographic comparison certifies legal boundary
gb:USA:ADM2:52423323B93336914433207,Randolph,framework:province:alabama:2ea4f64966c3,Alabama,01,52423323B93336914433207,Randolph,01111,Randolph County,06,A,True,0.99583337,0.99525051,False,False,diagnostic-only; neither generalized/cartographic comparison certifies legal boundary
gb:USA:ADM2:52423323B93681408672805,Bullock,framework:province:alabama:2ea4f64966c3,Alabama,01,52423323B93681408672805,Bullock,01011,Bullock County,06,A,True,0.99540388,0.99530253,False,False,diagnostic-only; neither generalized/cartographic comparison certifies legal boundary
gb:USA:ADM2:52423323B9408482102272,Lawrence,framework:province:alabama:2ea4f64966c3,Alabama,01,52423323B9408482102272,Lawrence,01079,Lawrence County,06,A,True,0.99122546,0.9908408,False,False,diagnostic-only; neither generalized/cartographic comparison certifies legal boundary
gb:USA:ADM2:52423323B94631767050196,Montgomery,framework:province:mississippi:ea192a347106,Mississippi,28,52423323B94631767050196,Montgomery,28097,Montgomery County,06,A,True,0.99699015,0.99664687,False,False,diagnostic-only; neither generalized/cartographic comparison certifies legal boundary
gb:USA:ADM2:52423323B94676857448045,White,framework:province:tennessee:1e9839d5c457,Tennessee,47,52423323B94676857448045,White,47185,White County,06,A,True,0.98099012,0.98088027,False,False,diagnostic-only; neither generalized/cartographic comparison certifies legal boundary
gb:USA:ADM2:52423323B95053612066868,Montgomery,framework:province:tennessee:1e9839d5c457,Tennessee,47,52423323B95053612066868,Montgomery,47125,Montgomery County,06,A,True,0.99200461,0.99122834,False,False,diagnostic-only; neither generalized/cartographic comparison certifies legal boundary
gb:USA:ADM2:52423323B95439935659374,Tipton,framework:province:tennessee:1e9839d5c457,Tennessee,47,52423323B95439935659374,Tipton,47167,Tipton County,06,A,True,0.9889055,0.97739329,False,False,diagnostic-only; neither generalized/cartographic comparison certifies legal boundary
gb:USA:ADM2:52423323B95617372231955,Coffee,framework:province:alabama:2ea4f64966c3,Alabama,01,52423323B95617372231955,Coffee,01031,Coffee County,06,A,True,0.99637817,0.99597829,False,False,diagnostic-only; neither generalized/cartographic comparison certifies legal boundary
gb:USA:ADM2:52423323B9626966163113,Washington,framework:province:mississippi:ea192a347106,Mississippi,28,52423323B9626966163113,Washington,28151,Washington County,06,A,True,0.99620985,0.99143339,False,False,diagnostic-only; neither generalized/cartographic comparison certifies legal boundary
gb:USA:ADM2:52423323B96350777838033,Walker,framework:province:alabama:2ea4f64966c3,Alabama,01,52423323B96350777838033,Walker,01127,Walker County,06,A,True,0.9958035,0.99543149,False,False,diagnostic-only; neither generalized/cartographic comparison certifies legal boundary
gb:USA:ADM2:52423323B96631758595189,Butler,framework:province:alabama:2ea4f64966c3,Alabama,01,52423323B96631758595189,Butler,01013,Butler County,06,A,True,0.9957563,0.99560614,False,False,diagnostic-only; neither generalized/cartographic comparison certifies legal boundary
gb:USA:ADM2:52423323B97110600833834,Talladega,framework:province:alabama:2ea4f64966c3,Alabama,01,52423323B97110600833834,Talladega,01121,Talladega County,06,A,True,0.99084677,0.99051974,False,False,diagnostic-only; neither generalized/cartographic comparison certifies legal boundary
gb:USA:ADM2:52423323B97407151829576,Franklin,framework:province:mississippi:ea192a347106,Mississippi,28,52423323B97407151829576,Franklin,28037,Franklin County,06,A,True,0.99587623,0.99579063,False,False,diagnostic-only; neither generalized/cartographic comparison certifies legal boundary
gb:USA:ADM2:52423323B98267290722512,Sunflower,framework:province:mississippi:ea192a347106,Mississippi,28,52423323B98267290722512,Sunflower,28133,Sunflower County,06,A,True,0.99734749,0.99713608,False,False,diagnostic-only; neither generalized/cartographic comparison certifies legal boundary
gb:USA:ADM2:52423323B98361785836731,Roane,framework:province:tennessee:1e9839d5c457,Tennessee,47,52423323B98361785836731,Roane,47145,Roane County,06,A,True,0.98091045,0.98068811,False,False,diagnostic-only; neither generalized/cartographic comparison certifies legal boundary
gb:USA:ADM2:52423323B98518761698174,Tunica,framework:province:mississippi:ea192a347106,Mississippi,28,52423323B98518761698174,Tunica,28143,Tunica County,06,A,True,0.99064562,0.96702751,False,False,diagnostic-only; neither generalized/cartographic comparison certifies legal boundary
gb:USA:ADM2:52423323B99720105467999,Johnson,framework:province:tennessee:1e9839d5c457,Tennessee,47,52423323B99720105467999,Johnson,47091,Johnson County,06,A,True,0.98683701,0.98507736,False,False,diagnostic-only; neither generalized/cartographic comparison certifies legal boundary
gb:USA:ADM2:52423323B99805929976659,Weakley,framework:province:tennessee:1e9839d5c457,Tennessee,47,52423323B99805929976659,Weakley,47183,Weakley County,06,A,True,0.99517365,0.99459939,False,False,diagnostic-only; neither generalized/cartographic comparison certifies legal boundary
