location_id,name,parent_id,parent_name,individual_classification,source_tier_classification,area_membership_classification,geometry_type,geometry_valid,geometry_validity_detail,geometry_parts,geometry_component_summary,source_dataset,source_feature_id,source_feature_name,source_tier_or_role,source_geometry_type,source_geometry_parts,source_geometry_component_summary,atlas_topology_reconciled,atlas_topology_note,atlas_original_geometry_sha256,source_vintage,source_license,evidence_assessment,evidence_paths,citation_urls,engineering_handoff
atlas:city:TUR-2265,Istanbul,framework:province:istanbul:e5fc55544189,Istanbul,correction-needed,justified,correction-needed,MultiPolygon,True,Valid Geometry,2,"[{""bounds"":[27.9724,40.956,29.1122,41.5906],""exterior_vertices"":104},{""bounds"":[29.0063,40.9067,29.4014,41.232],""exterior_vertices"":46}]",Natural Earth Admin 1 / Atlas city aggregation,TUR-2265,Istanbul,province-wide Atlas city aggregate,MultiPolygon,2,"[{""bounds"":[28.149321,40.961615,29.109223,41.540167],""exterior_vertices"":103},{""bounds"":[29.007579,40.875474,29.884613,41.240709],""exterior_vertices"":53}]",,,,Natural Earth 10m Admin 1 retained Atlas reference (undated modern reference),Public domain (Natural Earth),whole Istanbul aggregation is supported as Istanbul identity but crosses Europe and Asia,data/semantic-report.json (change index 38); sources/natural-earth-ca96624/ne_10m_admin_1_states_provinces.geojson.gz; sources/goturkiye-istanbul.html; sources/ibb-istanbul-air-quality-strategy.pdf,https://www.naturalearthdata.com/downloads/10m-cultural-vectors/10m-admin-1-states-provinces/; https://goturkiye.com/bluevoyage/istanbul; https://cevre.ibb.istanbul/wp-content/uploads/2021/12/actionplan.pdf,Do not treat the full Istanbul province aggregate as Europe-only. Determine a named area boundary or a sub-provincial split before asserting membership.
gb:SVN:ADM2:79292919B24353346281842,Hodoj,atlas:reparent:province:4e6bd54928b43de9,Hodoj,correction-needed,justified,correction-needed,Polygon,True,Valid Geometry,1,"[{""bounds"":[16.2908,46.7977,16.3446,46.86570742],""exterior_vertices"":14}]",geoBoundaries SVN-ADM2,79292919B24353346281842,Hodoj,Municipality (geoBoundaries ADM2),Polygon,1,"[{""bounds"":[16.2907572,46.7969698,16.3508405,46.8664048],""exterior_vertices"":867}]",True,"Shared display coverage reconciled against Natural Earth reference borders, then finer source geometry. Original source boundaries may differ.",eb65b7ba9e63645a2d5b5546005f7409a0629a175d2d8932b9d1910d139303e7,2017,ODbL 1.0,current municipality identity supported by GOV.SI; Atlas source spelling Hodoj conflicts with official Hodoš/Hodos,sources/geoboundaries-9469f09/geoBoundaries-SVN-ADM2.geojson; sources/geoboundaries-9469f09/geoBoundaries-SVN-ADM2-metaData.json; sources/govsi-hodos.html; sources/surs-pomurska-region.html; sources/govsi-history-slovenia.html,https://github.com/wmgeolab/geoBoundaries/raw/9469f09/releaseData/gbOpen/SVN/ADM2/geoBoundaries-SVN-ADM2.geojson; https://www.gov.si/drzavni-organi/upravne-enote/murska-sobota/o-upravni-enoti-murska-sobota/obcine-in-naselja-upravne-enote-murska-sobota/; https://www.stat.si/obcine/sl/Region/Index/1; https://www.gov.si/en/topics/history-of-slovenia/,"Correct source-name rendering and review the historical Yugoslavia grouping; Slovenia has been independent since 1991, so this is not a current-state national parent."
gb:TUR:ADM2:54988432B10630286252901,Muratlı,framework:province:tekirdag:c24f60760c10,Tekirdağ,insufficient-evidence,justified,insufficient-evidence,Polygon,True,Valid Geometry,1,"[{""bounds"":[27.2818,41.0602,27.6608,41.2594],""exterior_vertices"":38}]",geoBoundaries TUR-ADM2-54988432,54988432B10630286252901,Muratlı,Districts,Polygon,1,"[{""bounds"":[27.2735597,41.0602404,27.6608077,41.2620819],""exterior_vertices"":445}]",,,,2021,ODbL 1.0,identity-and-tier-supported; exact Europe-side boundary membership unresolved,"sources/geoboundaries-9469f09/geoBoundaries-TUR-ADM2.geojson; sources/geoboundaries-9469f09/geoBoundaries-TUR-ADM2-metaData.json; sources/interior-ministry-district-foundation-2018.pdf (province pages 24, 30, 53, 78); sources/interior-ministry-valilikler.html; sources/tourism-ministry-regions.html; sources/goturkiye-thrace.html",https://github.com/wmgeolab/geoBoundaries/raw/9469f09/releaseData/gbOpen/TUR/ADM2/geoBoundaries-TUR-ADM2.geojson; https://icisleri.gov.tr/kurumlar/icisleri.gov.tr/IcSite/illeridaresi/Bilgiler2/%C4%B0l%20ve%20%C4%B0l%C3%A7e%20Kurulu%C5%9F%20Tarihleri%202018.pdf; https://www.icisleri.gov.tr/valilikler; https://www.ktb.gov.tr/EN-99760/regions.html; https://goturkiye.com/thrace/thrace-goturkiye,Assess Europe-side membership against a declared boundary convention; Çanakkale contains transcontinental/strait geography and Tourism Thrace is a narrower administrative convention.
gb:TUR:ADM2:54988432B13184104417142,Meriç,framework:province:edirne:014114bd82bd,Edirne,insufficient-evidence,justified,insufficient-evidence,MultiPolygon,True,Valid Geometry,2,"[{""bounds"":[26.3105,41.0262,26.5793,41.3283],""exterior_vertices"":75},{""bounds"":[26.46623217,41.2999,26.4674,41.30087707],""exterior_vertices"":4}]",geoBoundaries TUR-ADM2-54988432,54988432B13184104417142,Meriç,Districts,Polygon,1,"[{""bounds"":[26.3029776,41.0262408,26.5793214,41.3289957],""exterior_vertices"":529}]",True,"Shared display coverage reconciled against Natural Earth reference borders, then finer source geometry. Original source boundaries may differ.",a5003512d82be9fcb0e48fd1c6ae07886e56a18ae727715a8ddd52cda74a2dd1,2021,ODbL 1.0,identity-and-tier-supported; exact Europe-side boundary membership unresolved,"sources/geoboundaries-9469f09/geoBoundaries-TUR-ADM2.geojson; sources/geoboundaries-9469f09/geoBoundaries-TUR-ADM2-metaData.json; sources/interior-ministry-district-foundation-2018.pdf (province pages 24, 30, 53, 78); sources/interior-ministry-valilikler.html; sources/tourism-ministry-regions.html; sources/goturkiye-thrace.html",https://github.com/wmgeolab/geoBoundaries/raw/9469f09/releaseData/gbOpen/TUR/ADM2/geoBoundaries-TUR-ADM2.geojson; https://icisleri.gov.tr/kurumlar/icisleri.gov.tr/IcSite/illeridaresi/Bilgiler2/%C4%B0l%20ve%20%C4%B0l%C3%A7e%20Kurulu%C5%9F%20Tarihleri%202018.pdf; https://www.icisleri.gov.tr/valilikler; https://www.ktb.gov.tr/EN-99760/regions.html; https://goturkiye.com/thrace/thrace-goturkiye,"Assess Europe-side membership against a declared boundary convention; Çanakkale contains transcontinental/strait geography and Tourism Thrace is a narrower administrative convention. Its raw 2021 source geometry is Polygon but the Atlas display geometry is a topology-reconciled two-part MultiPolygon, including one near-zero sliver; engineering should inspect both without replacing the source."
gb:TUR:ADM2:54988432B14406336237626,Uzunköprü,framework:province:edirne:014114bd82bd,Edirne,insufficient-evidence,justified,insufficient-evidence,Polygon,True,Valid Geometry,1,"[{""bounds"":[26.4689,41.03,26.9599,41.4441],""exterior_vertices"":59}]",geoBoundaries TUR-ADM2-54988432,54988432B14406336237626,Uzunköprü,Districts,Polygon,1,"[{""bounds"":[26.4688658,41.0299784,26.962179,41.4440739],""exterior_vertices"":338}]",True,"Shared display coverage reconciled against Natural Earth reference borders, then finer source geometry. Original source boundaries may differ.",565859d3fc845859e8f5137865fc184b50aa96066b5130b778e91f2e7c9d9de8,2021,ODbL 1.0,identity-and-tier-supported; exact Europe-side boundary membership unresolved,"sources/geoboundaries-9469f09/geoBoundaries-TUR-ADM2.geojson; sources/geoboundaries-9469f09/geoBoundaries-TUR-ADM2-metaData.json; sources/interior-ministry-district-foundation-2018.pdf (province pages 24, 30, 53, 78); sources/interior-ministry-valilikler.html; sources/tourism-ministry-regions.html; sources/goturkiye-thrace.html",https://github.com/wmgeolab/geoBoundaries/raw/9469f09/releaseData/gbOpen/TUR/ADM2/geoBoundaries-TUR-ADM2.geojson; https://icisleri.gov.tr/kurumlar/icisleri.gov.tr/IcSite/illeridaresi/Bilgiler2/%C4%B0l%20ve%20%C4%B0l%C3%A7e%20Kurulu%C5%9F%20Tarihleri%202018.pdf; https://www.icisleri.gov.tr/valilikler; https://www.ktb.gov.tr/EN-99760/regions.html; https://goturkiye.com/thrace/thrace-goturkiye,Assess Europe-side membership against a declared boundary convention; Çanakkale contains transcontinental/strait geography and Tourism Thrace is a narrower administrative convention.
gb:TUR:ADM2:54988432B15496700745430,İpsala,framework:province:edirne:014114bd82bd,Edirne,insufficient-evidence,justified,insufficient-evidence,Polygon,True,Valid Geometry,1,"[{""bounds"":[26.1671,40.7306,26.5913,41.1059],""exterior_vertices"":38}]",geoBoundaries TUR-ADM2-54988432,54988432B15496700745430,İpsala,Districts,Polygon,1,"[{""bounds"":[26.1671166,40.7306418,26.5916141,41.1058739],""exterior_vertices"":702}]",,,,2021,ODbL 1.0,identity-and-tier-supported; exact Europe-side boundary membership unresolved,"sources/geoboundaries-9469f09/geoBoundaries-TUR-ADM2.geojson; sources/geoboundaries-9469f09/geoBoundaries-TUR-ADM2-metaData.json; sources/interior-ministry-district-foundation-2018.pdf (province pages 24, 30, 53, 78); sources/interior-ministry-valilikler.html; sources/tourism-ministry-regions.html; sources/goturkiye-thrace.html",https://github.com/wmgeolab/geoBoundaries/raw/9469f09/releaseData/gbOpen/TUR/ADM2/geoBoundaries-TUR-ADM2.geojson; https://icisleri.gov.tr/kurumlar/icisleri.gov.tr/IcSite/illeridaresi/Bilgiler2/%C4%B0l%20ve%20%C4%B0l%C3%A7e%20Kurulu%C5%9F%20Tarihleri%202018.pdf; https://www.icisleri.gov.tr/valilikler; https://www.ktb.gov.tr/EN-99760/regions.html; https://goturkiye.com/thrace/thrace-goturkiye,Assess Europe-side membership against a declared boundary convention; Çanakkale contains transcontinental/strait geography and Tourism Thrace is a narrower administrative convention.
gb:TUR:ADM2:54988432B17351022548299,Marmaraereğlisi,framework:province:tekirdag:c24f60760c10,Tekirdağ,insufficient-evidence,justified,insufficient-evidence,Polygon,True,Valid Geometry,1,"[{""bounds"":[27.7293,40.9641,28.0134,41.1189],""exterior_vertices"":27}]",geoBoundaries TUR-ADM2-54988432,54988432B17351022548299,Marmaraereğlisi,Districts,MultiPolygon,2,"[{""bounds"":[27.7292635,40.962308,28.0134334,41.118927],""exterior_vertices"":1140},{""bounds"":[27.8967183,40.9608326,27.8968915,40.9609227],""exterior_vertices"":7}]",,,,2021,ODbL 1.0,identity-and-tier-supported; exact Europe-side boundary membership unresolved,"sources/geoboundaries-9469f09/geoBoundaries-TUR-ADM2.geojson; sources/geoboundaries-9469f09/geoBoundaries-TUR-ADM2-metaData.json; sources/interior-ministry-district-foundation-2018.pdf (province pages 24, 30, 53, 78); sources/interior-ministry-valilikler.html; sources/tourism-ministry-regions.html; sources/goturkiye-thrace.html",https://github.com/wmgeolab/geoBoundaries/raw/9469f09/releaseData/gbOpen/TUR/ADM2/geoBoundaries-TUR-ADM2.geojson; https://icisleri.gov.tr/kurumlar/icisleri.gov.tr/IcSite/illeridaresi/Bilgiler2/%C4%B0l%20ve%20%C4%B0l%C3%A7e%20Kurulu%C5%9F%20Tarihleri%202018.pdf; https://www.icisleri.gov.tr/valilikler; https://www.ktb.gov.tr/EN-99760/regions.html; https://goturkiye.com/thrace/thrace-goturkiye,"Assess Europe-side membership against a declared boundary convention; Çanakkale contains transcontinental/strait geography and Tourism Thrace is a narrower administrative convention. Its raw 2021 source geometry is a two-part MultiPolygon, while Atlas is Polygon; the source has a second tiny component not separately present in the current geometry. Check island/source lineage before changing any boundary."
gb:TUR:ADM2:54988432B25362626597569,Şarköy,framework:province:tekirdag:c24f60760c10,Tekirdağ,insufficient-evidence,justified,insufficient-evidence,Polygon,True,Valid Geometry,1,"[{""bounds"":[26.9033,40.5383,27.4041,40.8216],""exterior_vertices"":48}]",geoBoundaries TUR-ADM2-54988432,54988432B25362626597569,Şarköy,Districts,Polygon,1,"[{""bounds"":[26.9033,40.5382581,27.4041062,40.8218539],""exterior_vertices"":1870}]",,,,2021,ODbL 1.0,identity-and-tier-supported; exact Europe-side boundary membership unresolved,"sources/geoboundaries-9469f09/geoBoundaries-TUR-ADM2.geojson; sources/geoboundaries-9469f09/geoBoundaries-TUR-ADM2-metaData.json; sources/interior-ministry-district-foundation-2018.pdf (province pages 24, 30, 53, 78); sources/interior-ministry-valilikler.html; sources/tourism-ministry-regions.html; sources/goturkiye-thrace.html",https://github.com/wmgeolab/geoBoundaries/raw/9469f09/releaseData/gbOpen/TUR/ADM2/geoBoundaries-TUR-ADM2.geojson; https://icisleri.gov.tr/kurumlar/icisleri.gov.tr/IcSite/illeridaresi/Bilgiler2/%C4%B0l%20ve%20%C4%B0l%C3%A7e%20Kurulu%C5%9F%20Tarihleri%202018.pdf; https://www.icisleri.gov.tr/valilikler; https://www.ktb.gov.tr/EN-99760/regions.html; https://goturkiye.com/thrace/thrace-goturkiye,Assess Europe-side membership against a declared boundary convention; Çanakkale contains transcontinental/strait geography and Tourism Thrace is a narrower administrative convention.
gb:TUR:ADM2:54988432B271913105949,Kırklareli merkez,framework:province:krklareli:43f6269fc7b3,Kırklareli,insufficient-evidence,justified,insufficient-evidence,Polygon,True,Valid Geometry,1,"[{""bounds"":[26.9042,41.5779,27.5558,42.0606],""exterior_vertices"":89}]",geoBoundaries TUR-ADM2-54988432,54988432B271913105949,Kırklareli merkez,Districts,Polygon,1,"[{""bounds"":[26.9041978,41.5778612,27.5562959,42.0607078],""exterior_vertices"":775}]",True,"Shared display coverage reconciled against Natural Earth reference borders, then finer source geometry. Original source boundaries may differ.",6c2fe3f01b6395bb63920e28dab38d6bd38e0ef2e8cae06cde51d053ae599dac,2021,ODbL 1.0,identity-and-tier-supported; exact Europe-side boundary membership unresolved,"sources/geoboundaries-9469f09/geoBoundaries-TUR-ADM2.geojson; sources/geoboundaries-9469f09/geoBoundaries-TUR-ADM2-metaData.json; sources/interior-ministry-district-foundation-2018.pdf (province pages 24, 30, 53, 78); sources/interior-ministry-valilikler.html; sources/tourism-ministry-regions.html; sources/goturkiye-thrace.html",https://github.com/wmgeolab/geoBoundaries/raw/9469f09/releaseData/gbOpen/TUR/ADM2/geoBoundaries-TUR-ADM2.geojson; https://icisleri.gov.tr/kurumlar/icisleri.gov.tr/IcSite/illeridaresi/Bilgiler2/%C4%B0l%20ve%20%C4%B0l%C3%A7e%20Kurulu%C5%9F%20Tarihleri%202018.pdf; https://www.icisleri.gov.tr/valilikler; https://www.ktb.gov.tr/EN-99760/regions.html; https://goturkiye.com/thrace/thrace-goturkiye,Assess Europe-side membership against a declared boundary convention; Çanakkale contains transcontinental/strait geography and Tourism Thrace is a narrower administrative convention.
gb:TUR:ADM2:54988432B30085289837224,Demirköy,framework:province:krklareli:43f6269fc7b3,Kırklareli,insufficient-evidence,justified,insufficient-evidence,Polygon,True,Valid Geometry,1,"[{""bounds"":[27.508,41.7395,28.0572,41.9997],""exterior_vertices"":116}]",geoBoundaries TUR-ADM2-54988432,54988432B30085289837224,Demirköy,Districts,Polygon,1,"[{""bounds"":[27.5080026,41.7394772,28.057202,42.0065643],""exterior_vertices"":1981}]",True,"Shared display coverage reconciled against Natural Earth reference borders, then finer source geometry. Original source boundaries may differ.",99b4f918965eacc7c31b4be085966a94941b231dce50cdbd98e20c23b4d62f82,2021,ODbL 1.0,identity-and-tier-supported; exact Europe-side boundary membership unresolved,"sources/geoboundaries-9469f09/geoBoundaries-TUR-ADM2.geojson; sources/geoboundaries-9469f09/geoBoundaries-TUR-ADM2-metaData.json; sources/interior-ministry-district-foundation-2018.pdf (province pages 24, 30, 53, 78); sources/interior-ministry-valilikler.html; sources/tourism-ministry-regions.html; sources/goturkiye-thrace.html",https://github.com/wmgeolab/geoBoundaries/raw/9469f09/releaseData/gbOpen/TUR/ADM2/geoBoundaries-TUR-ADM2.geojson; https://icisleri.gov.tr/kurumlar/icisleri.gov.tr/IcSite/illeridaresi/Bilgiler2/%C4%B0l%20ve%20%C4%B0l%C3%A7e%20Kurulu%C5%9F%20Tarihleri%202018.pdf; https://www.icisleri.gov.tr/valilikler; https://www.ktb.gov.tr/EN-99760/regions.html; https://goturkiye.com/thrace/thrace-goturkiye,Assess Europe-side membership against a declared boundary convention; Çanakkale contains transcontinental/strait geography and Tourism Thrace is a narrower administrative convention.
gb:TUR:ADM2:54988432B34565722813998,Gelibolu,framework:province:canakkale:1b939d251929,Çanakkale,insufficient-evidence,justified,insufficient-evidence,Polygon,True,Valid Geometry,1,"[{""bounds"":[26.36,40.2523,27.0499,40.7607],""exterior_vertices"":76}]",geoBoundaries TUR-ADM2-54988432,54988432B34565722813998,Gelibolu,Districts,Polygon,1,"[{""bounds"":[26.3599758,40.2522866,27.0499,40.762],""exterior_vertices"":3752}]",,,,2021,ODbL 1.0,identity-and-tier-supported; exact Europe-side boundary membership unresolved,"sources/geoboundaries-9469f09/geoBoundaries-TUR-ADM2.geojson; sources/geoboundaries-9469f09/geoBoundaries-TUR-ADM2-metaData.json; sources/interior-ministry-district-foundation-2018.pdf (province pages 24, 30, 53, 78); sources/interior-ministry-valilikler.html; sources/tourism-ministry-regions.html; sources/goturkiye-thrace.html",https://github.com/wmgeolab/geoBoundaries/raw/9469f09/releaseData/gbOpen/TUR/ADM2/geoBoundaries-TUR-ADM2.geojson; https://icisleri.gov.tr/kurumlar/icisleri.gov.tr/IcSite/illeridaresi/Bilgiler2/%C4%B0l%20ve%20%C4%B0l%C3%A7e%20Kurulu%C5%9F%20Tarihleri%202018.pdf; https://www.icisleri.gov.tr/valilikler; https://www.ktb.gov.tr/EN-99760/regions.html; https://goturkiye.com/thrace/thrace-goturkiye,Assess Europe-side membership against a declared boundary convention; Çanakkale contains transcontinental/strait geography and Tourism Thrace is a narrower administrative convention.
gb:TUR:ADM2:54988432B35042353333735,Babaeski,framework:province:krklareli:43f6269fc7b3,Kırklareli,insufficient-evidence,justified,insufficient-evidence,Polygon,True,Valid Geometry,1,"[{""bounds"":[26.917,41.2693,27.2576,41.6309],""exterior_vertices"":43}]",geoBoundaries TUR-ADM2-54988432,54988432B35042353333735,Babaeski,Districts,Polygon,1,"[{""bounds"":[26.9170338,41.2602725,27.2575813,41.6309245],""exterior_vertices"":340}]",,,,2021,ODbL 1.0,identity-and-tier-supported; exact Europe-side boundary membership unresolved,"sources/geoboundaries-9469f09/geoBoundaries-TUR-ADM2.geojson; sources/geoboundaries-9469f09/geoBoundaries-TUR-ADM2-metaData.json; sources/interior-ministry-district-foundation-2018.pdf (province pages 24, 30, 53, 78); sources/interior-ministry-valilikler.html; sources/tourism-ministry-regions.html; sources/goturkiye-thrace.html",https://github.com/wmgeolab/geoBoundaries/raw/9469f09/releaseData/gbOpen/TUR/ADM2/geoBoundaries-TUR-ADM2.geojson; https://icisleri.gov.tr/kurumlar/icisleri.gov.tr/IcSite/illeridaresi/Bilgiler2/%C4%B0l%20ve%20%C4%B0l%C3%A7e%20Kurulu%C5%9F%20Tarihleri%202018.pdf; https://www.icisleri.gov.tr/valilikler; https://www.ktb.gov.tr/EN-99760/regions.html; https://goturkiye.com/thrace/thrace-goturkiye,Assess Europe-side membership against a declared boundary convention; Çanakkale contains transcontinental/strait geography and Tourism Thrace is a narrower administrative convention.
gb:TUR:ADM2:54988432B35722603775069,Edirne merkez,framework:province:edirne:014114bd82bd,Edirne,insufficient-evidence,justified,insufficient-evidence,Polygon,True,Valid Geometry,1,"[{""bounds"":[26.3291,41.4419,26.8155,41.8541],""exterior_vertices"":54}]",geoBoundaries TUR-ADM2-54988432,54988432B35722603775069,Edirne merkez,Districts,Polygon,1,"[{""bounds"":[26.328995,41.4419274,26.815488,41.8541178],""exterior_vertices"":547}]",True,"Shared display coverage reconciled against Natural Earth reference borders, then finer source geometry. Original source boundaries may differ.",d6dd01471721adddcf8870bf8ed6595ed30801b1a0a544c35ae4c40cf78e6e53,2021,ODbL 1.0,identity-and-tier-supported; exact Europe-side boundary membership unresolved,"sources/geoboundaries-9469f09/geoBoundaries-TUR-ADM2.geojson; sources/geoboundaries-9469f09/geoBoundaries-TUR-ADM2-metaData.json; sources/interior-ministry-district-foundation-2018.pdf (province pages 24, 30, 53, 78); sources/interior-ministry-valilikler.html; sources/tourism-ministry-regions.html; sources/goturkiye-thrace.html",https://github.com/wmgeolab/geoBoundaries/raw/9469f09/releaseData/gbOpen/TUR/ADM2/geoBoundaries-TUR-ADM2.geojson; https://icisleri.gov.tr/kurumlar/icisleri.gov.tr/IcSite/illeridaresi/Bilgiler2/%C4%B0l%20ve%20%C4%B0l%C3%A7e%20Kurulu%C5%9F%20Tarihleri%202018.pdf; https://www.icisleri.gov.tr/valilikler; https://www.ktb.gov.tr/EN-99760/regions.html; https://goturkiye.com/thrace/thrace-goturkiye,Assess Europe-side membership against a declared boundary convention; Çanakkale contains transcontinental/strait geography and Tourism Thrace is a narrower administrative convention.
gb:TUR:ADM2:54988432B36689852261015,Çerkezköy,framework:province:tekirdag:c24f60760c10,Tekirdağ,insufficient-evidence,justified,insufficient-evidence,Polygon,True,Valid Geometry,1,"[{""bounds"":[27.8906,41.1876,28.085,41.3381],""exterior_vertices"":19}]",geoBoundaries TUR-ADM2-54988432,54988432B36689852261015,Çerkezköy,Districts,Polygon,1,"[{""bounds"":[27.8906361,41.187423,28.0850459,41.3381136],""exterior_vertices"":520}]",,,,2021,ODbL 1.0,identity-and-tier-supported; exact Europe-side boundary membership unresolved,"sources/geoboundaries-9469f09/geoBoundaries-TUR-ADM2.geojson; sources/geoboundaries-9469f09/geoBoundaries-TUR-ADM2-metaData.json; sources/interior-ministry-district-foundation-2018.pdf (province pages 24, 30, 53, 78); sources/interior-ministry-valilikler.html; sources/tourism-ministry-regions.html; sources/goturkiye-thrace.html",https://github.com/wmgeolab/geoBoundaries/raw/9469f09/releaseData/gbOpen/TUR/ADM2/geoBoundaries-TUR-ADM2.geojson; https://icisleri.gov.tr/kurumlar/icisleri.gov.tr/IcSite/illeridaresi/Bilgiler2/%C4%B0l%20ve%20%C4%B0l%C3%A7e%20Kurulu%C5%9F%20Tarihleri%202018.pdf; https://www.icisleri.gov.tr/valilikler; https://www.ktb.gov.tr/EN-99760/regions.html; https://goturkiye.com/thrace/thrace-goturkiye,Assess Europe-side membership against a declared boundary convention; Çanakkale contains transcontinental/strait geography and Tourism Thrace is a narrower administrative convention.
gb:TUR:ADM2:54988432B41555288308569,Pehlivanköy,framework:province:krklareli:43f6269fc7b3,Kırklareli,insufficient-evidence,justified,insufficient-evidence,Polygon,True,Valid Geometry,1,"[{""bounds"":[26.8901,41.3094,27.0205,41.4815],""exterior_vertices"":18}]",geoBoundaries TUR-ADM2-54988432,54988432B41555288308569,Pehlivanköy,Districts,Polygon,1,"[{""bounds"":[26.8840527,41.3093915,27.0204826,41.4815043],""exterior_vertices"":69}]",,,,2021,ODbL 1.0,identity-and-tier-supported; exact Europe-side boundary membership unresolved,"sources/geoboundaries-9469f09/geoBoundaries-TUR-ADM2.geojson; sources/geoboundaries-9469f09/geoBoundaries-TUR-ADM2-metaData.json; sources/interior-ministry-district-foundation-2018.pdf (province pages 24, 30, 53, 78); sources/interior-ministry-valilikler.html; sources/tourism-ministry-regions.html; sources/goturkiye-thrace.html",https://github.com/wmgeolab/geoBoundaries/raw/9469f09/releaseData/gbOpen/TUR/ADM2/geoBoundaries-TUR-ADM2.geojson; https://icisleri.gov.tr/kurumlar/icisleri.gov.tr/IcSite/illeridaresi/Bilgiler2/%C4%B0l%20ve%20%C4%B0l%C3%A7e%20Kurulu%C5%9F%20Tarihleri%202018.pdf; https://www.icisleri.gov.tr/valilikler; https://www.ktb.gov.tr/EN-99760/regions.html; https://goturkiye.com/thrace/thrace-goturkiye,Assess Europe-side membership against a declared boundary convention; Çanakkale contains transcontinental/strait geography and Tourism Thrace is a narrower administrative convention.
gb:TUR:ADM2:54988432B42786148579241,Imbros,framework:province:canakkale:1b939d251929,Çanakkale,insufficient-evidence,justified,insufficient-evidence,Polygon,True,Valid Geometry,1,"[{""bounds"":[25.6654,40.0914,26.014,40.2402],""exterior_vertices"":26}]",geoBoundaries TUR-ADM2-54988432,54988432B42786148579241,Imbros,Districts,Polygon,1,"[{""bounds"":[25.6654487,40.0914057,26.014548,40.2405006],""exterior_vertices"":2451}]",,,,2021,ODbL 1.0,identity-and-tier-supported; exact Europe-side boundary membership unresolved,"sources/geoboundaries-9469f09/geoBoundaries-TUR-ADM2.geojson; sources/geoboundaries-9469f09/geoBoundaries-TUR-ADM2-metaData.json; sources/interior-ministry-district-foundation-2018.pdf (province pages 24, 30, 53, 78); sources/interior-ministry-valilikler.html; sources/tourism-ministry-regions.html; sources/goturkiye-thrace.html",https://github.com/wmgeolab/geoBoundaries/raw/9469f09/releaseData/gbOpen/TUR/ADM2/geoBoundaries-TUR-ADM2.geojson; https://icisleri.gov.tr/kurumlar/icisleri.gov.tr/IcSite/illeridaresi/Bilgiler2/%C4%B0l%20ve%20%C4%B0l%C3%A7e%20Kurulu%C5%9F%20Tarihleri%202018.pdf; https://www.icisleri.gov.tr/valilikler; https://www.ktb.gov.tr/EN-99760/regions.html; https://goturkiye.com/thrace/thrace-goturkiye,Assess Europe-side membership against a declared boundary convention; Çanakkale contains transcontinental/strait geography and Tourism Thrace is a narrower administrative convention.
gb:TUR:ADM2:54988432B52670947871077,Kapaklı,framework:province:tekirdag:c24f60760c10,Tekirdağ,insufficient-evidence,justified,insufficient-evidence,Polygon,True,Valid Geometry,1,"[{""bounds"":[27.7804,41.2544,28.0981,41.3987],""exterior_vertices"":34}]",geoBoundaries TUR-ADM2-54988432,54988432B52670947871077,Kapaklı,Districts,Polygon,1,"[{""bounds"":[27.7803654,41.2543555,28.0985784,41.4032202],""exterior_vertices"":568}]",,,,2021,ODbL 1.0,identity-and-tier-supported; exact Europe-side boundary membership unresolved,"sources/geoboundaries-9469f09/geoBoundaries-TUR-ADM2.geojson; sources/geoboundaries-9469f09/geoBoundaries-TUR-ADM2-metaData.json; sources/interior-ministry-district-foundation-2018.pdf (province pages 24, 30, 53, 78); sources/interior-ministry-valilikler.html; sources/tourism-ministry-regions.html; sources/goturkiye-thrace.html",https://github.com/wmgeolab/geoBoundaries/raw/9469f09/releaseData/gbOpen/TUR/ADM2/geoBoundaries-TUR-ADM2.geojson; https://icisleri.gov.tr/kurumlar/icisleri.gov.tr/IcSite/illeridaresi/Bilgiler2/%C4%B0l%20ve%20%C4%B0l%C3%A7e%20Kurulu%C5%9F%20Tarihleri%202018.pdf; https://www.icisleri.gov.tr/valilikler; https://www.ktb.gov.tr/EN-99760/regions.html; https://goturkiye.com/thrace/thrace-goturkiye,Assess Europe-side membership against a declared boundary convention; Çanakkale contains transcontinental/strait geography and Tourism Thrace is a narrower administrative convention.
gb:TUR:ADM2:54988432B58240098893835,Enez,framework:province:edirne:014114bd82bd,Edirne,insufficient-evidence,justified,insufficient-evidence,Polygon,True,Valid Geometry,1,"[{""bounds"":[26.0364,40.5896,26.3645,40.8112],""exterior_vertices"":25}]",geoBoundaries TUR-ADM2-54988432,54988432B58240098893835,Enez,Districts,Polygon,1,"[{""bounds"":[26.036337,40.5895255,26.3644803,40.8112467],""exterior_vertices"":1098}]",,,,2021,ODbL 1.0,identity-and-tier-supported; exact Europe-side boundary membership unresolved,"sources/geoboundaries-9469f09/geoBoundaries-TUR-ADM2.geojson; sources/geoboundaries-9469f09/geoBoundaries-TUR-ADM2-metaData.json; sources/interior-ministry-district-foundation-2018.pdf (province pages 24, 30, 53, 78); sources/interior-ministry-valilikler.html; sources/tourism-ministry-regions.html; sources/goturkiye-thrace.html",https://github.com/wmgeolab/geoBoundaries/raw/9469f09/releaseData/gbOpen/TUR/ADM2/geoBoundaries-TUR-ADM2.geojson; https://icisleri.gov.tr/kurumlar/icisleri.gov.tr/IcSite/illeridaresi/Bilgiler2/%C4%B0l%20ve%20%C4%B0l%C3%A7e%20Kurulu%C5%9F%20Tarihleri%202018.pdf; https://www.icisleri.gov.tr/valilikler; https://www.ktb.gov.tr/EN-99760/regions.html; https://goturkiye.com/thrace/thrace-goturkiye,Assess Europe-side membership against a declared boundary convention; Çanakkale contains transcontinental/strait geography and Tourism Thrace is a narrower administrative convention.
gb:TUR:ADM2:54988432B58494916258206,Kofçaz,framework:province:krklareli:43f6269fc7b3,Kırklareli,insufficient-evidence,justified,insufficient-evidence,Polygon,True,Valid Geometry,1,"[{""bounds"":[26.9656,41.8583,27.3409,42.1018],""exterior_vertices"":83}]",geoBoundaries TUR-ADM2-54988432,54988432B58494916258206,Kofçaz,Districts,Polygon,1,"[{""bounds"":[26.9655121,41.8583,27.3470659,42.1048008],""exterior_vertices"":1027}]",True,"Shared display coverage reconciled against Natural Earth reference borders, then finer source geometry. Original source boundaries may differ.",7d9dc0482121a48561be5108aee1d4bef164095fa41f8d17a8a09e628ad3800c,2021,ODbL 1.0,identity-and-tier-supported; exact Europe-side boundary membership unresolved,"sources/geoboundaries-9469f09/geoBoundaries-TUR-ADM2.geojson; sources/geoboundaries-9469f09/geoBoundaries-TUR-ADM2-metaData.json; sources/interior-ministry-district-foundation-2018.pdf (province pages 24, 30, 53, 78); sources/interior-ministry-valilikler.html; sources/tourism-ministry-regions.html; sources/goturkiye-thrace.html",https://github.com/wmgeolab/geoBoundaries/raw/9469f09/releaseData/gbOpen/TUR/ADM2/geoBoundaries-TUR-ADM2.geojson; https://icisleri.gov.tr/kurumlar/icisleri.gov.tr/IcSite/illeridaresi/Bilgiler2/%C4%B0l%20ve%20%C4%B0l%C3%A7e%20Kurulu%C5%9F%20Tarihleri%202018.pdf; https://www.icisleri.gov.tr/valilikler; https://www.ktb.gov.tr/EN-99760/regions.html; https://goturkiye.com/thrace/thrace-goturkiye,Assess Europe-side membership against a declared boundary convention; Çanakkale contains transcontinental/strait geography and Tourism Thrace is a narrower administrative convention.
gb:TUR:ADM2:54988432B61533400869276,Ergene,framework:province:tekirdag:c24f60760c10,Tekirdağ,insufficient-evidence,justified,insufficient-evidence,Polygon,True,Valid Geometry,1,"[{""bounds"":[27.5765,41.1699,27.9575,41.4251],""exterior_vertices"":45}]",geoBoundaries TUR-ADM2-54988432,54988432B61533400869276,Ergene,Districts,Polygon,1,"[{""bounds"":[27.5705552,41.1687369,27.9588425,41.425077],""exterior_vertices"":1420}]",,,,2021,ODbL 1.0,identity-and-tier-supported; exact Europe-side boundary membership unresolved,"sources/geoboundaries-9469f09/geoBoundaries-TUR-ADM2.geojson; sources/geoboundaries-9469f09/geoBoundaries-TUR-ADM2-metaData.json; sources/interior-ministry-district-foundation-2018.pdf (province pages 24, 30, 53, 78); sources/interior-ministry-valilikler.html; sources/tourism-ministry-regions.html; sources/goturkiye-thrace.html",https://github.com/wmgeolab/geoBoundaries/raw/9469f09/releaseData/gbOpen/TUR/ADM2/geoBoundaries-TUR-ADM2.geojson; https://icisleri.gov.tr/kurumlar/icisleri.gov.tr/IcSite/illeridaresi/Bilgiler2/%C4%B0l%20ve%20%C4%B0l%C3%A7e%20Kurulu%C5%9F%20Tarihleri%202018.pdf; https://www.icisleri.gov.tr/valilikler; https://www.ktb.gov.tr/EN-99760/regions.html; https://goturkiye.com/thrace/thrace-goturkiye,Assess Europe-side membership against a declared boundary convention; Çanakkale contains transcontinental/strait geography and Tourism Thrace is a narrower administrative convention.
gb:TUR:ADM2:54988432B62220540436660,Süloğlu,framework:province:edirne:014114bd82bd,Edirne,insufficient-evidence,justified,insufficient-evidence,Polygon,True,Valid Geometry,1,"[{""bounds"":[26.763,41.6612,27.0263,41.872],""exterior_vertices"":22}]",geoBoundaries TUR-ADM2-54988432,54988432B62220540436660,Süloğlu,Districts,Polygon,1,"[{""bounds"":[26.7630263,41.6611967,27.0263148,41.8719673],""exterior_vertices"":37}]",,,,2021,ODbL 1.0,identity-and-tier-supported; exact Europe-side boundary membership unresolved,"sources/geoboundaries-9469f09/geoBoundaries-TUR-ADM2.geojson; sources/geoboundaries-9469f09/geoBoundaries-TUR-ADM2-metaData.json; sources/interior-ministry-district-foundation-2018.pdf (province pages 24, 30, 53, 78); sources/interior-ministry-valilikler.html; sources/tourism-ministry-regions.html; sources/goturkiye-thrace.html",https://github.com/wmgeolab/geoBoundaries/raw/9469f09/releaseData/gbOpen/TUR/ADM2/geoBoundaries-TUR-ADM2.geojson; https://icisleri.gov.tr/kurumlar/icisleri.gov.tr/IcSite/illeridaresi/Bilgiler2/%C4%B0l%20ve%20%C4%B0l%C3%A7e%20Kurulu%C5%9F%20Tarihleri%202018.pdf; https://www.icisleri.gov.tr/valilikler; https://www.ktb.gov.tr/EN-99760/regions.html; https://goturkiye.com/thrace/thrace-goturkiye,Assess Europe-side membership against a declared boundary convention; Çanakkale contains transcontinental/strait geography and Tourism Thrace is a narrower administrative convention.
gb:TUR:ADM2:54988432B62899385202427,Vize,framework:province:krklareli:43f6269fc7b3,Kırklareli,insufficient-evidence,justified,insufficient-evidence,Polygon,True,Valid Geometry,1,"[{""bounds"":[27.5904,41.4241,28.1443,41.7844],""exterior_vertices"":66}]",geoBoundaries TUR-ADM2-54988432,54988432B62899385202427,Vize,Districts,Polygon,1,"[{""bounds"":[27.5903541,41.4228797,28.1467995,41.784438],""exterior_vertices"":768}]",,,,2021,ODbL 1.0,identity-and-tier-supported; exact Europe-side boundary membership unresolved,"sources/geoboundaries-9469f09/geoBoundaries-TUR-ADM2.geojson; sources/geoboundaries-9469f09/geoBoundaries-TUR-ADM2-metaData.json; sources/interior-ministry-district-foundation-2018.pdf (province pages 24, 30, 53, 78); sources/interior-ministry-valilikler.html; sources/tourism-ministry-regions.html; sources/goturkiye-thrace.html",https://github.com/wmgeolab/geoBoundaries/raw/9469f09/releaseData/gbOpen/TUR/ADM2/geoBoundaries-TUR-ADM2.geojson; https://icisleri.gov.tr/kurumlar/icisleri.gov.tr/IcSite/illeridaresi/Bilgiler2/%C4%B0l%20ve%20%C4%B0l%C3%A7e%20Kurulu%C5%9F%20Tarihleri%202018.pdf; https://www.icisleri.gov.tr/valilikler; https://www.ktb.gov.tr/EN-99760/regions.html; https://goturkiye.com/thrace/thrace-goturkiye,Assess Europe-side membership against a declared boundary convention; Çanakkale contains transcontinental/strait geography and Tourism Thrace is a narrower administrative convention.
gb:TUR:ADM2:54988432B73654359915704,Havsa,framework:province:edirne:014114bd82bd,Edirne,insufficient-evidence,justified,insufficient-evidence,Polygon,True,Valid Geometry,1,"[{""bounds"":[26.6653,41.396,27.0067,41.7065],""exterior_vertices"":31}]",geoBoundaries TUR-ADM2-54988432,54988432B73654359915704,Havsa,Districts,Polygon,1,"[{""bounds"":[26.6652959,41.3960364,27.006664,41.7065491],""exterior_vertices"":54}]",,,,2021,ODbL 1.0,identity-and-tier-supported; exact Europe-side boundary membership unresolved,"sources/geoboundaries-9469f09/geoBoundaries-TUR-ADM2.geojson; sources/geoboundaries-9469f09/geoBoundaries-TUR-ADM2-metaData.json; sources/interior-ministry-district-foundation-2018.pdf (province pages 24, 30, 53, 78); sources/interior-ministry-valilikler.html; sources/tourism-ministry-regions.html; sources/goturkiye-thrace.html",https://github.com/wmgeolab/geoBoundaries/raw/9469f09/releaseData/gbOpen/TUR/ADM2/geoBoundaries-TUR-ADM2.geojson; https://icisleri.gov.tr/kurumlar/icisleri.gov.tr/IcSite/illeridaresi/Bilgiler2/%C4%B0l%20ve%20%C4%B0l%C3%A7e%20Kurulu%C5%9F%20Tarihleri%202018.pdf; https://www.icisleri.gov.tr/valilikler; https://www.ktb.gov.tr/EN-99760/regions.html; https://goturkiye.com/thrace/thrace-goturkiye,Assess Europe-side membership against a declared boundary convention; Çanakkale contains transcontinental/strait geography and Tourism Thrace is a narrower administrative convention.
gb:TUR:ADM2:54988432B74224800333323,Lalapaşa,framework:province:edirne:014114bd82bd,Edirne,insufficient-evidence,justified,insufficient-evidence,Polygon,True,Valid Geometry,1,"[{""bounds"":[26.5613,41.7689,26.9911,42.00141942],""exterior_vertices"":68}]",geoBoundaries TUR-ADM2-54988432,54988432B74224800333323,Lalapaşa,Districts,Polygon,1,"[{""bounds"":[26.5612207,41.768893,26.9911,42.0028017],""exterior_vertices"":637}]",True,"Shared display coverage reconciled against Natural Earth reference borders, then finer source geometry. Original source boundaries may differ.",45ed877af04adb1dcfdf618278e0be3c4553415833a93a8dad9cdaeab543c6fe,2021,ODbL 1.0,identity-and-tier-supported; exact Europe-side boundary membership unresolved,"sources/geoboundaries-9469f09/geoBoundaries-TUR-ADM2.geojson; sources/geoboundaries-9469f09/geoBoundaries-TUR-ADM2-metaData.json; sources/interior-ministry-district-foundation-2018.pdf (province pages 24, 30, 53, 78); sources/interior-ministry-valilikler.html; sources/tourism-ministry-regions.html; sources/goturkiye-thrace.html",https://github.com/wmgeolab/geoBoundaries/raw/9469f09/releaseData/gbOpen/TUR/ADM2/geoBoundaries-TUR-ADM2.geojson; https://icisleri.gov.tr/kurumlar/icisleri.gov.tr/IcSite/illeridaresi/Bilgiler2/%C4%B0l%20ve%20%C4%B0l%C3%A7e%20Kurulu%C5%9F%20Tarihleri%202018.pdf; https://www.icisleri.gov.tr/valilikler; https://www.ktb.gov.tr/EN-99760/regions.html; https://goturkiye.com/thrace/thrace-goturkiye,Assess Europe-side membership against a declared boundary convention; Çanakkale contains transcontinental/strait geography and Tourism Thrace is a narrower administrative convention.
gb:TUR:ADM2:54988432B76166578755153,Lüleburgaz,framework:province:krklareli:43f6269fc7b3,Kırklareli,insufficient-evidence,justified,insufficient-evidence,Polygon,True,Valid Geometry,1,"[{""bounds"":[27.1942,41.2171,27.6153,41.5914],""exterior_vertices"":41}]",geoBoundaries TUR-ADM2-54988432,54988432B76166578755153,Lüleburgaz,Districts,Polygon,1,"[{""bounds"":[27.194193,41.2171114,27.6153452,41.5919053],""exterior_vertices"":511}]",,,,2021,ODbL 1.0,identity-and-tier-supported; exact Europe-side boundary membership unresolved,"sources/geoboundaries-9469f09/geoBoundaries-TUR-ADM2.geojson; sources/geoboundaries-9469f09/geoBoundaries-TUR-ADM2-metaData.json; sources/interior-ministry-district-foundation-2018.pdf (province pages 24, 30, 53, 78); sources/interior-ministry-valilikler.html; sources/tourism-ministry-regions.html; sources/goturkiye-thrace.html",https://github.com/wmgeolab/geoBoundaries/raw/9469f09/releaseData/gbOpen/TUR/ADM2/geoBoundaries-TUR-ADM2.geojson; https://icisleri.gov.tr/kurumlar/icisleri.gov.tr/IcSite/illeridaresi/Bilgiler2/%C4%B0l%20ve%20%C4%B0l%C3%A7e%20Kurulu%C5%9F%20Tarihleri%202018.pdf; https://www.icisleri.gov.tr/valilikler; https://www.ktb.gov.tr/EN-99760/regions.html; https://goturkiye.com/thrace/thrace-goturkiye,Assess Europe-side membership against a declared boundary convention; Çanakkale contains transcontinental/strait geography and Tourism Thrace is a narrower administrative convention.
gb:TUR:ADM2:54988432B77928955362752,Malkara,framework:province:tekirdag:c24f60760c10,Tekirdağ,insufficient-evidence,justified,insufficient-evidence,Polygon,True,Valid Geometry,1,"[{""bounds"":[26.6933,40.7246,27.2088,41.1205],""exterior_vertices"":69}]",geoBoundaries TUR-ADM2-54988432,54988432B77928955362752,Malkara,Districts,Polygon,1,"[{""bounds"":[26.6932929,40.723,27.2087791,41.1205322],""exterior_vertices"":387}]",,,,2021,ODbL 1.0,identity-and-tier-supported; exact Europe-side boundary membership unresolved,"sources/geoboundaries-9469f09/geoBoundaries-TUR-ADM2.geojson; sources/geoboundaries-9469f09/geoBoundaries-TUR-ADM2-metaData.json; sources/interior-ministry-district-foundation-2018.pdf (province pages 24, 30, 53, 78); sources/interior-ministry-valilikler.html; sources/tourism-ministry-regions.html; sources/goturkiye-thrace.html",https://github.com/wmgeolab/geoBoundaries/raw/9469f09/releaseData/gbOpen/TUR/ADM2/geoBoundaries-TUR-ADM2.geojson; https://icisleri.gov.tr/kurumlar/icisleri.gov.tr/IcSite/illeridaresi/Bilgiler2/%C4%B0l%20ve%20%C4%B0l%C3%A7e%20Kurulu%C5%9F%20Tarihleri%202018.pdf; https://www.icisleri.gov.tr/valilikler; https://www.ktb.gov.tr/EN-99760/regions.html; https://goturkiye.com/thrace/thrace-goturkiye,Assess Europe-side membership against a declared boundary convention; Çanakkale contains transcontinental/strait geography and Tourism Thrace is a narrower administrative convention.
gb:TUR:ADM2:54988432B79254890835341,Çorlu,framework:province:tekirdag:c24f60760c10,Tekirdağ,insufficient-evidence,justified,insufficient-evidence,Polygon,True,Valid Geometry,1,"[{""bounds"":[27.6131,41.0026,28.0232,41.2226],""exterior_vertices"":46}]",geoBoundaries TUR-ADM2-54988432,54988432B79254890835341,Çorlu,Districts,Polygon,1,"[{""bounds"":[27.6127303,41.0026102,28.02334,41.225566],""exterior_vertices"":1397}]",,,,2021,ODbL 1.0,identity-and-tier-supported; exact Europe-side boundary membership unresolved,"sources/geoboundaries-9469f09/geoBoundaries-TUR-ADM2.geojson; sources/geoboundaries-9469f09/geoBoundaries-TUR-ADM2-metaData.json; sources/interior-ministry-district-foundation-2018.pdf (province pages 24, 30, 53, 78); sources/interior-ministry-valilikler.html; sources/tourism-ministry-regions.html; sources/goturkiye-thrace.html",https://github.com/wmgeolab/geoBoundaries/raw/9469f09/releaseData/gbOpen/TUR/ADM2/geoBoundaries-TUR-ADM2.geojson; https://icisleri.gov.tr/kurumlar/icisleri.gov.tr/IcSite/illeridaresi/Bilgiler2/%C4%B0l%20ve%20%C4%B0l%C3%A7e%20Kurulu%C5%9F%20Tarihleri%202018.pdf; https://www.icisleri.gov.tr/valilikler; https://www.ktb.gov.tr/EN-99760/regions.html; https://goturkiye.com/thrace/thrace-goturkiye,Assess Europe-side membership against a declared boundary convention; Çanakkale contains transcontinental/strait geography and Tourism Thrace is a narrower administrative convention.
gb:TUR:ADM2:54988432B8720609877048,Pınarhisar,framework:province:krklareli:43f6269fc7b3,Kırklareli,insufficient-evidence,justified,insufficient-evidence,Polygon,True,Valid Geometry,1,"[{""bounds"":[27.3113,41.4508,27.69,41.8167],""exterior_vertices"":38}]",geoBoundaries TUR-ADM2-54988432,54988432B8720609877048,Pınarhisar,Districts,Polygon,1,"[{""bounds"":[27.3112622,41.4481785,27.6900353,41.8166771],""exterior_vertices"":188}]",,,,2021,ODbL 1.0,identity-and-tier-supported; exact Europe-side boundary membership unresolved,"sources/geoboundaries-9469f09/geoBoundaries-TUR-ADM2.geojson; sources/geoboundaries-9469f09/geoBoundaries-TUR-ADM2-metaData.json; sources/interior-ministry-district-foundation-2018.pdf (province pages 24, 30, 53, 78); sources/interior-ministry-valilikler.html; sources/tourism-ministry-regions.html; sources/goturkiye-thrace.html",https://github.com/wmgeolab/geoBoundaries/raw/9469f09/releaseData/gbOpen/TUR/ADM2/geoBoundaries-TUR-ADM2.geojson; https://icisleri.gov.tr/kurumlar/icisleri.gov.tr/IcSite/illeridaresi/Bilgiler2/%C4%B0l%20ve%20%C4%B0l%C3%A7e%20Kurulu%C5%9F%20Tarihleri%202018.pdf; https://www.icisleri.gov.tr/valilikler; https://www.ktb.gov.tr/EN-99760/regions.html; https://goturkiye.com/thrace/thrace-goturkiye,Assess Europe-side membership against a declared boundary convention; Çanakkale contains transcontinental/strait geography and Tourism Thrace is a narrower administrative convention.
gb:TUR:ADM2:54988432B90296339099195,Eceabat,framework:province:canakkale:1b939d251929,Çanakkale,insufficient-evidence,justified,insufficient-evidence,Polygon,True,Valid Geometry,1,"[{""bounds"":[26.1662,40.041,26.4731,40.3839],""exterior_vertices"":36}]",geoBoundaries TUR-ADM2-54988432,54988432B90296339099195,Eceabat,Districts,Polygon,1,"[{""bounds"":[26.166108,40.0409623,26.4731148,40.3839178],""exterior_vertices"":2815}]",,,,2021,ODbL 1.0,identity-and-tier-supported; exact Europe-side boundary membership unresolved,"sources/geoboundaries-9469f09/geoBoundaries-TUR-ADM2.geojson; sources/geoboundaries-9469f09/geoBoundaries-TUR-ADM2-metaData.json; sources/interior-ministry-district-foundation-2018.pdf (province pages 24, 30, 53, 78); sources/interior-ministry-valilikler.html; sources/tourism-ministry-regions.html; sources/goturkiye-thrace.html",https://github.com/wmgeolab/geoBoundaries/raw/9469f09/releaseData/gbOpen/TUR/ADM2/geoBoundaries-TUR-ADM2.geojson; https://icisleri.gov.tr/kurumlar/icisleri.gov.tr/IcSite/illeridaresi/Bilgiler2/%C4%B0l%20ve%20%C4%B0l%C3%A7e%20Kurulu%C5%9F%20Tarihleri%202018.pdf; https://www.icisleri.gov.tr/valilikler; https://www.ktb.gov.tr/EN-99760/regions.html; https://goturkiye.com/thrace/thrace-goturkiye,Assess Europe-side membership against a declared boundary convention; Çanakkale contains transcontinental/strait geography and Tourism Thrace is a narrower administrative convention.
gb:TUR:ADM2:54988432B91142232694102,Keşan,framework:province:edirne:014114bd82bd,Edirne,insufficient-evidence,justified,insufficient-evidence,Polygon,True,Valid Geometry,1,"[{""bounds"":[26.3348,40.5919,26.8111,41.0439],""exterior_vertices"":48}]",geoBoundaries TUR-ADM2-54988432,54988432B91142232694102,Keşan,Districts,Polygon,1,"[{""bounds"":[26.3348331,40.5918545,26.8111,41.0454207],""exterior_vertices"":1130}]",,,,2021,ODbL 1.0,identity-and-tier-supported; exact Europe-side boundary membership unresolved,"sources/geoboundaries-9469f09/geoBoundaries-TUR-ADM2.geojson; sources/geoboundaries-9469f09/geoBoundaries-TUR-ADM2-metaData.json; sources/interior-ministry-district-foundation-2018.pdf (province pages 24, 30, 53, 78); sources/interior-ministry-valilikler.html; sources/tourism-ministry-regions.html; sources/goturkiye-thrace.html",https://github.com/wmgeolab/geoBoundaries/raw/9469f09/releaseData/gbOpen/TUR/ADM2/geoBoundaries-TUR-ADM2.geojson; https://icisleri.gov.tr/kurumlar/icisleri.gov.tr/IcSite/illeridaresi/Bilgiler2/%C4%B0l%20ve%20%C4%B0l%C3%A7e%20Kurulu%C5%9F%20Tarihleri%202018.pdf; https://www.icisleri.gov.tr/valilikler; https://www.ktb.gov.tr/EN-99760/regions.html; https://goturkiye.com/thrace/thrace-goturkiye,Assess Europe-side membership against a declared boundary convention; Çanakkale contains transcontinental/strait geography and Tourism Thrace is a narrower administrative convention.
gb:TUR:ADM2:54988432B91991689904144,Saray,framework:province:tekirdag:c24f60760c10,Tekirdağ,insufficient-evidence,justified,insufficient-evidence,Polygon,True,Valid Geometry,1,"[{""bounds"":[27.6153,41.2778,28.1443,41.603],""exterior_vertices"":67}]",geoBoundaries TUR-ADM2-54988432,54988432B91991689904144,Saray,Districts,Polygon,1,"[{""bounds"":[27.6153452,41.2778182,28.1443132,41.6097413],""exterior_vertices"":863}]",,,,2021,ODbL 1.0,identity-and-tier-supported; exact Europe-side boundary membership unresolved,"sources/geoboundaries-9469f09/geoBoundaries-TUR-ADM2.geojson; sources/geoboundaries-9469f09/geoBoundaries-TUR-ADM2-metaData.json; sources/interior-ministry-district-foundation-2018.pdf (province pages 24, 30, 53, 78); sources/interior-ministry-valilikler.html; sources/tourism-ministry-regions.html; sources/goturkiye-thrace.html",https://github.com/wmgeolab/geoBoundaries/raw/9469f09/releaseData/gbOpen/TUR/ADM2/geoBoundaries-TUR-ADM2.geojson; https://icisleri.gov.tr/kurumlar/icisleri.gov.tr/IcSite/illeridaresi/Bilgiler2/%C4%B0l%20ve%20%C4%B0l%C3%A7e%20Kurulu%C5%9F%20Tarihleri%202018.pdf; https://www.icisleri.gov.tr/valilikler; https://www.ktb.gov.tr/EN-99760/regions.html; https://goturkiye.com/thrace/thrace-goturkiye,Assess Europe-side membership against a declared boundary convention; Çanakkale contains transcontinental/strait geography and Tourism Thrace is a narrower administrative convention.
gb:TUR:ADM2:54988432B92870291656697,Hayrabolu,framework:province:tekirdag:c24f60760c10,Tekirdağ,insufficient-evidence,justified,insufficient-evidence,Polygon,True,Valid Geometry,1,"[{""bounds"":[26.8581,40.974,27.366,41.3608],""exterior_vertices"":75}]",geoBoundaries TUR-ADM2-54988432,54988432B92870291656697,Hayrabolu,Districts,Polygon,1,"[{""bounds"":[26.8580955,40.9730489,27.3660079,41.3634812],""exterior_vertices"":769}]",,,,2021,ODbL 1.0,identity-and-tier-supported; exact Europe-side boundary membership unresolved,"sources/geoboundaries-9469f09/geoBoundaries-TUR-ADM2.geojson; sources/geoboundaries-9469f09/geoBoundaries-TUR-ADM2-metaData.json; sources/interior-ministry-district-foundation-2018.pdf (province pages 24, 30, 53, 78); sources/interior-ministry-valilikler.html; sources/tourism-ministry-regions.html; sources/goturkiye-thrace.html",https://github.com/wmgeolab/geoBoundaries/raw/9469f09/releaseData/gbOpen/TUR/ADM2/geoBoundaries-TUR-ADM2.geojson; https://icisleri.gov.tr/kurumlar/icisleri.gov.tr/IcSite/illeridaresi/Bilgiler2/%C4%B0l%20ve%20%C4%B0l%C3%A7e%20Kurulu%C5%9F%20Tarihleri%202018.pdf; https://www.icisleri.gov.tr/valilikler; https://www.ktb.gov.tr/EN-99760/regions.html; https://goturkiye.com/thrace/thrace-goturkiye,Assess Europe-side membership against a declared boundary convention; Çanakkale contains transcontinental/strait geography and Tourism Thrace is a narrower administrative convention.
gb:TUR:ADM2:54988432B95455201540726,Süleymanpaşa,framework:province:tekirdag:c24f60760c10,Tekirdağ,insufficient-evidence,justified,insufficient-evidence,Polygon,True,Valid Geometry,1,"[{""bounds"":[27.098,40.7647,27.7086,41.1765],""exterior_vertices"":61}]",geoBoundaries TUR-ADM2-54988432,54988432B95455201540726,Süleymanpaşa,Districts,Polygon,1,"[{""bounds"":[27.0979558,40.7647449,27.7086353,41.1765394],""exterior_vertices"":1719}]",,,,2021,ODbL 1.0,identity-and-tier-supported; exact Europe-side boundary membership unresolved,"sources/geoboundaries-9469f09/geoBoundaries-TUR-ADM2.geojson; sources/geoboundaries-9469f09/geoBoundaries-TUR-ADM2-metaData.json; sources/interior-ministry-district-foundation-2018.pdf (province pages 24, 30, 53, 78); sources/interior-ministry-valilikler.html; sources/tourism-ministry-regions.html; sources/goturkiye-thrace.html",https://github.com/wmgeolab/geoBoundaries/raw/9469f09/releaseData/gbOpen/TUR/ADM2/geoBoundaries-TUR-ADM2.geojson; https://icisleri.gov.tr/kurumlar/icisleri.gov.tr/IcSite/illeridaresi/Bilgiler2/%C4%B0l%20ve%20%C4%B0l%C3%A7e%20Kurulu%C5%9F%20Tarihleri%202018.pdf; https://www.icisleri.gov.tr/valilikler; https://www.ktb.gov.tr/EN-99760/regions.html; https://goturkiye.com/thrace/thrace-goturkiye,Assess Europe-side membership against a declared boundary convention; Çanakkale contains transcontinental/strait geography and Tourism Thrace is a narrower administrative convention.
