scope_level,scope_id,name,country,baseline_full_location_count,owned_location_count,partial_scope,owned_subject_ids,current_parent_assignments,source_role_and_parent_assessment,assessment_status,assessment_reasons,unresolved_member_parent_subject_ids,related_followup_issue_ids,assessment
area,framework:area:nigeria:13573928575a,Nigeria,Nigeria,774,227,True,"[""gb:NGA:ADM2:59680162B10831398447622"", ""gb:NGA:ADM2:59680162B10854216301983"", ""gb:NGA:ADM2:59680162B11133908611483"", ""gb:NGA:ADM2:59680162B11863934245151"", ""gb:NGA:ADM2:59680162B12426298681132"", ""gb:NGA:ADM2:59680162B12689851933854"", ""gb:NGA:ADM2:59680162B14261849329471"", ""gb:NGA:ADM2:59680162B14396821090751"", ""gb:NGA:ADM2:59680162B14530293305891"", ""gb:NGA:ADM2:59680162B15951041920960"", ""gb:NGA:ADM2:59680162B15998169506024"", ""gb:NGA:ADM2:59680162B16294292751838"", ""gb:NGA:ADM2:59680162B16609728895319"", ""gb:NGA:ADM2:59680162B16701148271715"", ""gb:NGA:ADM2:59680162B16893313163973"", ""gb:NGA:ADM2:59680162B16963737840115"", ""gb:NGA:ADM2:59680162B173222965225"", ""gb:NGA:ADM2:59680162B17520648889441"", ""gb:NGA:ADM2:59680162B17555212909244"", ""gb:NGA:ADM2:59680162B18196869714953"", ""gb:NGA:ADM2:59680162B18488232241930"", ""gb:NGA:ADM2:59680162B1935816053049"", ""gb:NGA:ADM2:59680162B2017456399117"", ""gb:NGA:ADM2:59680162B20432910054227"", ""gb:NGA:ADM2:59680162B21010588258079"", ""gb:NGA:ADM2:59680162B21053239387442"", ""gb:NGA:ADM2:59680162B21067903036313"", ""gb:NGA:ADM2:59680162B21365932465956"", ""gb:NGA:ADM2:59680162B21498960785654"", ""gb:NGA:ADM2:59680162B22876202690460"", ""gb:NGA:ADM2:59680162B23155718085687"", ""gb:NGA:ADM2:59680162B23369049466603"", ""gb:NGA:ADM2:59680162B2351853936587"", ""gb:NGA:ADM2:59680162B23543460253472"", ""gb:NGA:ADM2:59680162B23595872951211"", ""gb:NGA:ADM2:59680162B23598949397905"", ""gb:NGA:ADM2:59680162B23949108035203"", ""gb:NGA:ADM2:59680162B23991224305955"", ""gb:NGA:ADM2:59680162B24502748844916"", ""gb:NGA:ADM2:59680162B24636018787341"", ""gb:NGA:ADM2:59680162B25214275797379"", ""gb:NGA:ADM2:59680162B25309364748934"", ""gb:NGA:ADM2:59680162B25728635468586"", ""gb:NGA:ADM2:59680162B26925253941931"", ""gb:NGA:ADM2:59680162B27389948970996"", ""gb:NGA:ADM2:59680162B27901935497545"", ""gb:NGA:ADM2:59680162B28016750993437"", ""gb:NGA:ADM2:59680162B28606864431003"", ""gb:NGA:ADM2:59680162B28887917480980"", ""gb:NGA:ADM2:59680162B2904770846082"", ""gb:NGA:ADM2:59680162B29085579275088"", ""gb:NGA:ADM2:59680162B29524904273451"", ""gb:NGA:ADM2:59680162B29589714384573"", ""gb:NGA:ADM2:59680162B29680565367836"", ""gb:NGA:ADM2:59680162B30593466404451"", ""gb:NGA:ADM2:59680162B30773772502776"", ""gb:NGA:ADM2:59680162B30773939854921"", ""gb:NGA:ADM2:59680162B31003411858547"", ""gb:NGA:ADM2:59680162B31302026198632"", ""gb:NGA:ADM2:59680162B31350853830247"", ""gb:NGA:ADM2:59680162B31457176745984"", ""gb:NGA:ADM2:59680162B32427656470349"", ""gb:NGA:ADM2:59680162B326996000256"", ""gb:NGA:ADM2:59680162B32871052171758"", ""gb:NGA:ADM2:59680162B32979491305099"", ""gb:NGA:ADM2:59680162B33139882700556"", ""gb:NGA:ADM2:59680162B34682847069002"", ""gb:NGA:ADM2:59680162B35426409409773"", ""gb:NGA:ADM2:59680162B35912483761792"", ""gb:NGA:ADM2:59680162B35933805912396"", ""gb:NGA:ADM2:59680162B36304665045822"", ""gb:NGA:ADM2:59680162B36658267128816"", ""gb:NGA:ADM2:59680162B37513478805829"", ""gb:NGA:ADM2:59680162B38183120701356"", ""gb:NGA:ADM2:59680162B38736391522213"", ""gb:NGA:ADM2:59680162B39308677673484"", ""gb:NGA:ADM2:59680162B39513276000218"", ""gb:NGA:ADM2:59680162B40491222708573"", ""gb:NGA:ADM2:59680162B42022523568798"", ""gb:NGA:ADM2:59680162B42162352171568"", ""gb:NGA:ADM2:59680162B42207826884677"", ""gb:NGA:ADM2:59680162B42338651294858"", ""gb:NGA:ADM2:59680162B43558777101724"", ""gb:NGA:ADM2:59680162B43671986122418"", ""gb:NGA:ADM2:59680162B43824241108050"", ""gb:NGA:ADM2:59680162B43870676483034"", ""gb:NGA:ADM2:59680162B44112457363104"", ""gb:NGA:ADM2:59680162B44242102017414"", ""gb:NGA:ADM2:59680162B44850901768514"", ""gb:NGA:ADM2:59680162B45171834970391"", ""gb:NGA:ADM2:59680162B45761990386675"", ""gb:NGA:ADM2:59680162B46174350236230"", ""gb:NGA:ADM2:59680162B46774046834533"", ""gb:NGA:ADM2:59680162B46802984315739"", ""gb:NGA:ADM2:59680162B47068494760958"", ""gb:NGA:ADM2:59680162B47841916602322"", ""gb:NGA:ADM2:59680162B48318677941344"", ""gb:NGA:ADM2:59680162B48603200461333"", ""gb:NGA:ADM2:59680162B48615386953659"", ""gb:NGA:ADM2:59680162B49362321791702"", ""gb:NGA:ADM2:59680162B49614598703533"", ""gb:NGA:ADM2:59680162B49809531314946"", ""gb:NGA:ADM2:59680162B50771081897552"", ""gb:NGA:ADM2:59680162B51019344443676"", ""gb:NGA:ADM2:59680162B51317919954642"", ""gb:NGA:ADM2:59680162B51611927546147"", ""gb:NGA:ADM2:59680162B51712615582520"", ""gb:NGA:ADM2:59680162B52281011363885"", ""gb:NGA:ADM2:59680162B52775693188226"", ""gb:NGA:ADM2:59680162B53120698145103"", ""gb:NGA:ADM2:59680162B53228015633193"", ""gb:NGA:ADM2:59680162B53652676960042"", ""gb:NGA:ADM2:59680162B53803782710688"", ""gb:NGA:ADM2:59680162B54275853767873"", ""gb:NGA:ADM2:59680162B54356159238049"", ""gb:NGA:ADM2:59680162B54887547034560"", ""gb:NGA:ADM2:59680162B55239717258244"", ""gb:NGA:ADM2:59680162B55690925628014"", ""gb:NGA:ADM2:59680162B56433787774877"", ""gb:NGA:ADM2:59680162B56562801938729"", ""gb:NGA:ADM2:59680162B56887411771488"", ""gb:NGA:ADM2:59680162B58427071840888"", ""gb:NGA:ADM2:59680162B58622494857171"", ""gb:NGA:ADM2:59680162B58812788921078"", ""gb:NGA:ADM2:59680162B59329233871626"", ""gb:NGA:ADM2:59680162B59497895637604"", ""gb:NGA:ADM2:59680162B59739898555342"", ""gb:NGA:ADM2:59680162B60219664923389"", ""gb:NGA:ADM2:59680162B61116944198945"", ""gb:NGA:ADM2:59680162B61451583552190"", ""gb:NGA:ADM2:59680162B62255786160615"", ""gb:NGA:ADM2:59680162B62313947241233"", ""gb:NGA:ADM2:59680162B6299894636493"", ""gb:NGA:ADM2:59680162B63010488329613"", ""gb:NGA:ADM2:59680162B63156374952276"", ""gb:NGA:ADM2:59680162B6318880418470"", ""gb:NGA:ADM2:59680162B63960569375521"", ""gb:NGA:ADM2:59680162B64027612781435"", ""gb:NGA:ADM2:59680162B6425058524044"", ""gb:NGA:ADM2:59680162B64690225464412"", ""gb:NGA:ADM2:59680162B64829234996535"", ""gb:NGA:ADM2:59680162B65190975434062"", ""gb:NGA:ADM2:59680162B66631777088899"", ""gb:NGA:ADM2:59680162B66680936539808"", ""gb:NGA:ADM2:59680162B67610911656226"", ""gb:NGA:ADM2:59680162B68131021355449"", ""gb:NGA:ADM2:59680162B68325668602500"", ""gb:NGA:ADM2:59680162B68799842423101"", ""gb:NGA:ADM2:59680162B69298252864907"", ""gb:NGA:ADM2:59680162B69752440983216"", ""gb:NGA:ADM2:59680162B69944768623609"", ""gb:NGA:ADM2:59680162B70265669805684"", ""gb:NGA:ADM2:59680162B70529740290920"", ""gb:NGA:ADM2:59680162B70966513794539"", ""gb:NGA:ADM2:59680162B71691370147242"", ""gb:NGA:ADM2:59680162B72061925749770"", ""gb:NGA:ADM2:59680162B72068294191364"", ""gb:NGA:ADM2:59680162B7261312330016"", ""gb:NGA:ADM2:59680162B7305913438202"", ""gb:NGA:ADM2:59680162B73411137510562"", ""gb:NGA:ADM2:59680162B73807077480910"", ""gb:NGA:ADM2:59680162B73952515985037"", ""gb:NGA:ADM2:59680162B7486965108625"", ""gb:NGA:ADM2:59680162B75618838886778"", ""gb:NGA:ADM2:59680162B76063539046075"", ""gb:NGA:ADM2:59680162B76072611977433"", ""gb:NGA:ADM2:59680162B76413580563978"", ""gb:NGA:ADM2:59680162B76636581595069"", ""gb:NGA:ADM2:59680162B77604659700593"", ""gb:NGA:ADM2:59680162B78900735102434"", ""gb:NGA:ADM2:59680162B797578221173"", ""gb:NGA:ADM2:59680162B80670265641804"", ""gb:NGA:ADM2:59680162B80813578140782"", ""gb:NGA:ADM2:59680162B80910542790982"", ""gb:NGA:ADM2:59680162B82021418174103"", ""gb:NGA:ADM2:59680162B82387239737873"", ""gb:NGA:ADM2:59680162B82820769085578"", ""gb:NGA:ADM2:59680162B83278495681126"", ""gb:NGA:ADM2:59680162B83694422254145"", ""gb:NGA:ADM2:59680162B84100135495566"", ""gb:NGA:ADM2:59680162B84198311358077"", ""gb:NGA:ADM2:59680162B84830000650933"", ""gb:NGA:ADM2:59680162B85175001165051"", ""gb:NGA:ADM2:59680162B85189896765318"", ""gb:NGA:ADM2:59680162B85303802109421"", ""gb:NGA:ADM2:59680162B85493721249292"", ""gb:NGA:ADM2:59680162B87372052025364"", ""gb:NGA:ADM2:59680162B87797979497124"", ""gb:NGA:ADM2:59680162B88090020431393"", ""gb:NGA:ADM2:59680162B88302028338466"", ""gb:NGA:ADM2:59680162B89203090045374"", ""gb:NGA:ADM2:59680162B89324456878264"", ""gb:NGA:ADM2:59680162B89388744582495"", ""gb:NGA:ADM2:59680162B89596725903657"", ""gb:NGA:ADM2:59680162B89634889188856"", ""gb:NGA:ADM2:59680162B89701706643364"", ""gb:NGA:ADM2:59680162B89921626898623"", ""gb:NGA:ADM2:59680162B90522809362613"", ""gb:NGA:ADM2:59680162B90577513466378"", ""gb:NGA:ADM2:59680162B90615098764032"", ""gb:NGA:ADM2:59680162B91492845849591"", ""gb:NGA:ADM2:59680162B91755424681987"", ""gb:NGA:ADM2:59680162B91872344495309"", ""gb:NGA:ADM2:59680162B91981903970684"", ""gb:NGA:ADM2:59680162B92155854422456"", ""gb:NGA:ADM2:59680162B92640548002056"", ""gb:NGA:ADM2:59680162B92999716235821"", ""gb:NGA:ADM2:59680162B93345317219884"", ""gb:NGA:ADM2:59680162B93423525469915"", ""gb:NGA:ADM2:59680162B9357675593038"", ""gb:NGA:ADM2:59680162B93651715341205"", ""gb:NGA:ADM2:59680162B93998087230069"", ""gb:NGA:ADM2:59680162B94034829608504"", ""gb:NGA:ADM2:59680162B94225169025314"", ""gb:NGA:ADM2:59680162B95103667512911"", ""gb:NGA:ADM2:59680162B95469939765095"", ""gb:NGA:ADM2:59680162B9558481059390"", ""gb:NGA:ADM2:59680162B96484505623852"", ""gb:NGA:ADM2:59680162B96723309662383"", ""gb:NGA:ADM2:59680162B96995039930644"", ""gb:NGA:ADM2:59680162B97170897047692"", ""gb:NGA:ADM2:59680162B97377368460903"", ""gb:NGA:ADM2:59680162B97395677882832"", ""gb:NGA:ADM2:59680162B99060674505372"", ""gb:NGA:ADM2:59680162B99262810585367"", ""gb:NGA:ADM2:59680162B99535636657731"", ""gb:NGA:ADM2:59680162B99837769325291""]","{""Sokoto"": 23, ""Delta"": 25, ""Imo"": 27, ""Kogi"": 20, ""Zamfara"": 14, ""Edo"": 18, ""Niger"": 25, ""Rivers"": 23, ""Ekiti"": 16, ""Anambra"": 21, ""Bayelsa"": 8, ""Federal Capital Territory"": 6, ""Kogi;Plateau"": 1}",See each subject row; source parent/vintage candidates are not a shared hierarchy edit.,insufficient-evidence,Scope status is not fully justified: assigned member outcomes remain insufficient because physical land/island and complete settlement coverage are not established; current ADM1/source comparisons are diagnostic only and do not independently establish legal parent purpose or boundary accuracy.,"[""gb:NGA:ADM2:59680162B29524904273451"", ""gb:NGA:ADM2:59680162B34682847069002"", ""gb:NGA:ADM2:59680162B38183120701356"", ""gb:NGA:ADM2:59680162B66680936539808"", ""gb:NGA:ADM2:59680162B82021418174103"", ""gb:NGA:ADM2:59680162B82387239737873"", ""gb:NGA:ADM2:59680162B85175001165051""]",[],individual area/province scope outcome cross-referenced to exact assigned subjects; no source-count quota or regional approval.
province,framework:province:ekiti:1dc223e0cd0e,Ekiti,Ekiti,16,16,False,"[""gb:NGA:ADM2:59680162B16609728895319"", ""gb:NGA:ADM2:59680162B17555212909244"", ""gb:NGA:ADM2:59680162B25214275797379"", ""gb:NGA:ADM2:59680162B43824241108050"", ""gb:NGA:ADM2:59680162B46774046834533"", ""gb:NGA:ADM2:59680162B51712615582520"", ""gb:NGA:ADM2:59680162B53652676960042"", ""gb:NGA:ADM2:59680162B54887547034560"", ""gb:NGA:ADM2:59680162B55690925628014"", ""gb:NGA:ADM2:59680162B58812788921078"", ""gb:NGA:ADM2:59680162B72061925749770"", ""gb:NGA:ADM2:59680162B76636581595069"", ""gb:NGA:ADM2:59680162B84830000650933"", ""gb:NGA:ADM2:59680162B9357675593038"", ""gb:NGA:ADM2:59680162B94034829608504"", ""gb:NGA:ADM2:59680162B97170897047692""]","{""Ekiti"": 16}",See each subject row; source parent/vintage candidates are not a shared hierarchy edit.,insufficient-evidence,Scope status is not fully justified: assigned member outcomes remain insufficient because physical land/island and complete settlement coverage are not established; current ADM1/source comparisons are diagnostic only and do not independently establish legal parent purpose or boundary accuracy.,[],[],individual area/province scope outcome cross-referenced to exact assigned subjects; no source-count quota or regional approval.
province,framework:province:sokoto:38a75936a981,Sokoto,Sokoto,23,23,False,"[""gb:NGA:ADM2:59680162B10831398447622"", ""gb:NGA:ADM2:59680162B20432910054227"", ""gb:NGA:ADM2:59680162B21010588258079"", ""gb:NGA:ADM2:59680162B23595872951211"", ""gb:NGA:ADM2:59680162B25728635468586"", ""gb:NGA:ADM2:59680162B27389948970996"", ""gb:NGA:ADM2:59680162B28016750993437"", ""gb:NGA:ADM2:59680162B33139882700556"", ""gb:NGA:ADM2:59680162B43671986122418"", ""gb:NGA:ADM2:59680162B48318677941344"", ""gb:NGA:ADM2:59680162B52281011363885"", ""gb:NGA:ADM2:59680162B53228015633193"", ""gb:NGA:ADM2:59680162B56562801938729"", ""gb:NGA:ADM2:59680162B66631777088899"", ""gb:NGA:ADM2:59680162B68131021355449"", ""gb:NGA:ADM2:59680162B68799842423101"", ""gb:NGA:ADM2:59680162B7305913438202"", ""gb:NGA:ADM2:59680162B797578221173"", ""gb:NGA:ADM2:59680162B89701706643364"", ""gb:NGA:ADM2:59680162B89921626898623"", ""gb:NGA:ADM2:59680162B91492845849591"", ""gb:NGA:ADM2:59680162B95103667512911"", ""gb:NGA:ADM2:59680162B96995039930644""]","{""Sokoto"": 23}",See each subject row; source parent/vintage candidates are not a shared hierarchy edit.,insufficient-evidence,Scope status is not fully justified: assigned member outcomes remain insufficient because physical land/island and complete settlement coverage are not established; current ADM1/source comparisons are diagnostic only and do not independently establish legal parent purpose or boundary accuracy.,[],[],individual area/province scope outcome cross-referenced to exact assigned subjects; no source-count quota or regional approval.
province,framework:province:niger:76d278c157e8,Niger,Niger,25,25,False,"[""gb:NGA:ADM2:59680162B14261849329471"", ""gb:NGA:ADM2:59680162B23155718085687"", ""gb:NGA:ADM2:59680162B40491222708573"", ""gb:NGA:ADM2:59680162B42207826884677"", ""gb:NGA:ADM2:59680162B45761990386675"", ""gb:NGA:ADM2:59680162B49614598703533"", ""gb:NGA:ADM2:59680162B49809531314946"", ""gb:NGA:ADM2:59680162B51611927546147"", ""gb:NGA:ADM2:59680162B62313947241233"", ""gb:NGA:ADM2:59680162B63010488329613"", ""gb:NGA:ADM2:59680162B6318880418470"", ""gb:NGA:ADM2:59680162B64027612781435"", ""gb:NGA:ADM2:59680162B6425058524044"", ""gb:NGA:ADM2:59680162B69298252864907"", ""gb:NGA:ADM2:59680162B69752440983216"", ""gb:NGA:ADM2:59680162B70265669805684"", ""gb:NGA:ADM2:59680162B75618838886778"", ""gb:NGA:ADM2:59680162B83278495681126"", ""gb:NGA:ADM2:59680162B84198311358077"", ""gb:NGA:ADM2:59680162B85303802109421"", ""gb:NGA:ADM2:59680162B89203090045374"", ""gb:NGA:ADM2:59680162B91872344495309"", ""gb:NGA:ADM2:59680162B93998087230069"", ""gb:NGA:ADM2:59680162B96484505623852"", ""gb:NGA:ADM2:59680162B99837769325291""]","{""Niger"": 25}",See each subject row; source parent/vintage candidates are not a shared hierarchy edit.,insufficient-evidence,Scope status is not fully justified: assigned member outcomes remain insufficient because physical land/island and complete settlement coverage are not established; current ADM1/source comparisons are diagnostic only and do not independently establish legal parent purpose or boundary accuracy.,[],[],individual area/province scope outcome cross-referenced to exact assigned subjects; no source-count quota or regional approval.
province,framework:province:edo:837a456ad2ee,Edo,Edo,18,18,False,"[""gb:NGA:ADM2:59680162B12689851933854"", ""gb:NGA:ADM2:59680162B14396821090751"", ""gb:NGA:ADM2:59680162B15998169506024"", ""gb:NGA:ADM2:59680162B17520648889441"", ""gb:NGA:ADM2:59680162B23598949397905"", ""gb:NGA:ADM2:59680162B2904770846082"", ""gb:NGA:ADM2:59680162B29680565367836"", ""gb:NGA:ADM2:59680162B32427656470349"", ""gb:NGA:ADM2:59680162B35912483761792"", ""gb:NGA:ADM2:59680162B48615386953659"", ""gb:NGA:ADM2:59680162B51317919954642"", ""gb:NGA:ADM2:59680162B54275853767873"", ""gb:NGA:ADM2:59680162B58622494857171"", ""gb:NGA:ADM2:59680162B67610911656226"", ""gb:NGA:ADM2:59680162B80670265641804"", ""gb:NGA:ADM2:59680162B89634889188856"", ""gb:NGA:ADM2:59680162B90522809362613"", ""gb:NGA:ADM2:59680162B99535636657731""]","{""Edo"": 18}",See each subject row; source parent/vintage candidates are not a shared hierarchy edit.,insufficient-evidence,Scope status is not fully justified: assigned member outcomes remain insufficient because physical land/island and complete settlement coverage are not established; current ADM1/source comparisons are diagnostic only and do not independently establish legal parent purpose or boundary accuracy.,[],[],individual area/province scope outcome cross-referenced to exact assigned subjects; no source-count quota or regional approval.
province,framework:province:delta:c9181c18b197,Delta,Delta,25,25,False,"[""gb:NGA:ADM2:59680162B10854216301983"", ""gb:NGA:ADM2:59680162B16701148271715"", ""gb:NGA:ADM2:59680162B21053239387442"", ""gb:NGA:ADM2:59680162B21067903036313"", ""gb:NGA:ADM2:59680162B21365932465956"", ""gb:NGA:ADM2:59680162B28606864431003"", ""gb:NGA:ADM2:59680162B29085579275088"", ""gb:NGA:ADM2:59680162B29589714384573"", ""gb:NGA:ADM2:59680162B30773939854921"", ""gb:NGA:ADM2:59680162B32979491305099"", ""gb:NGA:ADM2:59680162B36658267128816"", ""gb:NGA:ADM2:59680162B43870676483034"", ""gb:NGA:ADM2:59680162B46174350236230"", ""gb:NGA:ADM2:59680162B51019344443676"", ""gb:NGA:ADM2:59680162B56433787774877"", ""gb:NGA:ADM2:59680162B58427071840888"", ""gb:NGA:ADM2:59680162B63156374952276"", ""gb:NGA:ADM2:59680162B68325668602500"", ""gb:NGA:ADM2:59680162B70966513794539"", ""gb:NGA:ADM2:59680162B76063539046075"", ""gb:NGA:ADM2:59680162B77604659700593"", ""gb:NGA:ADM2:59680162B80910542790982"", ""gb:NGA:ADM2:59680162B89324456878264"", ""gb:NGA:ADM2:59680162B93651715341205"", ""gb:NGA:ADM2:59680162B9558481059390""]","{""Delta"": 25}",See each subject row; source parent/vintage candidates are not a shared hierarchy edit.,insufficient-evidence,Scope status is not fully justified: assigned member outcomes remain insufficient because physical land/island and complete settlement coverage are not established; current ADM1/source comparisons are diagnostic only and do not independently establish legal parent purpose or boundary accuracy.,[],[],individual area/province scope outcome cross-referenced to exact assigned subjects; no source-count quota or regional approval.
province,framework:province:bayelsa:363005de2f54,Bayelsa,Bayelsa,8,8,False,"[""gb:NGA:ADM2:59680162B22876202690460"", ""gb:NGA:ADM2:59680162B30593466404451"", ""gb:NGA:ADM2:59680162B49362321791702"", ""gb:NGA:ADM2:59680162B61116944198945"", ""gb:NGA:ADM2:59680162B64829234996535"", ""gb:NGA:ADM2:59680162B84100135495566"", ""gb:NGA:ADM2:59680162B87797979497124"", ""gb:NGA:ADM2:59680162B89388744582495""]","{""Bayelsa"": 8}",See each subject row; source parent/vintage candidates are not a shared hierarchy edit.,insufficient-evidence,Scope status is not fully justified: assigned member outcomes remain insufficient because physical land/island and complete settlement coverage are not established; current ADM1/source comparisons are diagnostic only and do not independently establish legal parent purpose or boundary accuracy.,[],[],individual area/province scope outcome cross-referenced to exact assigned subjects; no source-count quota or regional approval.
province,framework:province:zamfara:f060723678a4,Zamfara,Zamfara,14,14,False,"[""gb:NGA:ADM2:59680162B12426298681132"", ""gb:NGA:ADM2:59680162B24502748844916"", ""gb:NGA:ADM2:59680162B25309364748934"", ""gb:NGA:ADM2:59680162B37513478805829"", ""gb:NGA:ADM2:59680162B42162352171568"", ""gb:NGA:ADM2:59680162B43558777101724"", ""gb:NGA:ADM2:59680162B44112457363104"", ""gb:NGA:ADM2:59680162B53803782710688"", ""gb:NGA:ADM2:59680162B55239717258244"", ""gb:NGA:ADM2:59680162B63960569375521"", ""gb:NGA:ADM2:59680162B64690225464412"", ""gb:NGA:ADM2:59680162B80813578140782"", ""gb:NGA:ADM2:59680162B85493721249292"", ""gb:NGA:ADM2:59680162B87372052025364""]","{""Zamfara"": 14}",See each subject row; source parent/vintage candidates are not a shared hierarchy edit.,insufficient-evidence,Scope status is not fully justified: assigned member outcomes remain insufficient because physical land/island and complete settlement coverage are not established; current ADM1/source comparisons are diagnostic only and do not independently establish legal parent purpose or boundary accuracy.,[],[],individual area/province scope outcome cross-referenced to exact assigned subjects; no source-count quota or regional approval.
province,framework:province:kogi:2143f75eb90a,Kogi,Kogi,21,21,False,"[""gb:NGA:ADM2:59680162B11863934245151"", ""gb:NGA:ADM2:59680162B15951041920960"", ""gb:NGA:ADM2:59680162B1935816053049"", ""gb:NGA:ADM2:59680162B23949108035203"", ""gb:NGA:ADM2:59680162B23991224305955"", ""gb:NGA:ADM2:59680162B24636018787341"", ""gb:NGA:ADM2:59680162B26925253941931"", ""gb:NGA:ADM2:59680162B326996000256"", ""gb:NGA:ADM2:59680162B35933805912396"", ""gb:NGA:ADM2:59680162B39308677673484"", ""gb:NGA:ADM2:59680162B45171834970391"", ""gb:NGA:ADM2:59680162B47068494760958"", ""gb:NGA:ADM2:59680162B48603200461333"", ""gb:NGA:ADM2:59680162B62255786160615"", ""gb:NGA:ADM2:59680162B66680936539808"", ""gb:NGA:ADM2:59680162B69944768623609"", ""gb:NGA:ADM2:59680162B7261312330016"", ""gb:NGA:ADM2:59680162B76072611977433"", ""gb:NGA:ADM2:59680162B89596725903657"", ""gb:NGA:ADM2:59680162B92155854422456"", ""gb:NGA:ADM2:59680162B92999716235821""]","{""Kogi"": 20, ""Kogi;Plateau"": 1}",See each subject row; source parent/vintage candidates are not a shared hierarchy edit.,insufficient-evidence,Scope status is not fully justified: assigned member outcomes remain insufficient because physical land/island and complete settlement coverage are not established; current ADM1/source comparisons are diagnostic only and do not independently establish legal parent purpose or boundary accuracy.,"[""gb:NGA:ADM2:59680162B66680936539808""]",[],individual area/province scope outcome cross-referenced to exact assigned subjects; no source-count quota or regional approval.
province,framework:province:anambra:60457f483104,Anambra,Anambra,21,21,False,"[""gb:NGA:ADM2:59680162B16963737840115"", ""gb:NGA:ADM2:59680162B18196869714953"", ""gb:NGA:ADM2:59680162B18488232241930"", ""gb:NGA:ADM2:59680162B31003411858547"", ""gb:NGA:ADM2:59680162B31350853830247"", ""gb:NGA:ADM2:59680162B38736391522213"", ""gb:NGA:ADM2:59680162B42022523568798"", ""gb:NGA:ADM2:59680162B42338651294858"", ""gb:NGA:ADM2:59680162B44242102017414"", ""gb:NGA:ADM2:59680162B54356159238049"", ""gb:NGA:ADM2:59680162B59497895637604"", ""gb:NGA:ADM2:59680162B73411137510562"", ""gb:NGA:ADM2:59680162B73952515985037"", ""gb:NGA:ADM2:59680162B7486965108625"", ""gb:NGA:ADM2:59680162B76413580563978"", ""gb:NGA:ADM2:59680162B91981903970684"", ""gb:NGA:ADM2:59680162B92640548002056"", ""gb:NGA:ADM2:59680162B93345317219884"", ""gb:NGA:ADM2:59680162B97377368460903"", ""gb:NGA:ADM2:59680162B97395677882832"", ""gb:NGA:ADM2:59680162B99060674505372""]","{""Anambra"": 21}",See each subject row; source parent/vintage candidates are not a shared hierarchy edit.,insufficient-evidence,Scope status is not fully justified: assigned member outcomes remain insufficient because physical land/island and complete settlement coverage are not established; current ADM1/source comparisons are diagnostic only and do not independently establish legal parent purpose or boundary accuracy.,[],[],individual area/province scope outcome cross-referenced to exact assigned subjects; no source-count quota or regional approval.
province,framework:province:rivers:00c506c91c8a,Rivers,Rivers,23,23,False,"[""gb:NGA:ADM2:59680162B16294292751838"", ""gb:NGA:ADM2:59680162B173222965225"", ""gb:NGA:ADM2:59680162B23543460253472"", ""gb:NGA:ADM2:59680162B27901935497545"", ""gb:NGA:ADM2:59680162B28887917480980"", ""gb:NGA:ADM2:59680162B30773772502776"", ""gb:NGA:ADM2:59680162B31457176745984"", ""gb:NGA:ADM2:59680162B36304665045822"", ""gb:NGA:ADM2:59680162B46802984315739"", ""gb:NGA:ADM2:59680162B52775693188226"", ""gb:NGA:ADM2:59680162B59329233871626"", ""gb:NGA:ADM2:59680162B60219664923389"", ""gb:NGA:ADM2:59680162B6299894636493"", ""gb:NGA:ADM2:59680162B65190975434062"", ""gb:NGA:ADM2:59680162B70529740290920"", ""gb:NGA:ADM2:59680162B72068294191364"", ""gb:NGA:ADM2:59680162B82820769085578"", ""gb:NGA:ADM2:59680162B83694422254145"", ""gb:NGA:ADM2:59680162B85189896765318"", ""gb:NGA:ADM2:59680162B88302028338466"", ""gb:NGA:ADM2:59680162B90577513466378"", ""gb:NGA:ADM2:59680162B90615098764032"", ""gb:NGA:ADM2:59680162B93423525469915""]","{""Rivers"": 23}",See each subject row; source parent/vintage candidates are not a shared hierarchy edit.,insufficient-evidence,Scope status is not fully justified: assigned member outcomes remain insufficient because physical land/island and complete settlement coverage are not established; current ADM1/source comparisons are diagnostic only and do not independently establish legal parent purpose or boundary accuracy.,[],[],individual area/province scope outcome cross-referenced to exact assigned subjects; no source-count quota or regional approval.
province,framework:province:imo:a94708264d83,Imo,Imo,27,27,False,"[""gb:NGA:ADM2:59680162B11133908611483"", ""gb:NGA:ADM2:59680162B14530293305891"", ""gb:NGA:ADM2:59680162B16893313163973"", ""gb:NGA:ADM2:59680162B2017456399117"", ""gb:NGA:ADM2:59680162B21498960785654"", ""gb:NGA:ADM2:59680162B23369049466603"", ""gb:NGA:ADM2:59680162B2351853936587"", ""gb:NGA:ADM2:59680162B31302026198632"", ""gb:NGA:ADM2:59680162B32871052171758"", ""gb:NGA:ADM2:59680162B35426409409773"", ""gb:NGA:ADM2:59680162B39513276000218"", ""gb:NGA:ADM2:59680162B44850901768514"", ""gb:NGA:ADM2:59680162B47841916602322"", ""gb:NGA:ADM2:59680162B50771081897552"", ""gb:NGA:ADM2:59680162B53120698145103"", ""gb:NGA:ADM2:59680162B56887411771488"", ""gb:NGA:ADM2:59680162B59739898555342"", ""gb:NGA:ADM2:59680162B61451583552190"", ""gb:NGA:ADM2:59680162B71691370147242"", ""gb:NGA:ADM2:59680162B73807077480910"", ""gb:NGA:ADM2:59680162B78900735102434"", ""gb:NGA:ADM2:59680162B88090020431393"", ""gb:NGA:ADM2:59680162B91755424681987"", ""gb:NGA:ADM2:59680162B94225169025314"", ""gb:NGA:ADM2:59680162B95469939765095"", ""gb:NGA:ADM2:59680162B96723309662383"", ""gb:NGA:ADM2:59680162B99262810585367""]","{""Imo"": 27}",See each subject row; source parent/vintage candidates are not a shared hierarchy edit.,insufficient-evidence,Scope status is not fully justified: assigned member outcomes remain insufficient because physical land/island and complete settlement coverage are not established; current ADM1/source comparisons are diagnostic only and do not independently establish legal parent purpose or boundary accuracy.,[],[],individual area/province scope outcome cross-referenced to exact assigned subjects; no source-count quota or regional approval.
province,framework:province:abuja-federal-capital-territory:24fe5cea0ae1,Abuja Federal Capital Territory,Abuja Federal Capital Territory,6,6,False,"[""gb:NGA:ADM2:59680162B29524904273451"", ""gb:NGA:ADM2:59680162B34682847069002"", ""gb:NGA:ADM2:59680162B38183120701356"", ""gb:NGA:ADM2:59680162B82021418174103"", ""gb:NGA:ADM2:59680162B82387239737873"", ""gb:NGA:ADM2:59680162B85175001165051""]","{""Federal Capital Territory"": 6}",See each subject row; source parent/vintage candidates are not a shared hierarchy edit.,insufficient-evidence,Scope status is not fully justified: assigned member outcomes remain insufficient because physical land/island and complete settlement coverage are not established; current ADM1/source comparisons are diagnostic only and do not independently establish legal parent purpose or boundary accuracy.,"[""gb:NGA:ADM2:59680162B29524904273451"", ""gb:NGA:ADM2:59680162B34682847069002"", ""gb:NGA:ADM2:59680162B38183120701356"", ""gb:NGA:ADM2:59680162B82021418174103"", ""gb:NGA:ADM2:59680162B82387239737873"", ""gb:NGA:ADM2:59680162B85175001165051""]",[],individual area/province scope outcome cross-referenced to exact assigned subjects; no source-count quota or regional approval.
