assigned_location_id,assigned_location_name,baseline_parent_id,candidate_current_adm2_name,candidate_current_adm2_pcode,candidate_current_adm1_name,screen_city_name,screen_city_evidence,capital_source_admin2_name,capital_source_admin2_pcode,capital_source_admin1_name,capital_source_valid_on,candidate_join_method,capital_lon_lat,capital_point_in_candidate_geometry,interpretation
gb:NGA:ADM2:59680162B10831398447622,Wamakko,framework:province:sokoto:38a75936a981,Wamako,NG034021,Sokoto,Sokoto,OCHA COD-AB administrative-capital point,Wamako,NG3421,Sokoto,2019-04-17,normalized ADM2+ADM1 name candidate; source-code vintage differs,"[5.214285, 13.048025]",True,"Administrative-capital point/name screen only; does not define an urban, municipal or metropolitan footprint."
gb:NGA:ADM2:59680162B10831398447622,Wamakko,framework:province:sokoto:38a75936a981,Wamako,NG034021,Sokoto,Wamako,OCHA COD-AB administrative-capital point,Wamako,NG3421,Sokoto,2019-04-17,normalized ADM2+ADM1 name candidate; source-code vintage differs,"[5.105336, 13.028737]",True,"Administrative-capital point/name screen only; does not define an urban, municipal or metropolitan footprint."
gb:NGA:ADM2:59680162B10854216301983,Ndokwa East,framework:province:delta:c9181c18b197,Ndokwa East,NG010011,Delta,Aboh,OCHA COD-AB administrative-capital point,Ndokwa East,NG1011,Delta,2019-04-17,normalized ADM2+ADM1 name candidate; source-code vintage differs,"[6.52812, 5.546392]",True,"Administrative-capital point/name screen only; does not define an urban, municipal or metropolitan footprint."
gb:NGA:ADM2:59680162B11863934245151,Ankpa,framework:province:kogi:2143f75eb90a,Ankpa,NG023003,Kogi,Ankpa,OCHA COD-AB administrative-capital point,Ankpa,NG2303,Kogi,2019-04-17,normalized ADM2+ADM1 name candidate; source-code vintage differs,"[7.6253, 7.370575]",True,"Administrative-capital point/name screen only; does not define an urban, municipal or metropolitan footprint."
gb:NGA:ADM2:59680162B12426298681132,Tsafe,framework:province:zamfara:f060723678a4,Tsafe,NG037013,Zamfara,Chafe,OCHA COD-AB administrative-capital point,Tsafe,NG3713,Zamfara,2019-04-17,normalized ADM2+ADM1 name candidate; source-code vintage differs,"[6.922322, 11.955273]",True,"Administrative-capital point/name screen only; does not define an urban, municipal or metropolitan footprint."
gb:NGA:ADM2:59680162B14261849329471,Lapai,framework:province:niger:76d278c157e8,Lapai,NG027012,Niger,Lapai,OCHA COD-AB administrative-capital point,Lapai,NG2712,Niger,2019-04-17,normalized ADM2+ADM1 name candidate; source-code vintage differs,"[6.716667, 9.066667]",True,"Administrative-capital point/name screen only; does not define an urban, municipal or metropolitan footprint."
gb:NGA:ADM2:59680162B14396821090751,Esan Central,framework:province:edo:837a456ad2ee,Esan Central,NG012003,Edo,Irrua,OCHA COD-AB administrative-capital point,Esan Central,NG1203,Edo,2019-04-17,normalized ADM2+ADM1 name candidate; source-code vintage differs,"[6.218711, 6.733703]",True,"Administrative-capital point/name screen only; does not define an urban, municipal or metropolitan footprint."
gb:NGA:ADM2:59680162B15998169506024,Uhunmwonde,framework:province:edo:837a456ad2ee,Uhunmwonde,NG012018,Edo,Ehor,OCHA COD-AB administrative-capital point,Uhunmwonde,NG1218,Edo,2019-04-17,normalized ADM2+ADM1 name candidate; source-code vintage differs,"[5.983837, 6.615559]",True,"Administrative-capital point/name screen only; does not define an urban, municipal or metropolitan footprint."
gb:NGA:ADM2:59680162B16294292751838,Khana,framework:province:rivers:00c506c91c8a,Khana,NG033014,Rivers,Bori,OCHA COD-AB administrative-capital point,Khana,NG3314,Rivers,2019-04-17,normalized ADM2+ADM1 name candidate; source-code vintage differs,"[7.362008, 4.673663]",True,"Administrative-capital point/name screen only; does not define an urban, municipal or metropolitan footprint."
gb:NGA:ADM2:59680162B16609728895319,Irepodun/Ifelodun,framework:province:ekiti:1dc223e0cd0e,Irepodun/Ifelodun,NG013013,Ekiti,Igede,OCHA COD-AB administrative-capital point,Irepodun/Ifelodun,NG1313,Ekiti,2019-04-17,normalized ADM2+ADM1 name candidate; source-code vintage differs,"[5.132047, 7.666765]",True,"Administrative-capital point/name screen only; does not define an urban, municipal or metropolitan footprint."
gb:NGA:ADM2:59680162B16701148271715,Aniocha North,framework:province:delta:c9181c18b197,Aniocha North,NG010001,Delta,Issele-Uku,OCHA COD-AB administrative-capital point,Aniocha North,NG1001,Delta,2019-04-17,normalized ADM2+ADM1 name candidate; source-code vintage differs,"[6.474054, 6.315172]",True,"Administrative-capital point/name screen only; does not define an urban, municipal or metropolitan footprint."
gb:NGA:ADM2:59680162B16893313163973,Oguta,framework:province:imo:a94708264d83,Oguta,NG017017,Imo,Oguta,OCHA COD-AB administrative-capital point,Oguta,NG1717,Imo,2019-04-17,normalized ADM2+ADM1 name candidate; source-code vintage differs,"[6.810265, 5.708901]",True,"Administrative-capital point/name screen only; does not define an urban, municipal or metropolitan footprint."
gb:NGA:ADM2:59680162B16963737840115,Orumba South,framework:province:anambra:60457f483104,Orumba South,NG004020,Anambra,Umueje,OCHA COD-AB administrative-capital point,Orumba South,NG0420,Anambra,2019-04-17,normalized ADM2+ADM1 name candidate; source-code vintage differs,"[7.266681, 6.024142]",True,"Administrative-capital point/name screen only; does not define an urban, municipal or metropolitan footprint."
gb:NGA:ADM2:59680162B17520648889441,Orhionmwon,framework:province:edo:837a456ad2ee,Orhionmwon,NG012013,Edo,Abudu,OCHA COD-AB administrative-capital point,Orhionmwon,NG1213,Edo,2019-04-17,normalized ADM2+ADM1 name candidate; source-code vintage differs,"[6.036358, 6.29343]",True,"Administrative-capital point/name screen only; does not define an urban, municipal or metropolitan footprint."
gb:NGA:ADM2:59680162B17555212909244,Ido-Osi,framework:province:ekiti:1dc223e0cd0e,Ido-Osi,NG013008,Ekiti,Osi Ekiti,OCHA COD-AB administrative-capital point,Ido-Osi,NG1308,Ekiti,2019-04-17,normalized ADM2+ADM1 name candidate; source-code vintage differs,"[5.158324, 7.788256]",True,"Administrative-capital point/name screen only; does not define an urban, municipal or metropolitan footprint."
gb:NGA:ADM2:59680162B18196869714953,Anambra East,framework:province:anambra:60457f483104,Anambra East,NG004002,Anambra,Aguleri,OCHA COD-AB administrative-capital point,Anambra East,NG0402,Anambra,2019-04-17,normalized ADM2+ADM1 name candidate; source-code vintage differs,"[6.890214, 6.322409]",True,"Administrative-capital point/name screen only; does not define an urban, municipal or metropolitan footprint."
gb:NGA:ADM2:59680162B18488232241930,Awka North,framework:province:anambra:60457f483104,Awka North,NG004005,Anambra,Achalla,OCHA COD-AB administrative-capital point,Awka North,NG0405,Anambra,2019-04-17,normalized ADM2+ADM1 name candidate; source-code vintage differs,"[6.989788, 6.334484]",True,"Administrative-capital point/name screen only; does not define an urban, municipal or metropolitan footprint."
gb:NGA:ADM2:59680162B1935816053049,Ofu,framework:province:kogi:2143f75eb90a,Ofu,NG023014,Kogi,Gwalawo,OCHA COD-AB administrative-capital point,Ofu,NG2314,Kogi,2019-04-17,normalized ADM2+ADM1 name candidate; source-code vintage differs,"[6.9256, 7.2357]",True,"Administrative-capital point/name screen only; does not define an urban, municipal or metropolitan footprint."
gb:NGA:ADM2:59680162B20432910054227,Goronyo,framework:province:sokoto:38a75936a981,Goronyo,NG034006,Sokoto,Goronyo,OCHA COD-AB administrative-capital point,Goronyo,NG3406,Sokoto,2019-04-17,normalized ADM2+ADM1 name candidate; source-code vintage differs,"[5.676319, 13.44232]",True,"Administrative-capital point/name screen only; does not define an urban, municipal or metropolitan footprint."
gb:NGA:ADM2:59680162B21010588258079,Tambuwal,framework:province:sokoto:38a75936a981,Tambuwal,NG034018,Sokoto,Tambuwal,OCHA COD-AB administrative-capital point,Tambuwal,NG3418,Sokoto,2019-04-17,normalized ADM2+ADM1 name candidate; source-code vintage differs,"[4.64692, 12.403858]",True,"Administrative-capital point/name screen only; does not define an urban, municipal or metropolitan footprint."
gb:NGA:ADM2:59680162B21053239387442,Warri South,framework:province:delta:c9181c18b197,Warri South,NG010024,Delta,Warri,OCHA COD-AB administrative-capital point,Warri South,NG1024,Delta,2019-04-17,normalized ADM2+ADM1 name candidate; source-code vintage differs,"[5.75, 5.516667]",True,"Administrative-capital point/name screen only; does not define an urban, municipal or metropolitan footprint."
gb:NGA:ADM2:59680162B21067903036313,Patani,framework:province:delta:c9181c18b197,Patani,NG010016,Delta,Patani,OCHA COD-AB administrative-capital point,Patani,NG1016,Delta,2019-04-17,normalized ADM2+ADM1 name candidate; source-code vintage differs,"[6.192382, 5.227239]",True,"Administrative-capital point/name screen only; does not define an urban, municipal or metropolitan footprint."
gb:NGA:ADM2:59680162B21365932465956,Ukwuani,framework:province:delta:c9181c18b197,Ukwuani,NG010021,Delta,Obiaruku,OCHA COD-AB administrative-capital point,Ukwuani,NG1021,Delta,2019-04-17,normalized ADM2+ADM1 name candidate; source-code vintage differs,"[6.152566, 5.846712]",True,"Administrative-capital point/name screen only; does not define an urban, municipal or metropolitan footprint."
gb:NGA:ADM2:59680162B21498960785654,Orlu,framework:province:imo:a94708264d83,Orlu,NG017020,Imo,Orlu,OCHA COD-AB administrative-capital point,Orlu,NG1720,Imo,2019-04-17,normalized ADM2+ADM1 name candidate; source-code vintage differs,"[7.034947, 5.794635]",True,"Administrative-capital point/name screen only; does not define an urban, municipal or metropolitan footprint."
gb:NGA:ADM2:59680162B22876202690460,Ekeremor,framework:province:bayelsa:363005de2f54,Ekeremor,NG006002,Bayelsa,Ekeremor,OCHA COD-AB administrative-capital point,Ekeremor,NG0602,Bayelsa,2019-04-17,normalized ADM2+ADM1 name candidate; source-code vintage differs,"[5.780063, 5.055631]",True,"Administrative-capital point/name screen only; does not define an urban, municipal or metropolitan footprint."
gb:NGA:ADM2:59680162B23155718085687,Mokwa,framework:province:niger:76d278c157e8,Mokwa,NG027017,Niger,Mokwa,OCHA COD-AB administrative-capital point,Mokwa,NG2717,Niger,2019-04-17,normalized ADM2+ADM1 name candidate; source-code vintage differs,"[5.05, 9.283333]",True,"Administrative-capital point/name screen only; does not define an urban, municipal or metropolitan footprint."
gb:NGA:ADM2:59680162B23369049466603,Ideato South,framework:province:imo:a94708264d83,Ideato South,NG017006,Imo,Dikenafai,OCHA COD-AB administrative-capital point,Ideato South,NG1706,Imo,2019-04-17,normalized ADM2+ADM1 name candidate; source-code vintage differs,"[7.153128, 5.767071]",True,"Administrative-capital point/name screen only; does not define an urban, municipal or metropolitan footprint."
gb:NGA:ADM2:59680162B2351853936587,Ideato North,framework:province:imo:a94708264d83,Ideato North,NG017005,Imo,Urualla,OCHA COD-AB administrative-capital point,Ideato North,NG1705,Imo,2019-04-17,normalized ADM2+ADM1 name candidate; source-code vintage differs,"[7.099294, 5.853128]",True,"Administrative-capital point/name screen only; does not define an urban, municipal or metropolitan footprint."
gb:NGA:ADM2:59680162B23543460253472,Degema,framework:province:rivers:00c506c91c8a,Degema,NG033008,Rivers,Degema,OCHA COD-AB administrative-capital point,Degema,NG3308,Rivers,2019-04-17,normalized ADM2+ADM1 name candidate; source-code vintage differs,"[6.767693, 4.746111]",True,"Administrative-capital point/name screen only; does not define an urban, municipal or metropolitan footprint."
gb:NGA:ADM2:59680162B23595872951211,Shagari,framework:province:sokoto:38a75936a981,Shagari,NG034014,Sokoto,Shagari,OCHA COD-AB administrative-capital point,Shagari,NG3414,Sokoto,2019-04-17,normalized ADM2+ADM1 name candidate; source-code vintage differs,"[4.993586, 12.62746]",True,"Administrative-capital point/name screen only; does not define an urban, municipal or metropolitan footprint."
gb:NGA:ADM2:59680162B23598949397905,Esan North-East,framework:province:edo:837a456ad2ee,Esan North East,NG012004,Edo,Uromi,OCHA COD-AB administrative-capital point,Esan North East,NG1204,Edo,2019-04-17,normalized ADM2+ADM1 name candidate; source-code vintage differs,"[6.328434, 6.707294]",True,"Administrative-capital point/name screen only; does not define an urban, municipal or metropolitan footprint."
gb:NGA:ADM2:59680162B23949108035203,Ajaokuta,framework:province:kogi:2143f75eb90a,Ajaokuta,NG023002,Kogi,Ajaokuta,OCHA COD-AB administrative-capital point,Ajaokuta,NG2302,Kogi,2019-04-17,normalized ADM2+ADM1 name candidate; source-code vintage differs,"[6.6947, 7.4605]",True,"Administrative-capital point/name screen only; does not define an urban, municipal or metropolitan footprint."
gb:NGA:ADM2:59680162B23991224305955,Okene,framework:province:kogi:2143f75eb90a,Okene,NG023017,Kogi,Okene,OCHA COD-AB administrative-capital point,Okene,NG2317,Kogi,2019-04-17,normalized ADM2+ADM1 name candidate; source-code vintage differs,"[6.2538, 7.5456]",True,"Administrative-capital point/name screen only; does not define an urban, municipal or metropolitan footprint."
gb:NGA:ADM2:59680162B24502748844916,Bakura,framework:province:zamfara:f060723678a4,Bakura,NG037002,Zamfara,Bakura,OCHA COD-AB administrative-capital point,Bakura,NG3702,Zamfara,2019-04-17,normalized ADM2+ADM1 name candidate; source-code vintage differs,"[5.874872, 12.710459]",True,"Administrative-capital point/name screen only; does not define an urban, municipal or metropolitan footprint."
gb:NGA:ADM2:59680162B24636018787341,Igalamela-Odolu,framework:province:kogi:2143f75eb90a,Igalamela-Odolu,NG023008,Kogi,Ajaka,OCHA COD-AB administrative-capital point,Igalamela-Odolu,NG2308,Kogi,2019-04-17,normalized ADM2+ADM1 name candidate; source-code vintage differs,"[6.8265, 7.1711]",True,"Administrative-capital point/name screen only; does not define an urban, municipal or metropolitan footprint."
gb:NGA:ADM2:59680162B25214275797379,Ado-Ekiti,framework:province:ekiti:1dc223e0cd0e,Ado Ekiti,NG013001,Ekiti,Ado-Ekiti,OCHA COD-AB administrative-capital point,Ado Ekiti,NG1301,Ekiti,2019-04-17,normalized ADM2+ADM1 name candidate; source-code vintage differs,"[5.221495, 7.621001]",True,"Administrative-capital point/name screen only; does not define an urban, municipal or metropolitan footprint."
gb:NGA:ADM2:59680162B25309364748934,Maru,framework:province:zamfara:f060723678a4,Maru,NG037010,Zamfara,Maru,OCHA COD-AB administrative-capital point,Maru,NG3710,Zamfara,2019-04-17,normalized ADM2+ADM1 name candidate; source-code vintage differs,"[6.405686, 12.334166]",True,"Administrative-capital point/name screen only; does not define an urban, municipal or metropolitan footprint."
gb:NGA:ADM2:59680162B25728635468586,Tureta,framework:province:sokoto:38a75936a981,Tureta,NG034020,Sokoto,Tureta,OCHA COD-AB administrative-capital point,Tureta,NG3420,Sokoto,2019-04-17,normalized ADM2+ADM1 name candidate; source-code vintage differs,"[5.54431, 12.591351]",True,"Administrative-capital point/name screen only; does not define an urban, municipal or metropolitan footprint."
gb:NGA:ADM2:59680162B26925253941931,Yagba West,framework:province:kogi:2143f75eb90a,Yagba West,NG023021,Kogi,Odo Ere,OCHA COD-AB administrative-capital point,Yagba West,NG2321,Kogi,2019-04-17,normalized ADM2+ADM1 name candidate; source-code vintage differs,"[5.55, 8.25]",True,"Administrative-capital point/name screen only; does not define an urban, municipal or metropolitan footprint."
gb:NGA:ADM2:59680162B27389948970996,Illela,framework:province:sokoto:38a75936a981,Illela,NG034008,Sokoto,Illela,OCHA COD-AB administrative-capital point,Illela,NG3408,Sokoto,2019-04-17,normalized ADM2+ADM1 name candidate; source-code vintage differs,"[5.297523, 13.72918]",True,"Administrative-capital point/name screen only; does not define an urban, municipal or metropolitan footprint."
gb:NGA:ADM2:59680162B27901935497545,Port-Harcourt,framework:province:rivers:00c506c91c8a,Port-Harcourt,NG033022,Rivers,Port Harcourt,OCHA COD-AB administrative-capital point,Port-Harcourt,NG3322,Rivers,2019-04-17,normalized ADM2+ADM1 name candidate; source-code vintage differs,"[7.013404, 4.777423]",True,"Administrative-capital point/name screen only; does not define an urban, municipal or metropolitan footprint."
gb:NGA:ADM2:59680162B28016750993437,Rabah,framework:province:sokoto:38a75936a981,Rabah,NG034012,Sokoto,Rabah,OCHA COD-AB administrative-capital point,Rabah,NG3412,Sokoto,2019-04-17,normalized ADM2+ADM1 name candidate; source-code vintage differs,"[5.507414, 13.121329]",True,"Administrative-capital point/name screen only; does not define an urban, municipal or metropolitan footprint."
gb:NGA:ADM2:59680162B28606864431003,Ndokwa West,framework:province:delta:c9181c18b197,Ndokwa West,NG010012,Delta,Kwale,OCHA COD-AB administrative-capital point,Ndokwa West,NG1012,Delta,2019-04-17,normalized ADM2+ADM1 name candidate; source-code vintage differs,"[6.43741, 5.706322]",True,"Administrative-capital point/name screen only; does not define an urban, municipal or metropolitan footprint."
gb:NGA:ADM2:59680162B28887917480980,Ogba/Egbema/Ndoni,framework:province:rivers:00c506c91c8a,Ogba/Egbema/Ndoni,NG033016,Rivers,Omoku,OCHA COD-AB administrative-capital point,Ogba/Egbema/Ndoni,NG3316,Rivers,2019-04-17,normalized ADM2+ADM1 name candidate; source-code vintage differs,"[6.653208, 5.343504]",True,"Administrative-capital point/name screen only; does not define an urban, municipal or metropolitan footprint."
gb:NGA:ADM2:59680162B2904770846082,Etsako East,framework:province:edo:837a456ad2ee,Etsako East,NG012008,Edo,Agenebode,OCHA COD-AB administrative-capital point,Etsako East,NG1208,Edo,2019-04-17,normalized ADM2+ADM1 name candidate; source-code vintage differs,"[6.6966, 7.106]",True,"Administrative-capital point/name screen only; does not define an urban, municipal or metropolitan footprint."
gb:NGA:ADM2:59680162B29085579275088,Ethiope East,framework:province:delta:c9181c18b197,Ethiope East,NG010005,Delta,Isiokolo,OCHA COD-AB administrative-capital point,Ethiope East,NG1005,Delta,2019-04-17,normalized ADM2+ADM1 name candidate; source-code vintage differs,"[6.000513, 5.594958]",True,"Administrative-capital point/name screen only; does not define an urban, municipal or metropolitan footprint."
gb:NGA:ADM2:59680162B29524904273451,Abaji,framework:province:abuja-federal-capital-territory:24fe5cea0ae1,Abaji,NG015001,Federal Capital Territory,Abaji,OCHA COD-AB administrative-capital point,Abaji,NG1501,Federal Capital Territory,2019-04-17,normalized ADM2+ADM1 name candidate; source-code vintage differs,"[6.95, 8.466667]",True,"Administrative-capital point/name screen only; does not define an urban, municipal or metropolitan footprint."
gb:NGA:ADM2:59680162B29524904273451,Abaji,framework:province:abuja-federal-capital-territory:24fe5cea0ae1,Abaji,NG015001,Federal Capital Territory,Gawu,OCHA COD-AB administrative-capital point,Abaji,NG1501,Federal Capital Territory,2019-04-17,normalized ADM2+ADM1 name candidate; source-code vintage differs,"[6.85, 9.2]",True,"Administrative-capital point/name screen only; does not define an urban, municipal or metropolitan footprint."
gb:NGA:ADM2:59680162B29589714384573,Aniocha South,framework:province:delta:c9181c18b197,Aniocha South,NG010002,Delta,Ogwashi-Uku,OCHA COD-AB administrative-capital point,Aniocha South,NG1002,Delta,2019-04-17,normalized ADM2+ADM1 name candidate; source-code vintage differs,"[6.524293, 6.178178]",True,"Administrative-capital point/name screen only; does not define an urban, municipal or metropolitan footprint."
gb:NGA:ADM2:59680162B29680565367836,Ikpoba-Okha,framework:province:edo:837a456ad2ee,Ikpoba-Okha,NG012011,Edo,Idogbo,OCHA COD-AB administrative-capital point,Ikpoba-Okha,NG1211,Edo,2019-04-17,normalized ADM2+ADM1 name candidate; source-code vintage differs,"[5.716667, 6.266667]",True,"Administrative-capital point/name screen only; does not define an urban, municipal or metropolitan footprint."
gb:NGA:ADM2:59680162B30593466404451,Kolokuma/Opokuma,framework:province:bayelsa:363005de2f54,Kolokuma/Opokuma,NG006003,Bayelsa,Opokuma,OCHA COD-AB administrative-capital point,Kolokuma/Opokuma,NG0603,Bayelsa,2019-04-17,normalized ADM2+ADM1 name candidate; source-code vintage differs,"[6.26406, 5.076274]",True,"Administrative-capital point/name screen only; does not define an urban, municipal or metropolitan footprint."
gb:NGA:ADM2:59680162B30773772502776,Tai,framework:province:rivers:00c506c91c8a,Tai,NG033023,Rivers,Okoloma-Tai,OCHA COD-AB administrative-capital point,Tai,NG3323,Rivers,2019-04-17,normalized ADM2+ADM1 name candidate; source-code vintage differs,"[7.280003, 4.766061]",True,"Administrative-capital point/name screen only; does not define an urban, municipal or metropolitan footprint."
gb:NGA:ADM2:59680162B31003411858547,Ayamelum,framework:province:anambra:60457f483104,Ayamelum,NG004007,Anambra,Omo,OCHA COD-AB administrative-capital point,Ayamelum,NG0407,Anambra,2019-04-17,normalized ADM2+ADM1 name candidate; source-code vintage differs,"[6.964936, 6.519858]",True,"Administrative-capital point/name screen only; does not define an urban, municipal or metropolitan footprint."
gb:NGA:ADM2:59680162B31302026198632,Nkwerre,framework:province:imo:a94708264d83,Nkwerre,NG017014,Imo,Nkwerre,OCHA COD-AB administrative-capital point,Nkwerre,NG1714,Imo,2019-04-17,normalized ADM2+ADM1 name candidate; source-code vintage differs,"[7.106273, 5.75555]",True,"Administrative-capital point/name screen only; does not define an urban, municipal or metropolitan footprint."
gb:NGA:ADM2:59680162B31350853830247,Nnewi South,framework:province:anambra:60457f483104,Nnewi South,NG004015,Anambra,Ukpor,OCHA COD-AB administrative-capital point,Nnewi South,NG0415,Anambra,2019-04-17,normalized ADM2+ADM1 name candidate; source-code vintage differs,"[6.929337, 5.940698]",True,"Administrative-capital point/name screen only; does not define an urban, municipal or metropolitan footprint."
gb:NGA:ADM2:59680162B31457176745984,Ahoada West,framework:province:rivers:00c506c91c8a,Ahoada West,NG033003,Rivers,Akinima,OCHA COD-AB administrative-capital point,Ahoada West,NG3303,Rivers,2019-04-17,normalized ADM2+ADM1 name candidate; source-code vintage differs,"[6.470887, 5.085797]",True,"Administrative-capital point/name screen only; does not define an urban, municipal or metropolitan footprint."
gb:NGA:ADM2:59680162B32427656470349,Esan South-East,framework:province:edo:837a456ad2ee,Esan South East,NG012005,Edo,Ubiaja,OCHA COD-AB administrative-capital point,Esan South East,NG1205,Edo,2019-04-17,normalized ADM2+ADM1 name candidate; source-code vintage differs,"[6.386872, 6.655043]",True,"Administrative-capital point/name screen only; does not define an urban, municipal or metropolitan footprint."
gb:NGA:ADM2:59680162B326996000256,Lokoja,framework:province:kogi:2143f75eb90a,Lokoja,NG023012,Kogi,Lokoja,OCHA COD-AB administrative-capital point,Lokoja,NG2312,Kogi,2019-04-17,normalized ADM2+ADM1 name candidate; source-code vintage differs,"[6.743005, 7.802359]",True,"Administrative-capital point/name screen only; does not define an urban, municipal or metropolitan footprint."
gb:NGA:ADM2:59680162B32871052171758,Onuimo,framework:province:imo:a94708264d83,Unuimo,NG017027,Imo,Okwe,OCHA COD-AB administrative-capital point,Unuimo,NG1727,Imo,2019-04-17,normalized ADM2+ADM1 name candidate; source-code vintage differs,"[7.217474, 5.768701]",True,"Administrative-capital point/name screen only; does not define an urban, municipal or metropolitan footprint."
gb:NGA:ADM2:59680162B32979491305099,Oshimili South,framework:province:delta:c9181c18b197,Oshimili South,NG010015,Delta,Asaba,OCHA COD-AB administrative-capital point,Oshimili South,NG1015,Delta,2019-04-17,normalized ADM2+ADM1 name candidate; source-code vintage differs,"[6.733845, 6.200643]",True,"Administrative-capital point/name screen only; does not define an urban, municipal or metropolitan footprint."
gb:NGA:ADM2:59680162B33139882700556,Kware,framework:province:sokoto:38a75936a981,Kware,NG034011,Sokoto,Kware,OCHA COD-AB administrative-capital point,Kware,NG3411,Sokoto,2019-04-17,normalized ADM2+ADM1 name candidate; source-code vintage differs,"[5.263196, 13.21297]",True,"Administrative-capital point/name screen only; does not define an urban, municipal or metropolitan footprint."
gb:NGA:ADM2:59680162B34682847069002,Gwagwalada,framework:province:abuja-federal-capital-territory:24fe5cea0ae1,Gwagwalada,NG015004,Federal Capital Territory,Gwagwalada,OCHA COD-AB administrative-capital point,Gwagwalada,NG1504,Federal Capital Territory,2019-04-17,normalized ADM2+ADM1 name candidate; source-code vintage differs,"[7.091944, 8.941389]",True,"Administrative-capital point/name screen only; does not define an urban, municipal or metropolitan footprint."
gb:NGA:ADM2:59680162B35426409409773,Isiala Mbano,framework:province:imo:a94708264d83,Isiala Mbano,NG017009,Imo,Umu Elemai,OCHA COD-AB administrative-capital point,Isiala Mbano,NG1709,Imo,2019-04-17,normalized ADM2+ADM1 name candidate; source-code vintage differs,"[7.233333, 5.683333]",True,"Administrative-capital point/name screen only; does not define an urban, municipal or metropolitan footprint."
gb:NGA:ADM2:59680162B35912483761792,Etsako West,framework:province:edo:837a456ad2ee,Etsako West,NG012009,Edo,Auchi,OCHA COD-AB administrative-capital point,Etsako West,NG1209,Edo,2019-04-17,normalized ADM2+ADM1 name candidate; source-code vintage differs,"[6.266667, 7.066667]",True,"Administrative-capital point/name screen only; does not define an urban, municipal or metropolitan footprint."
gb:NGA:ADM2:59680162B35933805912396,Mopa-Muro,framework:province:kogi:2143f75eb90a,Mopa-Muro,NG023013,Kogi,Mopa,OCHA COD-AB administrative-capital point,Mopa-Muro,NG2313,Kogi,2019-04-17,normalized ADM2+ADM1 name candidate; source-code vintage differs,"[5.9, 8.1]",True,"Administrative-capital point/name screen only; does not define an urban, municipal or metropolitan footprint."
gb:NGA:ADM2:59680162B36304665045822,Emuoha,framework:province:rivers:00c506c91c8a,Emohua,NG033010,Rivers,Emohua,OCHA COD-AB administrative-capital point,Emohua,NG3310,Rivers,2019-04-17,normalized ADM2+ADM1 name candidate; source-code vintage differs,"[6.86247, 4.881621]",True,"Administrative-capital point/name screen only; does not define an urban, municipal or metropolitan footprint."
gb:NGA:ADM2:59680162B37513478805829,Gummi,framework:province:zamfara:f060723678a4,Gummi,NG037006,Zamfara,Gummi,OCHA COD-AB administrative-capital point,Gummi,NG3706,Zamfara,2019-04-17,normalized ADM2+ADM1 name candidate; source-code vintage differs,"[5.108087, 12.143575]",True,"Administrative-capital point/name screen only; does not define an urban, municipal or metropolitan footprint."
gb:NGA:ADM2:59680162B38183120701356,Municipal Area Council,framework:province:abuja-federal-capital-territory:24fe5cea0ae1,Abuja Municipal,NG015002,Federal Capital Territory,Karu,OCHA COD-AB administrative-capital point,Abuja Municipal,NG1502,Federal Capital Territory,2019-04-17,normalized ADM2+ADM1 name candidate; source-code vintage differs,"[7.575556, 8.996111]",True,"Administrative-capital point/name screen only; does not define an urban, municipal or metropolitan footprint."
gb:NGA:ADM2:59680162B38183120701356,Municipal Area Council,framework:province:abuja-federal-capital-territory:24fe5cea0ae1,Abuja Municipal,NG015002,Federal Capital Territory,Kuje,OCHA COD-AB administrative-capital point,Abuja Municipal,NG1502,Federal Capital Territory,2019-04-17,normalized ADM2+ADM1 name candidate; source-code vintage differs,"[7.243056, 8.896389]",True,"Administrative-capital point/name screen only; does not define an urban, municipal or metropolitan footprint."
gb:NGA:ADM2:59680162B39308677673484,Ibaji,framework:province:kogi:2143f75eb90a,Ibaji,NG023006,Kogi,"Ofu, River",OCHA COD-AB administrative-capital point,Ibaji,NG2306,Kogi,2019-04-17,normalized ADM2+ADM1 name candidate; source-code vintage differs,"[6.941511, 6.791359]",True,"Administrative-capital point/name screen only; does not define an urban, municipal or metropolitan footprint."
gb:NGA:ADM2:59680162B40491222708573,Magama,framework:province:niger:76d278c157e8,Magama,NG027014,Niger,Nasko,OCHA COD-AB administrative-capital point,Magama,NG2714,Niger,2019-04-17,normalized ADM2+ADM1 name candidate; source-code vintage differs,"[4.879207, 10.487156]",True,"Administrative-capital point/name screen only; does not define an urban, municipal or metropolitan footprint."
gb:NGA:ADM2:59680162B42022523568798,Njikoka,framework:province:anambra:60457f483104,Njikoka,NG004013,Anambra,Abagana,OCHA COD-AB administrative-capital point,Njikoka,NG0413,Anambra,2019-04-17,normalized ADM2+ADM1 name candidate; source-code vintage differs,"[6.976553, 6.184196]",True,"Administrative-capital point/name screen only; does not define an urban, municipal or metropolitan footprint."
gb:NGA:ADM2:59680162B42022523568798,Njikoka,framework:province:anambra:60457f483104,Njikoka,NG004013,Anambra,Ukpo,OCHA COD-AB administrative-capital point,Njikoka,NG0413,Anambra,2019-04-17,normalized ADM2+ADM1 name candidate; source-code vintage differs,"[6.964155, 6.212867]",True,"Administrative-capital point/name screen only; does not define an urban, municipal or metropolitan footprint."
gb:NGA:ADM2:59680162B42162352171568,Birnin Magaji-Kiyaw,framework:province:zamfara:f060723678a4,Birnin Magaji,NG037003,Zamfara,Birni Mogaji,OCHA COD-AB administrative-capital point,Birnin Magaji,NG3703,Zamfara,2019-04-17,normalized ADM2+ADM1 name candidate; source-code vintage differs,"[6.811283, 12.543635]",True,"Administrative-capital point/name screen only; does not define an urban, municipal or metropolitan footprint."
gb:NGA:ADM2:59680162B42207826884677,Gbako,framework:province:niger:76d278c157e8,Gbako,NG027008,Niger,Lemu,OCHA COD-AB administrative-capital point,Gbako,NG2708,Niger,2019-04-17,normalized ADM2+ADM1 name candidate; source-code vintage differs,"[6.033333, 9.4]",True,"Administrative-capital point/name screen only; does not define an urban, municipal or metropolitan footprint."
gb:NGA:ADM2:59680162B42338651294858,Awka South,framework:province:anambra:60457f483104,Awka South,NG004006,Anambra,Akwa,OCHA COD-AB administrative-capital point,Awka South,NG0406,Anambra,2019-04-17,normalized ADM2+ADM1 name candidate; source-code vintage differs,"[7.074115, 6.210095]",True,"Administrative-capital point/name screen only; does not define an urban, municipal or metropolitan footprint."
gb:NGA:ADM2:59680162B43558777101724,Bukkuyum,framework:province:zamfara:f060723678a4,Bukkuyum,NG037004,Zamfara,Bukkuyum,OCHA COD-AB administrative-capital point,Bukkuyum,NG3704,Zamfara,2019-04-17,normalized ADM2+ADM1 name candidate; source-code vintage differs,"[5.466486, 12.137692]",True,"Administrative-capital point/name screen only; does not define an urban, municipal or metropolitan footprint."
gb:NGA:ADM2:59680162B43671986122418,Gudu,framework:province:sokoto:38a75936a981,Gudu,NG034007,Sokoto,Balle,OCHA COD-AB administrative-capital point,Gudu,NG3407,Sokoto,2019-04-17,normalized ADM2+ADM1 name candidate; source-code vintage differs,"[4.678966, 13.46856]",True,"Administrative-capital point/name screen only; does not define an urban, municipal or metropolitan footprint."
gb:NGA:ADM2:59680162B43824241108050,Oye,framework:province:ekiti:1dc223e0cd0e,Oye,NG013016,Ekiti,Oye,OCHA COD-AB administrative-capital point,Oye,NG1316,Ekiti,2019-04-17,normalized ADM2+ADM1 name candidate; source-code vintage differs,"[5.332422, 7.799765]",True,"Administrative-capital point/name screen only; does not define an urban, municipal or metropolitan footprint."
gb:NGA:ADM2:59680162B43870676483034,Bomadi,framework:province:delta:c9181c18b197,Bomadi,NG010003,Delta,Bomadi,OCHA COD-AB administrative-capital point,Bomadi,NG1003,Delta,2019-04-17,normalized ADM2+ADM1 name candidate; source-code vintage differs,"[5.92516, 5.159311]",True,"Administrative-capital point/name screen only; does not define an urban, municipal or metropolitan footprint."
gb:NGA:ADM2:59680162B44112457363104,Bungudu,framework:province:zamfara:f060723678a4,Bungudu,NG037005,Zamfara,Bungudu,OCHA COD-AB administrative-capital point,Bungudu,NG3705,Zamfara,2019-04-17,normalized ADM2+ADM1 name candidate; source-code vintage differs,"[6.547476, 12.267152]",True,"Administrative-capital point/name screen only; does not define an urban, municipal or metropolitan footprint."
gb:NGA:ADM2:59680162B44242102017414,Ihiala,framework:province:anambra:60457f483104,Ihiala,NG004012,Anambra,Ihiala,OCHA COD-AB administrative-capital point,Ihiala,NG0412,Anambra,2019-04-17,normalized ADM2+ADM1 name candidate; source-code vintage differs,"[6.860265, 5.853769]",True,"Administrative-capital point/name screen only; does not define an urban, municipal or metropolitan footprint."
gb:NGA:ADM2:59680162B44850901768514,Orsu,framework:province:imo:a94708264d83,Orsu,NG017021,Imo,Awo Idemiri,OCHA COD-AB administrative-capital point,Orsu,NG1721,Imo,2019-04-17,normalized ADM2+ADM1 name candidate; source-code vintage differs,"[6.935979, 5.823884]",True,"Administrative-capital point/name screen only; does not define an urban, municipal or metropolitan footprint."
gb:NGA:ADM2:59680162B45171834970391,Olamaboro,framework:province:kogi:2143f75eb90a,Olamabolo,NG023018,Kogi,Okpo,OCHA COD-AB administrative-capital point,Olamabolo,NG2318,Kogi,2019-04-17,normalized ADM2+ADM1 name candidate; source-code vintage differs,"[7.5596, 7.1844]",True,"Administrative-capital point/name screen only; does not define an urban, municipal or metropolitan footprint."
gb:NGA:ADM2:59680162B46774046834533,Ekiti South-West,framework:province:ekiti:1dc223e0cd0e,Ekiti South West,NG013005,Ekiti,Ilawe-Ekiti,OCHA COD-AB administrative-capital point,Ekiti South West,NG1305,Ekiti,2019-04-17,normalized ADM2+ADM1 name candidate; source-code vintage differs,"[5.1086, 7.5986]",True,"Administrative-capital point/name screen only; does not define an urban, municipal or metropolitan footprint."
gb:NGA:ADM2:59680162B46802984315739,Opobo/Nkoro,framework:province:rivers:00c506c91c8a,Opobo/Nkoro,NG033020,Rivers,Nkoro,OCHA COD-AB administrative-capital point,Opobo/Nkoro,NG3320,Rivers,2019-04-17,normalized ADM2+ADM1 name candidate; source-code vintage differs,"[7.461163, 4.545627]",True,"Administrative-capital point/name screen only; does not define an urban, municipal or metropolitan footprint."
gb:NGA:ADM2:59680162B47068494760958,Yagba East,framework:province:kogi:2143f75eb90a,Yagba East,NG023020,Kogi,Isanlu Itedo,OCHA COD-AB administrative-capital point,Yagba East,NG2320,Kogi,2019-04-17,normalized ADM2+ADM1 name candidate; source-code vintage differs,"[5.833333, 8.283333]",True,"Administrative-capital point/name screen only; does not define an urban, municipal or metropolitan footprint."
gb:NGA:ADM2:59680162B47841916602322,Ikeduru,framework:province:imo:a94708264d83,Ikeduru,NG017008,Imo,Ihuo,OCHA COD-AB administrative-capital point,Ikeduru,NG1708,Imo,2019-04-17,normalized ADM2+ADM1 name candidate; source-code vintage differs,"[7.1, 5.566667]",True,"Administrative-capital point/name screen only; does not define an urban, municipal or metropolitan footprint."
gb:NGA:ADM2:59680162B48318677941344,Sabon Birni,framework:province:sokoto:38a75936a981,Sabon Birni,NG034013,Sokoto,Sabon Birni,OCHA COD-AB administrative-capital point,Sabon Birni,NG3413,Sokoto,2019-04-17,normalized ADM2+ADM1 name candidate; source-code vintage differs,"[6.325007, 13.561045]",True,"Administrative-capital point/name screen only; does not define an urban, municipal or metropolitan footprint."
gb:NGA:ADM2:59680162B48603200461333,Okehi,framework:province:kogi:2143f75eb90a,Okehi,NG023016,Kogi,Ogaminana,OCHA COD-AB administrative-capital point,Okehi,NG2316,Kogi,2019-04-17,normalized ADM2+ADM1 name candidate; source-code vintage differs,"[6.2014, 7.6004]",True,"Administrative-capital point/name screen only; does not define an urban, municipal or metropolitan footprint."
gb:NGA:ADM2:59680162B48615386953659,Ovia North-East,framework:province:edo:837a456ad2ee,Ovia North East,NG012014,Edo,Okada,OCHA COD-AB administrative-capital point,Ovia North East,NG1214,Edo,2019-04-17,normalized ADM2+ADM1 name candidate; source-code vintage differs,"[5.389892, 6.732728]",True,"Administrative-capital point/name screen only; does not define an urban, municipal or metropolitan footprint."
gb:NGA:ADM2:59680162B49362321791702,Nembe,framework:province:bayelsa:363005de2f54,Nembe,NG006004,Bayelsa,Nembe,OCHA COD-AB administrative-capital point,Nembe,NG0604,Bayelsa,2019-04-17,normalized ADM2+ADM1 name candidate; source-code vintage differs,"[6.400344, 4.539402]",True,"Administrative-capital point/name screen only; does not define an urban, municipal or metropolitan footprint."
gb:NGA:ADM2:59680162B49614598703533,Chanchaga,framework:province:niger:76d278c157e8,Chanchaga,NG027006,Niger,Minna,OCHA COD-AB administrative-capital point,Chanchaga,NG2706,Niger,2019-04-17,normalized ADM2+ADM1 name candidate; source-code vintage differs,"[6.556944, 9.613889]",True,"Administrative-capital point/name screen only; does not define an urban, municipal or metropolitan footprint."
gb:NGA:ADM2:59680162B49809531314946,Rafi,framework:province:niger:76d278c157e8,Rafi,NG027020,Niger,Kagara,OCHA COD-AB administrative-capital point,Rafi,NG2720,Niger,2019-04-17,normalized ADM2+ADM1 name candidate; source-code vintage differs,"[6.253361, 10.18437]",True,"Administrative-capital point/name screen only; does not define an urban, municipal or metropolitan footprint."
gb:NGA:ADM2:59680162B50771081897552,Ezinihitte,framework:province:imo:a94708264d83,Ezinihitte,NG017004,Imo,Okpofe,OCHA COD-AB administrative-capital point,Ezinihitte,NG1704,Imo,2019-04-17,normalized ADM2+ADM1 name candidate; source-code vintage differs,"[7.300303, 5.474134]",True,"Administrative-capital point/name screen only; does not define an urban, municipal or metropolitan footprint."
gb:NGA:ADM2:59680162B51019344443676,Ika South,framework:province:delta:c9181c18b197,Ika South,NG010008,Delta,Agbor,OCHA COD-AB administrative-capital point,Ika South,NG1008,Delta,2019-04-17,normalized ADM2+ADM1 name candidate; source-code vintage differs,"[6.150523, 6.266193]",True,"Administrative-capital point/name screen only; does not define an urban, municipal or metropolitan footprint."
gb:NGA:ADM2:59680162B51317919954642,Oredo,framework:province:edo:837a456ad2ee,Oredo,NG012012,Edo,Benin City,OCHA COD-AB administrative-capital point,Oredo,NG1212,Edo,2019-04-17,normalized ADM2+ADM1 name candidate; source-code vintage differs,"[5.627492, 6.335045]",True,"Administrative-capital point/name screen only; does not define an urban, municipal or metropolitan footprint."
gb:NGA:ADM2:59680162B51611927546147,Kontagora,framework:province:niger:76d278c157e8,Kontagora,NG027011,Niger,Kontagora,OCHA COD-AB administrative-capital point,Kontagora,NG2711,Niger,2019-04-17,normalized ADM2+ADM1 name candidate; source-code vintage differs,"[5.469491, 10.399893]",True,"Administrative-capital point/name screen only; does not define an urban, municipal or metropolitan footprint."
gb:NGA:ADM2:59680162B51712615582520,Ijero,framework:province:ekiti:1dc223e0cd0e,Ijero,NG013009,Ekiti,Ijero-Ekiti,OCHA COD-AB administrative-capital point,Ijero,NG1309,Ekiti,2019-04-17,normalized ADM2+ADM1 name candidate; source-code vintage differs,"[5.0742, 7.8139]",True,"Administrative-capital point/name screen only; does not define an urban, municipal or metropolitan footprint."
gb:NGA:ADM2:59680162B52281011363885,Gada,framework:province:sokoto:38a75936a981,Gada,NG034004,Sokoto,Gada,OCHA COD-AB administrative-capital point,Gada,NG3404,Sokoto,2019-04-17,normalized ADM2+ADM1 name candidate; source-code vintage differs,"[5.66144, 13.755578]",True,"Administrative-capital point/name screen only; does not define an urban, municipal or metropolitan footprint."
gb:NGA:ADM2:59680162B52775693188226,Oyigbo,framework:province:rivers:00c506c91c8a,Oyigbo,NG033021,Rivers,Obigbo,OCHA COD-AB administrative-capital point,Oyigbo,NG3321,Rivers,2019-04-17,normalized ADM2+ADM1 name candidate; source-code vintage differs,"[7.148817, 4.875448]",True,"Administrative-capital point/name screen only; does not define an urban, municipal or metropolitan footprint."
gb:NGA:ADM2:59680162B53120698145103,Oru West,framework:province:imo:a94708264d83,Oru West,NG017023,Imo,Mgbidi,OCHA COD-AB administrative-capital point,Oru West,NG1723,Imo,2019-04-17,normalized ADM2+ADM1 name candidate; source-code vintage differs,"[6.890952, 5.730125]",True,"Administrative-capital point/name screen only; does not define an urban, municipal or metropolitan footprint."
gb:NGA:ADM2:59680162B53228015633193,Tangaza,framework:province:sokoto:38a75936a981,Tangaza,NG034019,Sokoto,Tangaza,OCHA COD-AB administrative-capital point,Tangaza,NG3419,Sokoto,2019-04-17,normalized ADM2+ADM1 name candidate; source-code vintage differs,"[4.937319, 13.365305]",True,"Administrative-capital point/name screen only; does not define an urban, municipal or metropolitan footprint."
gb:NGA:ADM2:59680162B53652676960042,Gbonyin,framework:province:ekiti:1dc223e0cd0e,Aiyekire (Gbonyin),NG013002,Ekiti,Ode,OCHA COD-AB administrative-capital point,Aiyekire (Gbonyin),NG1302,Ekiti,2019-04-17,normalized ADM2+ADM1 name candidate; source-code vintage differs,"[5.552041, 7.645671]",True,"Administrative-capital point/name screen only; does not define an urban, municipal or metropolitan footprint."
gb:NGA:ADM2:59680162B53803782710688,Talata Mafara,framework:province:zamfara:f060723678a4,Talata Mafara,NG037012,Zamfara,Talata Mafara,OCHA COD-AB administrative-capital point,Talata Mafara,NG3712,Zamfara,2019-04-17,normalized ADM2+ADM1 name candidate; source-code vintage differs,"[6.05971, 12.573167]",True,"Administrative-capital point/name screen only; does not define an urban, municipal or metropolitan footprint."
gb:NGA:ADM2:59680162B54275853767873,Akoko-Edo,framework:province:edo:837a456ad2ee,Akoko-Edo,NG012001,Edo,Igarra,OCHA COD-AB administrative-capital point,Akoko-Edo,NG1201,Edo,2019-04-17,normalized ADM2+ADM1 name candidate; source-code vintage differs,"[6.0878, 7.2827]",True,"Administrative-capital point/name screen only; does not define an urban, municipal or metropolitan footprint."
gb:NGA:ADM2:59680162B54356159238049,Orumba North,framework:province:anambra:60457f483104,Orumba North,NG004019,Anambra,Ufuma,OCHA COD-AB administrative-capital point,Orumba North,NG0419,Anambra,2019-04-17,normalized ADM2+ADM1 name candidate; source-code vintage differs,"[7.20294, 6.084792]",True,"Administrative-capital point/name screen only; does not define an urban, municipal or metropolitan footprint."
gb:NGA:ADM2:59680162B54887547034560,Emure,framework:province:ekiti:1dc223e0cd0e,Emure,NG013007,Ekiti,Emure-Ekiti,OCHA COD-AB administrative-capital point,Emure,NG1307,Ekiti,2019-04-17,normalized ADM2+ADM1 name candidate; source-code vintage differs,"[5.459322, 7.436137]",True,"Administrative-capital point/name screen only; does not define an urban, municipal or metropolitan footprint."
gb:NGA:ADM2:59680162B55239717258244,Zurmi,framework:province:zamfara:f060723678a4,Zurmi,NG037014,Zamfara,Zurmi,OCHA COD-AB administrative-capital point,Zurmi,NG3714,Zamfara,2019-04-17,normalized ADM2+ADM1 name candidate; source-code vintage differs,"[6.783401, 12.777604]",True,"Administrative-capital point/name screen only; does not define an urban, municipal or metropolitan footprint."
gb:NGA:ADM2:59680162B55690925628014,Efon,framework:province:ekiti:1dc223e0cd0e,Efon,NG013003,Ekiti,Efon-Alaiye,OCHA COD-AB administrative-capital point,Efon,NG1303,Ekiti,2019-04-17,normalized ADM2+ADM1 name candidate; source-code vintage differs,"[4.916667, 7.65]",True,"Administrative-capital point/name screen only; does not define an urban, municipal or metropolitan footprint."
gb:NGA:ADM2:59680162B56433787774877,Ika North East,framework:province:delta:c9181c18b197,Ika North East,NG010007,Delta,Owa Oyiebu,OCHA COD-AB administrative-capital point,Ika North East,NG1007,Delta,2019-04-17,normalized ADM2+ADM1 name candidate; source-code vintage differs,"[6.201218, 6.180779]",True,"Administrative-capital point/name screen only; does not define an urban, municipal or metropolitan footprint."
gb:NGA:ADM2:59680162B56562801938729,Bodinga,framework:province:sokoto:38a75936a981,Bodinga,NG034002,Sokoto,Bodinga,OCHA COD-AB administrative-capital point,Bodinga,NG3402,Sokoto,2019-04-17,normalized ADM2+ADM1 name candidate; source-code vintage differs,"[5.171944, 12.876111]",True,"Administrative-capital point/name screen only; does not define an urban, municipal or metropolitan footprint."
gb:NGA:ADM2:59680162B56887411771488,Ahiazu-Mbaise,framework:province:imo:a94708264d83,Ahiazu-Mbaise,NG017002,Imo,Oru,OCHA COD-AB administrative-capital point,Ahiazu-Mbaise,NG1702,Imo,2019-04-17,normalized ADM2+ADM1 name candidate; source-code vintage differs,"[7.267071, 5.53414]",True,"Administrative-capital point/name screen only; does not define an urban, municipal or metropolitan footprint."
gb:NGA:ADM2:59680162B58427071840888,Uvwie,framework:province:delta:c9181c18b197,Uvwie,NG010022,Delta,Effurun,OCHA COD-AB administrative-capital point,Uvwie,NG1022,Delta,2019-04-17,normalized ADM2+ADM1 name candidate; source-code vintage differs,"[5.786239, 5.554632]",True,"Administrative-capital point/name screen only; does not define an urban, municipal or metropolitan footprint."
gb:NGA:ADM2:59680162B58622494857171,Ovia South-West,framework:province:edo:837a456ad2ee,Ovia South West,NG012015,Edo,Iguobazowa,OCHA COD-AB administrative-capital point,Ovia South West,NG1215,Edo,2019-04-17,normalized ADM2+ADM1 name candidate; source-code vintage differs,"[5.353424, 6.565962]",True,"Administrative-capital point/name screen only; does not define an urban, municipal or metropolitan footprint."
gb:NGA:ADM2:59680162B58812788921078,Moba,framework:province:ekiti:1dc223e0cd0e,Moba,NG013015,Ekiti,Otun,OCHA COD-AB administrative-capital point,Moba,NG1315,Ekiti,2019-04-17,normalized ADM2+ADM1 name candidate; source-code vintage differs,"[5.129883, 7.987706]",True,"Administrative-capital point/name screen only; does not define an urban, municipal or metropolitan footprint."
gb:NGA:ADM2:59680162B59329233871626,Akuku Toru,framework:province:rivers:00c506c91c8a,Akuku Toru,NG033004,Rivers,Abonnema,OCHA COD-AB administrative-capital point,Akuku Toru,NG3304,Rivers,2019-04-17,normalized ADM2+ADM1 name candidate; source-code vintage differs,"[6.793071, 4.708438]",True,"Administrative-capital point/name screen only; does not define an urban, municipal or metropolitan footprint."
gb:NGA:ADM2:59680162B59329233871626,Akuku Toru,framework:province:rivers:00c506c91c8a,Akuku Toru,NG033004,Rivers,Abonnema,OCHA COD-AB administrative-capital point,Akuku Toru,NG3304,Rivers,2019-04-17,normalized ADM2+ADM1 name candidate; source-code vintage differs,"[6.793071, 4.708438]",True,"Administrative-capital point/name screen only; does not define an urban, municipal or metropolitan footprint."
gb:NGA:ADM2:59680162B59329233871626,Akuku Toru,framework:province:rivers:00c506c91c8a,Akuku Toru,NG033004,Rivers,Abonnema,OCHA COD-AB administrative-capital point,Akuku Toru,NG3304,Rivers,2019-04-17,normalized ADM2+ADM1 name candidate; source-code vintage differs,"[6.793071, 4.708438]",True,"Administrative-capital point/name screen only; does not define an urban, municipal or metropolitan footprint."
gb:NGA:ADM2:59680162B59329233871626,Akuku Toru,framework:province:rivers:00c506c91c8a,Akuku Toru,NG033004,Rivers,Abonnema,OCHA COD-AB administrative-capital point,Akuku Toru,NG3304,Rivers,2019-04-17,normalized ADM2+ADM1 name candidate; source-code vintage differs,"[6.793071, 4.708438]",True,"Administrative-capital point/name screen only; does not define an urban, municipal or metropolitan footprint."
gb:NGA:ADM2:59680162B59329233871626,Akuku Toru,framework:province:rivers:00c506c91c8a,Akuku Toru,NG033004,Rivers,Abonnema,OCHA COD-AB administrative-capital point,Akuku Toru,NG3304,Rivers,2019-04-17,normalized ADM2+ADM1 name candidate; source-code vintage differs,"[6.793071, 4.708438]",True,"Administrative-capital point/name screen only; does not define an urban, municipal or metropolitan footprint."
gb:NGA:ADM2:59680162B59329233871626,Akuku Toru,framework:province:rivers:00c506c91c8a,Akuku Toru,NG033004,Rivers,Abonnema,OCHA COD-AB administrative-capital point,Akuku Toru,NG3304,Rivers,2019-04-17,normalized ADM2+ADM1 name candidate; source-code vintage differs,"[6.793071, 4.708438]",True,"Administrative-capital point/name screen only; does not define an urban, municipal or metropolitan footprint."
gb:NGA:ADM2:59680162B59329233871626,Akuku Toru,framework:province:rivers:00c506c91c8a,Akuku Toru,NG033004,Rivers,Abonnema,OCHA COD-AB administrative-capital point,Akuku Toru,NG3304,Rivers,2019-04-17,normalized ADM2+ADM1 name candidate; source-code vintage differs,"[6.793071, 4.708438]",True,"Administrative-capital point/name screen only; does not define an urban, municipal or metropolitan footprint."
gb:NGA:ADM2:59680162B59329233871626,Akuku Toru,framework:province:rivers:00c506c91c8a,Akuku Toru,NG033004,Rivers,Abonnema,OCHA COD-AB administrative-capital point,Akuku Toru,NG3304,Rivers,2019-04-17,normalized ADM2+ADM1 name candidate; source-code vintage differs,"[6.793071, 4.708438]",True,"Administrative-capital point/name screen only; does not define an urban, municipal or metropolitan footprint."
gb:NGA:ADM2:59680162B59329233871626,Akuku Toru,framework:province:rivers:00c506c91c8a,Akuku Toru,NG033004,Rivers,Abonnema,OCHA COD-AB administrative-capital point,Akuku Toru,NG3304,Rivers,2019-04-17,normalized ADM2+ADM1 name candidate; source-code vintage differs,"[6.793071, 4.708438]",True,"Administrative-capital point/name screen only; does not define an urban, municipal or metropolitan footprint."
gb:NGA:ADM2:59680162B59329233871626,Akuku Toru,framework:province:rivers:00c506c91c8a,Akuku Toru,NG033004,Rivers,Abonnema,OCHA COD-AB administrative-capital point,Akuku Toru,NG3304,Rivers,2019-04-17,normalized ADM2+ADM1 name candidate; source-code vintage differs,"[6.793071, 4.708438]",True,"Administrative-capital point/name screen only; does not define an urban, municipal or metropolitan footprint."
gb:NGA:ADM2:59680162B59329233871626,Akuku Toru,framework:province:rivers:00c506c91c8a,Akuku Toru,NG033004,Rivers,Abonnema,OCHA COD-AB administrative-capital point,Akuku Toru,NG3304,Rivers,2019-04-17,normalized ADM2+ADM1 name candidate; source-code vintage differs,"[6.793071, 4.708438]",True,"Administrative-capital point/name screen only; does not define an urban, municipal or metropolitan footprint."
gb:NGA:ADM2:59680162B59329233871626,Akuku Toru,framework:province:rivers:00c506c91c8a,Akuku Toru,NG033004,Rivers,Abonnema,OCHA COD-AB administrative-capital point,Akuku Toru,NG3304,Rivers,2019-04-17,normalized ADM2+ADM1 name candidate; source-code vintage differs,"[6.793071, 4.708438]",True,"Administrative-capital point/name screen only; does not define an urban, municipal or metropolitan footprint."
gb:NGA:ADM2:59680162B59329233871626,Akuku Toru,framework:province:rivers:00c506c91c8a,Akuku Toru,NG033004,Rivers,Abonnema,OCHA COD-AB administrative-capital point,Akuku Toru,NG3304,Rivers,2019-04-17,normalized ADM2+ADM1 name candidate; source-code vintage differs,"[6.793071, 4.708438]",True,"Administrative-capital point/name screen only; does not define an urban, municipal or metropolitan footprint."
gb:NGA:ADM2:59680162B59329233871626,Akuku Toru,framework:province:rivers:00c506c91c8a,Akuku Toru,NG033004,Rivers,Abonnema,OCHA COD-AB administrative-capital point,Akuku Toru,NG3304,Rivers,2019-04-17,normalized ADM2+ADM1 name candidate; source-code vintage differs,"[6.793071, 4.708438]",True,"Administrative-capital point/name screen only; does not define an urban, municipal or metropolitan footprint."
gb:NGA:ADM2:59680162B59329233871626,Akuku Toru,framework:province:rivers:00c506c91c8a,Akuku Toru,NG033004,Rivers,Abonnema,OCHA COD-AB administrative-capital point,Akuku Toru,NG3304,Rivers,2019-04-17,normalized ADM2+ADM1 name candidate; source-code vintage differs,"[6.793071, 4.708438]",True,"Administrative-capital point/name screen only; does not define an urban, municipal or metropolitan footprint."
gb:NGA:ADM2:59680162B59329233871626,Akuku Toru,framework:province:rivers:00c506c91c8a,Akuku Toru,NG033004,Rivers,Abonnema,OCHA COD-AB administrative-capital point,Akuku Toru,NG3304,Rivers,2019-04-17,normalized ADM2+ADM1 name candidate; source-code vintage differs,"[6.793071, 4.708438]",True,"Administrative-capital point/name screen only; does not define an urban, municipal or metropolitan footprint."
gb:NGA:ADM2:59680162B59497895637604,Onitsha South,framework:province:anambra:60457f483104,Onitsha South,NG004018,Anambra,Onitsha,OCHA COD-AB administrative-capital point,Onitsha South,NG0418,Anambra,2019-04-17,normalized ADM2+ADM1 name candidate; source-code vintage differs,"[6.788452, 6.14543]",True,"Administrative-capital point/name screen only; does not define an urban, municipal or metropolitan footprint."
gb:NGA:ADM2:59680162B60219664923389,Gokana,framework:province:rivers:00c506c91c8a,Gokana,NG033012,Rivers,Kpor,OCHA COD-AB administrative-capital point,Gokana,NG3312,Rivers,2019-04-17,normalized ADM2+ADM1 name candidate; source-code vintage differs,"[7.283963, 4.653792]",True,"Administrative-capital point/name screen only; does not define an urban, municipal or metropolitan footprint."
gb:NGA:ADM2:59680162B61116944198945,Ogbia,framework:province:bayelsa:363005de2f54,Ogbia,NG006005,Bayelsa,Ogbia,OCHA COD-AB administrative-capital point,Ogbia,NG0605,Bayelsa,2019-04-17,normalized ADM2+ADM1 name candidate; source-code vintage differs,"[6.326291, 4.707703]",True,"Administrative-capital point/name screen only; does not define an urban, municipal or metropolitan footprint."
gb:NGA:ADM2:59680162B61451583552190,Ngor-Okpala,framework:province:imo:a94708264d83,Ngor-Okpala,NG017012,Imo,Umu Neke,OCHA COD-AB administrative-capital point,Ngor-Okpala,NG1712,Imo,2019-04-17,normalized ADM2+ADM1 name candidate; source-code vintage differs,"[7.144652, 5.332122]",True,"Administrative-capital point/name screen only; does not define an urban, municipal or metropolitan footprint."
gb:NGA:ADM2:59680162B62255786160615,Kogi,framework:province:kogi:2143f75eb90a,Kogi,NG023011,Kogi,Koton Karifi,OCHA COD-AB administrative-capital point,Kogi,NG2311,Kogi,2019-04-17,normalized ADM2+ADM1 name candidate; source-code vintage differs,"[6.8, 8.1]",True,"Administrative-capital point/name screen only; does not define an urban, municipal or metropolitan footprint."
gb:NGA:ADM2:59680162B62313947241233,Wushishi,framework:province:niger:76d278c157e8,Wushishi,NG027025,Niger,Wushishi,OCHA COD-AB administrative-capital point,Wushishi,NG2725,Niger,2019-04-17,normalized ADM2+ADM1 name candidate; source-code vintage differs,"[6.079722, 9.720556]",True,"Administrative-capital point/name screen only; does not define an urban, municipal or metropolitan footprint."
gb:NGA:ADM2:59680162B6299894636493,Obio/Akpor,framework:province:rivers:00c506c91c8a,Obia/Akpor,NG033015,Rivers,Obia,OCHA COD-AB administrative-capital point,Obia/Akpor,NG3315,Rivers,2019-04-17,normalized ADM2+ADM1 name candidate; source-code vintage differs,"[7.041239, 4.839344]",True,"Administrative-capital point/name screen only; does not define an urban, municipal or metropolitan footprint."
gb:NGA:ADM2:59680162B63156374952276,Sapele,framework:province:delta:c9181c18b197,Sapele,NG010017,Delta,Ethiope River,OCHA COD-AB administrative-capital point,Sapele,NG1017,Delta,2019-04-17,normalized ADM2+ADM1 name candidate; source-code vintage differs,"[5.691736, 5.900272]",True,"Administrative-capital point/name screen only; does not define an urban, municipal or metropolitan footprint."
gb:NGA:ADM2:59680162B63156374952276,Sapele,framework:province:delta:c9181c18b197,Sapele,NG010017,Delta,Sapele,OCHA COD-AB administrative-capital point,Sapele,NG1017,Delta,2019-04-17,normalized ADM2+ADM1 name candidate; source-code vintage differs,"[5.67666, 5.894053]",True,"Administrative-capital point/name screen only; does not define an urban, municipal or metropolitan footprint."
gb:NGA:ADM2:59680162B63960569375521,Anka,framework:province:zamfara:f060723678a4,Anka,NG037001,Zamfara,Anka,OCHA COD-AB administrative-capital point,Anka,NG3701,Zamfara,2019-04-17,normalized ADM2+ADM1 name candidate; source-code vintage differs,"[5.924273, 12.113814]",True,"Administrative-capital point/name screen only; does not define an urban, municipal or metropolitan footprint."
gb:NGA:ADM2:59680162B64027612781435,Agwara,framework:province:niger:76d278c157e8,Agwara,NG027002,Niger,Agwarra,OCHA COD-AB administrative-capital point,Agwara,NG2702,Niger,2019-04-17,normalized ADM2+ADM1 name candidate; source-code vintage differs,"[4.582222, 10.704112]",True,"Administrative-capital point/name screen only; does not define an urban, municipal or metropolitan footprint."
gb:NGA:ADM2:59680162B6425058524044,Agaie,framework:province:niger:76d278c157e8,Agaie,NG027001,Niger,Agaie,OCHA COD-AB administrative-capital point,Agaie,NG2701,Niger,2019-04-17,normalized ADM2+ADM1 name candidate; source-code vintage differs,"[6.316667, 9.016667]",True,"Administrative-capital point/name screen only; does not define an urban, municipal or metropolitan footprint."
gb:NGA:ADM2:59680162B64690225464412,Kaura Namoda,framework:province:zamfara:f060723678a4,Kaura Namoda,NG037008,Zamfara,Kaura Namoda,OCHA COD-AB administrative-capital point,Kaura Namoda,NG3708,Zamfara,2019-04-17,normalized ADM2+ADM1 name candidate; source-code vintage differs,"[6.577914, 12.589788]",True,"Administrative-capital point/name screen only; does not define an urban, municipal or metropolitan footprint."
gb:NGA:ADM2:59680162B64829234996535,Yenegoa,framework:province:bayelsa:363005de2f54,Yenegoa,NG006008,Bayelsa,Yenagoa,OCHA COD-AB administrative-capital point,Yenegoa,NG0608,Bayelsa,2019-04-17,normalized ADM2+ADM1 name candidate; source-code vintage differs,"[6.264167, 4.924722]",True,"Administrative-capital point/name screen only; does not define an urban, municipal or metropolitan footprint."
gb:NGA:ADM2:59680162B65190975434062,Eleme,framework:province:rivers:00c506c91c8a,Eleme,NG033009,Rivers,Ogali,OCHA COD-AB administrative-capital point,Eleme,NG3309,Rivers,2019-04-17,normalized ADM2+ADM1 name candidate; source-code vintage differs,"[7.126889, 4.786044]",True,"Administrative-capital point/name screen only; does not define an urban, municipal or metropolitan footprint."
gb:NGA:ADM2:59680162B66631777088899,Isa,framework:province:sokoto:38a75936a981,Isa,NG034009,Sokoto,Isa,OCHA COD-AB administrative-capital point,Isa,NG3409,Sokoto,2019-04-17,normalized ADM2+ADM1 name candidate; source-code vintage differs,"[6.407079, 13.200294]",True,"Administrative-capital point/name screen only; does not define an urban, municipal or metropolitan footprint."
gb:NGA:ADM2:59680162B66680936539808,Bassa,framework:province:kogi:2143f75eb90a,Bassa,NG023004,Kogi,Oguma,OCHA COD-AB administrative-capital point,Bassa,NG2304,Kogi,2019-04-17,normalized ADM2+ADM1 name candidate; source-code vintage differs,"[7.0524, 7.8981]",True,"Administrative-capital point/name screen only; does not define an urban, municipal or metropolitan footprint."
gb:NGA:ADM2:59680162B66680936539808,Bassa,framework:province:kogi:2143f75eb90a,Bassa,NG032002,Plateau,Bassa,OCHA COD-AB administrative-capital point,Bassa,NG3202,Plateau,2019-04-17,normalized ADM2+ADM1 name candidate; source-code vintage differs,"[8.733333, 9.933333]",True,"Administrative-capital point/name screen only; does not define an urban, municipal or metropolitan footprint."
gb:NGA:ADM2:59680162B67610911656226,Iguegben,framework:province:edo:837a456ad2ee,Igueben,NG012010,Edo,Igueben,OCHA COD-AB administrative-capital point,Igueben,NG1210,Edo,2019-04-17,normalized ADM2+ADM1 name candidate; source-code vintage differs,"[6.241665, 6.60096]",True,"Administrative-capital point/name screen only; does not define an urban, municipal or metropolitan footprint."
gb:NGA:ADM2:59680162B68131021355449,Yabo,framework:province:sokoto:38a75936a981,Yabo,NG034023,Sokoto,Yabo,OCHA COD-AB administrative-capital point,Yabo,NG3423,Sokoto,2019-04-17,normalized ADM2+ADM1 name candidate; source-code vintage differs,"[5.015556, 12.721667]",True,"Administrative-capital point/name screen only; does not define an urban, municipal or metropolitan footprint."
gb:NGA:ADM2:59680162B68325668602500,Okpe,framework:province:delta:c9181c18b197,Okpe,NG010013,Delta,Orerokpe,OCHA COD-AB administrative-capital point,Okpe,NG1013,Delta,2019-04-17,normalized ADM2+ADM1 name candidate; source-code vintage differs,"[5.889557, 5.635058]",True,"Administrative-capital point/name screen only; does not define an urban, municipal or metropolitan footprint."
gb:NGA:ADM2:59680162B68799842423101,Binji,framework:province:sokoto:38a75936a981,Binji,NG034001,Sokoto,Binji,OCHA COD-AB administrative-capital point,Binji,NG3401,Sokoto,2019-04-17,normalized ADM2+ADM1 name candidate; source-code vintage differs,"[4.909553, 13.222773]",True,"Administrative-capital point/name screen only; does not define an urban, municipal or metropolitan footprint."
gb:NGA:ADM2:59680162B69752440983216,Katcha,framework:province:niger:76d278c157e8,Katcha,NG027010,Niger,Katcha,OCHA COD-AB administrative-capital point,Katcha,NG2710,Niger,2019-04-17,normalized ADM2+ADM1 name candidate; source-code vintage differs,"[6.316667, 8.766667]",True,"Administrative-capital point/name screen only; does not define an urban, municipal or metropolitan footprint."
gb:NGA:ADM2:59680162B69944768623609,Omala,framework:province:kogi:2143f75eb90a,Omala,NG023019,Kogi,Abejukolo,OCHA COD-AB administrative-capital point,Omala,NG2319,Kogi,2019-04-17,normalized ADM2+ADM1 name candidate; source-code vintage differs,"[7.530927, 7.817983]",True,"Administrative-capital point/name screen only; does not define an urban, municipal or metropolitan footprint."
gb:NGA:ADM2:59680162B70265669805684,Shiroro,framework:province:niger:76d278c157e8,Shiroro,NG027022,Niger,Shiroro,OCHA COD-AB administrative-capital point,Shiroro,NG2722,Niger,2019-04-17,normalized ADM2+ADM1 name candidate; source-code vintage differs,"[6.836944, 9.961667]",True,"Administrative-capital point/name screen only; does not define an urban, municipal or metropolitan footprint."
gb:NGA:ADM2:59680162B70529740290920,Abua/Odual,framework:province:rivers:00c506c91c8a,Abua/Odual,NG033001,Rivers,Abua,OCHA COD-AB administrative-capital point,Abua/Odual,NG3301,Rivers,2019-04-17,normalized ADM2+ADM1 name candidate; source-code vintage differs,"[6.644169, 4.856778]",True,"Administrative-capital point/name screen only; does not define an urban, municipal or metropolitan footprint."
gb:NGA:ADM2:59680162B70966513794539,Ughelli North,framework:province:delta:c9181c18b197,Ughelli North,NG010019,Delta,Ughelli,OCHA COD-AB administrative-capital point,Ughelli North,NG1019,Delta,2019-04-17,normalized ADM2+ADM1 name candidate; source-code vintage differs,"[6.00743, 5.489857]",True,"Administrative-capital point/name screen only; does not define an urban, municipal or metropolitan footprint."
gb:NGA:ADM2:59680162B72061925749770,Ekiti West,framework:province:ekiti:1dc223e0cd0e,Ekiti West,NG013006,Ekiti,Aramoko-Ekiti,OCHA COD-AB administrative-capital point,Ekiti West,NG1306,Ekiti,2019-04-17,normalized ADM2+ADM1 name candidate; source-code vintage differs,"[5.044737, 7.709272]",True,"Administrative-capital point/name screen only; does not define an urban, municipal or metropolitan footprint."
gb:NGA:ADM2:59680162B72068294191364,Ahoada East,framework:province:rivers:00c506c91c8a,Ahoada East,NG033002,Rivers,Ahoada,OCHA COD-AB administrative-capital point,Ahoada East,NG3302,Rivers,2019-04-17,normalized ADM2+ADM1 name candidate; source-code vintage differs,"[6.653529, 5.073951]",True,"Administrative-capital point/name screen only; does not define an urban, municipal or metropolitan footprint."
gb:NGA:ADM2:59680162B7305913438202,Gwadabawa,framework:province:sokoto:38a75936a981,Gwadabawa,NG034005,Sokoto,Gwadabawa,OCHA COD-AB administrative-capital point,Gwadabawa,NG3405,Sokoto,2019-04-17,normalized ADM2+ADM1 name candidate; source-code vintage differs,"[5.236642, 13.35612]",True,"Administrative-capital point/name screen only; does not define an urban, municipal or metropolitan footprint."
gb:NGA:ADM2:59680162B73807077480910,Isu,framework:province:imo:a94708264d83,Isu,NG017010,Imo,Isu-Njaba,OCHA COD-AB administrative-capital point,Isu,NG1710,Imo,2019-04-17,normalized ADM2+ADM1 name candidate; source-code vintage differs,"[7.065557, 5.708173]",True,"Administrative-capital point/name screen only; does not define an urban, municipal or metropolitan footprint."
gb:NGA:ADM2:59680162B73952515985037,Nnewi North,framework:province:anambra:60457f483104,Nnewi North,NG004014,Anambra,Nnewi,OCHA COD-AB administrative-capital point,Nnewi North,NG0414,Anambra,2019-04-17,normalized ADM2+ADM1 name candidate; source-code vintage differs,"[6.914775, 6.019864]",True,"Administrative-capital point/name screen only; does not define an urban, municipal or metropolitan footprint."
gb:NGA:ADM2:59680162B7486965108625,Aguata,framework:province:anambra:60457f483104,Aguata,NG004001,Anambra,Ekwulobia,OCHA COD-AB administrative-capital point,Aguata,NG0401,Anambra,2019-04-17,normalized ADM2+ADM1 name candidate; source-code vintage differs,"[7.0862, 6.0238]",True,"Administrative-capital point/name screen only; does not define an urban, municipal or metropolitan footprint."
gb:NGA:ADM2:59680162B75618838886778,Rijau,framework:province:niger:76d278c157e8,Rijau,NG027021,Niger,Rijau,OCHA COD-AB administrative-capital point,Rijau,NG2721,Niger,2019-04-17,normalized ADM2+ADM1 name candidate; source-code vintage differs,"[5.250681, 11.10298]",True,"Administrative-capital point/name screen only; does not define an urban, municipal or metropolitan footprint."
gb:NGA:ADM2:59680162B76063539046075,Isoko North,framework:province:delta:c9181c18b197,Isoko North,NG010009,Delta,Ozoro,OCHA COD-AB administrative-capital point,Isoko North,NG1009,Delta,2019-04-17,normalized ADM2+ADM1 name candidate; source-code vintage differs,"[6.227493, 5.541913]",True,"Administrative-capital point/name screen only; does not define an urban, municipal or metropolitan footprint."
gb:NGA:ADM2:59680162B76072611977433,Ogori/Magongo,framework:province:kogi:2143f75eb90a,Ogori/Magongo,NG023015,Kogi,Ogori,OCHA COD-AB administrative-capital point,Ogori/Magongo,NG2315,Kogi,2019-04-17,normalized ADM2+ADM1 name candidate; source-code vintage differs,"[6.1876, 7.4588]",True,"Administrative-capital point/name screen only; does not define an urban, municipal or metropolitan footprint."
gb:NGA:ADM2:59680162B76413580563978,Dunukofia,framework:province:anambra:60457f483104,Dunukofia,NG004008,Anambra,Ukwulu,OCHA COD-AB administrative-capital point,Dunukofia,NG0408,Anambra,2019-04-17,normalized ADM2+ADM1 name candidate; source-code vintage differs,"[6.961105, 6.271688]",True,"Administrative-capital point/name screen only; does not define an urban, municipal or metropolitan footprint."
gb:NGA:ADM2:59680162B76636581595069,Ilejemeje,framework:province:ekiti:1dc223e0cd0e,Ilejemeji,NG013012,Ekiti,Iye,OCHA COD-AB administrative-capital point,Ilejemeji,NG1312,Ekiti,2019-04-17,normalized ADM2+ADM1 name candidate; source-code vintage differs,"[5.251644, 7.943192]",True,"Administrative-capital point/name screen only; does not define an urban, municipal or metropolitan footprint."
gb:NGA:ADM2:59680162B77604659700593,Oshimili North,framework:province:delta:c9181c18b197,Oshimili North,NG010014,Delta,Akwukwu-Igbo,OCHA COD-AB administrative-capital point,Oshimili North,NG1014,Delta,2019-04-17,normalized ADM2+ADM1 name candidate; source-code vintage differs,"[6.591061, 6.355421]",True,"Administrative-capital point/name screen only; does not define an urban, municipal or metropolitan footprint."
gb:NGA:ADM2:59680162B78900735102434,Owerri West,framework:province:imo:a94708264d83,Owerri West,NG017025,Imo,Umuoguma,OCHA COD-AB administrative-capital point,Owerri West,NG1725,Imo,2019-04-17,normalized ADM2+ADM1 name candidate; source-code vintage differs,"[6.967603, 5.467787]",True,"Administrative-capital point/name screen only; does not define an urban, municipal or metropolitan footprint."
gb:NGA:ADM2:59680162B797578221173,Wurno,framework:province:sokoto:38a75936a981,Wurno,NG034022,Sokoto,Wurno,OCHA COD-AB administrative-capital point,Wurno,NG3422,Sokoto,2019-04-17,normalized ADM2+ADM1 name candidate; source-code vintage differs,"[5.423262, 13.28777]",True,"Administrative-capital point/name screen only; does not define an urban, municipal or metropolitan footprint."
gb:NGA:ADM2:59680162B80670265641804,Etsako Central,framework:province:edo:837a456ad2ee,Etsako Central,NG012007,Edo,Fugar,OCHA COD-AB administrative-capital point,Etsako Central,NG1207,Edo,2019-04-17,normalized ADM2+ADM1 name candidate; source-code vintage differs,"[6.5, 7.083333]",True,"Administrative-capital point/name screen only; does not define an urban, municipal or metropolitan footprint."
gb:NGA:ADM2:59680162B80813578140782,Gusau,framework:province:zamfara:f060723678a4,Gusau,NG037007,Zamfara,Gusau,OCHA COD-AB administrative-capital point,Gusau,NG3707,Zamfara,2019-04-17,normalized ADM2+ADM1 name candidate; source-code vintage differs,"[6.661348, 12.162784]",True,"Administrative-capital point/name screen only; does not define an urban, municipal or metropolitan footprint."
gb:NGA:ADM2:59680162B80910542790982,Udu,framework:province:delta:c9181c18b197,Udu,NG010018,Delta,Ogbe-Ijoh,OCHA COD-AB administrative-capital point,Udu,NG1018,Delta,2019-04-17,normalized ADM2+ADM1 name candidate; source-code vintage differs,"[5.734605, 5.483243]",True,"Administrative-capital point/name screen only; does not define an urban, municipal or metropolitan footprint."
gb:NGA:ADM2:59680162B80910542790982,Udu,framework:province:delta:c9181c18b197,Udu,NG010018,Delta,Otor Udu,OCHA COD-AB administrative-capital point,Udu,NG1018,Delta,2019-04-17,normalized ADM2+ADM1 name candidate; source-code vintage differs,"[5.869573, 5.452724]",True,"Administrative-capital point/name screen only; does not define an urban, municipal or metropolitan footprint."
gb:NGA:ADM2:59680162B80910542790982,Udu,framework:province:delta:c9181c18b197,Udu,NG010018,Delta,Otujeremi,OCHA COD-AB administrative-capital point,Udu,NG1018,Delta,2019-04-17,normalized ADM2+ADM1 name candidate; source-code vintage differs,"[5.866667, 5.433333]",True,"Administrative-capital point/name screen only; does not define an urban, municipal or metropolitan footprint."
gb:NGA:ADM2:59680162B82021418174103,Kwali,framework:province:abuja-federal-capital-territory:24fe5cea0ae1,Kwali,NG015006,Federal Capital Territory,Abuja,OCHA COD-AB administrative-capital point,Kwali,NG1506,Federal Capital Territory,2019-04-17,normalized ADM2+ADM1 name candidate; source-code vintage differs,"[7.4675, 9.070556]",False,"Administrative-capital point/name screen only; does not define an urban, municipal or metropolitan footprint."
gb:NGA:ADM2:59680162B82021418174103,Kwali,framework:province:abuja-federal-capital-territory:24fe5cea0ae1,Kwali,NG015006,Federal Capital Territory,Kwali,OCHA COD-AB administrative-capital point,Kwali,NG1506,Federal Capital Territory,2019-04-17,normalized ADM2+ADM1 name candidate; source-code vintage differs,"[7.005, 8.867222]",True,"Administrative-capital point/name screen only; does not define an urban, municipal or metropolitan footprint."
gb:NGA:ADM2:59680162B82820769085578,Ogu Bolo,framework:province:rivers:00c506c91c8a,Ogu/Bolo,NG033017,Rivers,Ogu,OCHA COD-AB administrative-capital point,Ogu/Bolo,NG3317,Rivers,2019-04-17,normalized ADM2+ADM1 name candidate; source-code vintage differs,"[7.196655, 4.730551]",True,"Administrative-capital point/name screen only; does not define an urban, municipal or metropolitan footprint."
gb:NGA:ADM2:59680162B83278495681126,Edati,framework:province:niger:76d278c157e8,Edati,NG027007,Niger,Enagi,OCHA COD-AB administrative-capital point,Edati,NG2707,Niger,2019-04-17,normalized ADM2+ADM1 name candidate; source-code vintage differs,"[5.55, 9.133333]",True,"Administrative-capital point/name screen only; does not define an urban, municipal or metropolitan footprint."
gb:NGA:ADM2:59680162B84100135495566,Sagbama,framework:province:bayelsa:363005de2f54,Sagbama,NG006006,Bayelsa,Sagbama,OCHA COD-AB administrative-capital point,Sagbama,NG0606,Bayelsa,2019-04-17,normalized ADM2+ADM1 name candidate; source-code vintage differs,"[6.21259, 5.163299]",True,"Administrative-capital point/name screen only; does not define an urban, municipal or metropolitan footprint."
gb:NGA:ADM2:59680162B84198311358077,Mariga,framework:province:niger:76d278c157e8,Mariga,NG027015,Niger,Mariga,OCHA COD-AB administrative-capital point,Mariga,NG2715,Niger,2019-04-17,normalized ADM2+ADM1 name candidate; source-code vintage differs,"[6.02475, 10.133741]",True,"Administrative-capital point/name screen only; does not define an urban, municipal or metropolitan footprint."
gb:NGA:ADM2:59680162B84830000650933,Ikere,framework:province:ekiti:1dc223e0cd0e,Ikere,NG013010,Ekiti,Ikere-Ekiti,OCHA COD-AB administrative-capital point,Ikere,NG1310,Ekiti,2019-04-17,normalized ADM2+ADM1 name candidate; source-code vintage differs,"[5.232248, 7.491328]",True,"Administrative-capital point/name screen only; does not define an urban, municipal or metropolitan footprint."
gb:NGA:ADM2:59680162B85189896765318,Ikwerre,framework:province:rivers:00c506c91c8a,Ikwerre,NG033013,Rivers,Isiokpo,OCHA COD-AB administrative-capital point,Ikwerre,NG3313,Rivers,2019-04-17,normalized ADM2+ADM1 name candidate; source-code vintage differs,"[6.87408, 5.001389]",True,"Administrative-capital point/name screen only; does not define an urban, municipal or metropolitan footprint."
gb:NGA:ADM2:59680162B85493721249292,Shinkafi,framework:province:zamfara:f060723678a4,Shinkafi,NG037011,Zamfara,Shinkafi,OCHA COD-AB administrative-capital point,Shinkafi,NG3711,Zamfara,2019-04-17,normalized ADM2+ADM1 name candidate; source-code vintage differs,"[6.510465, 13.075339]",True,"Administrative-capital point/name screen only; does not define an urban, municipal or metropolitan footprint."
gb:NGA:ADM2:59680162B87372052025364,Maradun,framework:province:zamfara:f060723678a4,Maradun,NG037009,Zamfara,Maradun,OCHA COD-AB administrative-capital point,Maradun,NG3709,Zamfara,2019-04-17,normalized ADM2+ADM1 name candidate; source-code vintage differs,"[6.243954, 12.565667]",True,"Administrative-capital point/name screen only; does not define an urban, municipal or metropolitan footprint."
gb:NGA:ADM2:59680162B87797979497124,Brass,framework:province:bayelsa:363005de2f54,Brass,NG006001,Bayelsa,Brass,OCHA COD-AB administrative-capital point,Brass,NG0601,Bayelsa,2019-04-17,normalized ADM2+ADM1 name candidate; source-code vintage differs,"[6.233333, 4.3]",True,"Administrative-capital point/name screen only; does not define an urban, municipal or metropolitan footprint."
gb:NGA:ADM2:59680162B88090020431393,Okigwe,framework:province:imo:a94708264d83,Okigwe,NG017019,Imo,Okigwi,OCHA COD-AB administrative-capital point,Okigwe,NG1719,Imo,2019-04-17,normalized ADM2+ADM1 name candidate; source-code vintage differs,"[7.359889, 5.835234]",True,"Administrative-capital point/name screen only; does not define an urban, municipal or metropolitan footprint."
gb:NGA:ADM2:59680162B88302028338466,Omumma,framework:province:rivers:00c506c91c8a,Omumma,NG033019,Rivers,Eberi,OCHA COD-AB administrative-capital point,Omumma,NG3319,Rivers,2019-04-17,normalized ADM2+ADM1 name candidate; source-code vintage differs,"[7.234847, 5.090716]",True,"Administrative-capital point/name screen only; does not define an urban, municipal or metropolitan footprint."
gb:NGA:ADM2:59680162B89203090045374,Lavun,framework:province:niger:76d278c157e8,Lavun,NG027013,Niger,Kutigi,OCHA COD-AB administrative-capital point,Lavun,NG2713,Niger,2019-04-17,normalized ADM2+ADM1 name candidate; source-code vintage differs,"[5.6, 9.2]",True,"Administrative-capital point/name screen only; does not define an urban, municipal or metropolitan footprint."
gb:NGA:ADM2:59680162B89324456878264,Isoko South,framework:province:delta:c9181c18b197,Isoko South,NG010010,Delta,Ole,OCHA COD-AB administrative-capital point,Isoko South,NG1010,Delta,2019-04-17,normalized ADM2+ADM1 name candidate; source-code vintage differs,"[6.207872, 5.461601]",True,"Administrative-capital point/name screen only; does not define an urban, municipal or metropolitan footprint."
gb:NGA:ADM2:59680162B89388744582495,Southern Ijaw,framework:province:bayelsa:363005de2f54,Southern Ijaw,NG006007,Bayelsa,Oporoma,OCHA COD-AB administrative-capital point,Southern Ijaw,NG0607,Bayelsa,2019-04-17,normalized ADM2+ADM1 name candidate; source-code vintage differs,"[6.078889, 4.804722]",True,"Administrative-capital point/name screen only; does not define an urban, municipal or metropolitan footprint."
gb:NGA:ADM2:59680162B89596725903657,Idah,framework:province:kogi:2143f75eb90a,Idah,NG023007,Kogi,Idah,OCHA COD-AB administrative-capital point,Idah,NG2307,Kogi,2019-04-17,normalized ADM2+ADM1 name candidate; source-code vintage differs,"[6.73415, 7.106508]",True,"Administrative-capital point/name screen only; does not define an urban, municipal or metropolitan footprint."
gb:NGA:ADM2:59680162B89634889188856,Esan West,framework:province:edo:837a456ad2ee,Esan West,NG012006,Edo,Ekpoma,OCHA COD-AB administrative-capital point,Esan West,NG1206,Edo,2019-04-17,normalized ADM2+ADM1 name candidate; source-code vintage differs,"[6.139003, 6.742063]",True,"Administrative-capital point/name screen only; does not define an urban, municipal or metropolitan footprint."
gb:NGA:ADM2:59680162B89701706643364,Silame,framework:province:sokoto:38a75936a981,Silame,NG034015,Sokoto,Silame,OCHA COD-AB administrative-capital point,Silame,NG3415,Sokoto,2019-04-17,normalized ADM2+ADM1 name candidate; source-code vintage differs,"[4.843895, 13.037218]",True,"Administrative-capital point/name screen only; does not define an urban, municipal or metropolitan footprint."
gb:NGA:ADM2:59680162B90522809362613,Owan East,framework:province:edo:837a456ad2ee,Owan East,NG012016,Edo,Afuze,OCHA COD-AB administrative-capital point,Owan East,NG1216,Edo,2019-04-17,normalized ADM2+ADM1 name candidate; source-code vintage differs,"[6.043194, 6.967512]",True,"Administrative-capital point/name screen only; does not define an urban, municipal or metropolitan footprint."
gb:NGA:ADM2:59680162B90577513466378,Andoni,framework:province:rivers:00c506c91c8a,Andoni,NG033005,Rivers,Ngo,OCHA COD-AB administrative-capital point,Andoni,NG3305,Rivers,2019-04-17,normalized ADM2+ADM1 name candidate; source-code vintage differs,"[7.414591, 4.483279]",True,"Administrative-capital point/name screen only; does not define an urban, municipal or metropolitan footprint."
gb:NGA:ADM2:59680162B90615098764032,Okrika,framework:province:rivers:00c506c91c8a,Okrika,NG033018,Rivers,Okrika,OCHA COD-AB administrative-capital point,Okrika,NG3318,Rivers,2019-04-17,normalized ADM2+ADM1 name candidate; source-code vintage differs,"[7.084877, 4.741589]",True,"Administrative-capital point/name screen only; does not define an urban, municipal or metropolitan footprint."
gb:NGA:ADM2:59680162B91492845849591,Sokoto North,framework:province:sokoto:38a75936a981,Sokoto North,NG034016,Sokoto,Sokoto,OCHA COD-AB administrative-capital point,Sokoto North,NG3416,Sokoto,2019-04-17,normalized ADM2+ADM1 name candidate; source-code vintage differs,"[5.239018, 13.060925]",True,"Administrative-capital point/name screen only; does not define an urban, municipal or metropolitan footprint."
gb:NGA:ADM2:59680162B91492845849591,Sokoto North,framework:province:sokoto:38a75936a981,Sokoto North,NG034016,Sokoto,Sokoto State,OCHA COD-AB administrative-capital point,Sokoto North,NG3416,Sokoto,2019-04-17,normalized ADM2+ADM1 name candidate; source-code vintage differs,"[5.25, 13.083333]",True,"Administrative-capital point/name screen only; does not define an urban, municipal or metropolitan footprint."
gb:NGA:ADM2:59680162B91755424681987,Oru East,framework:province:imo:a94708264d83,Oru East,NG017022,Imo,Omuma,OCHA COD-AB administrative-capital point,Oru East,NG1722,Imo,2019-04-17,normalized ADM2+ADM1 name candidate; source-code vintage differs,"[6.947511, 5.756909]",True,"Administrative-capital point/name screen only; does not define an urban, municipal or metropolitan footprint."
gb:NGA:ADM2:59680162B91872344495309,Suleja,framework:province:niger:76d278c157e8,Suleja,NG027023,Niger,Suleja,OCHA COD-AB administrative-capital point,Suleja,NG2723,Niger,2019-04-17,normalized ADM2+ADM1 name candidate; source-code vintage differs,"[7.180833, 9.175833]",True,"Administrative-capital point/name screen only; does not define an urban, municipal or metropolitan footprint."
gb:NGA:ADM2:59680162B91981903970684,Oyi,framework:province:anambra:60457f483104,Oyi,NG004021,Anambra,Nkwelle,OCHA COD-AB administrative-capital point,Oyi,NG0421,Anambra,2019-04-17,normalized ADM2+ADM1 name candidate; source-code vintage differs,"[6.838669, 6.209497]",True,"Administrative-capital point/name screen only; does not define an urban, municipal or metropolitan footprint."
gb:NGA:ADM2:59680162B92155854422456,Kabba/Bunu,framework:province:kogi:2143f75eb90a,Kabba/Bunu,NG023010,Kogi,Kabba,OCHA COD-AB administrative-capital point,Kabba/Bunu,NG2310,Kogi,2019-04-17,normalized ADM2+ADM1 name candidate; source-code vintage differs,"[6.0731, 7.828729]",True,"Administrative-capital point/name screen only; does not define an urban, municipal or metropolitan footprint."
gb:NGA:ADM2:59680162B92640548002056,Anaocha,framework:province:anambra:60457f483104,Anaocha,NG004004,Anambra,Agulu,OCHA COD-AB administrative-capital point,Anaocha,NG0404,Anambra,2019-04-17,normalized ADM2+ADM1 name candidate; source-code vintage differs,"[7.0724, 6.11]",True,"Administrative-capital point/name screen only; does not define an urban, municipal or metropolitan footprint."
gb:NGA:ADM2:59680162B92999716235821,Dekina,framework:province:kogi:2143f75eb90a,Dekina,NG023005,Kogi,Dekina,OCHA COD-AB administrative-capital point,Dekina,NG2305,Kogi,2019-04-17,normalized ADM2+ADM1 name candidate; source-code vintage differs,"[7.022175, 7.694746]",True,"Administrative-capital point/name screen only; does not define an urban, municipal or metropolitan footprint."
gb:NGA:ADM2:59680162B93345317219884,Idemili North,framework:province:anambra:60457f483104,Idemili North,NG004010,Anambra,Uke,OCHA COD-AB administrative-capital point,Idemili North,NG0410,Anambra,2019-04-17,normalized ADM2+ADM1 name candidate; source-code vintage differs,"[6.920235, 6.104633]",True,"Administrative-capital point/name screen only; does not define an urban, municipal or metropolitan footprint."
gb:NGA:ADM2:59680162B93423525469915,Etche,framework:province:rivers:00c506c91c8a,Etche,NG033011,Rivers,Okehi,OCHA COD-AB administrative-capital point,Etche,NG3311,Rivers,2019-04-17,normalized ADM2+ADM1 name candidate; source-code vintage differs,"[7.135654, 5.136058]",True,"Administrative-capital point/name screen only; does not define an urban, municipal or metropolitan footprint."
gb:NGA:ADM2:59680162B9357675593038,Ikole,framework:province:ekiti:1dc223e0cd0e,Ikole,NG013011,Ekiti,Ikole,OCHA COD-AB administrative-capital point,Ikole,NG1311,Ekiti,2019-04-17,normalized ADM2+ADM1 name candidate; source-code vintage differs,"[5.5106, 7.7897]",True,"Administrative-capital point/name screen only; does not define an urban, municipal or metropolitan footprint."
gb:NGA:ADM2:59680162B93651715341205,Warri North,framework:province:delta:c9181c18b197,Warri North,NG010023,Delta,Koko,OCHA COD-AB administrative-capital point,Warri North,NG1023,Delta,2019-04-17,normalized ADM2+ADM1 name candidate; source-code vintage differs,"[5.467541, 6.001093]",True,"Administrative-capital point/name screen only; does not define an urban, municipal or metropolitan footprint."
gb:NGA:ADM2:59680162B93998087230069,Bosso,framework:province:niger:76d278c157e8,Bosso,NG027005,Niger,Bosso,OCHA COD-AB administrative-capital point,Bosso,NG2705,Niger,2019-04-17,normalized ADM2+ADM1 name candidate; source-code vintage differs,"[6.516111, 9.653333]",True,"Administrative-capital point/name screen only; does not define an urban, municipal or metropolitan footprint."
gb:NGA:ADM2:59680162B94034829608504,Ise/Orun,framework:province:ekiti:1dc223e0cd0e,Ise/Orun,NG013014,Ekiti,Ise-Ekiti,OCHA COD-AB administrative-capital point,Ise/Orun,NG1314,Ekiti,2019-04-17,normalized ADM2+ADM1 name candidate; source-code vintage differs,"[5.4281, 7.4632]",True,"Administrative-capital point/name screen only; does not define an urban, municipal or metropolitan footprint."
gb:NGA:ADM2:59680162B94225169025314,Owerri Municipal,framework:province:imo:a94708264d83,Owerri-Municipal,NG017026,Imo,Owerri,OCHA COD-AB administrative-capital point,Owerri-Municipal,NG1726,Imo,2019-04-17,normalized ADM2+ADM1 name candidate; source-code vintage differs,"[7.030407, 5.483333]",True,"Administrative-capital point/name screen only; does not define an urban, municipal or metropolitan footprint."
gb:NGA:ADM2:59680162B95103667512911,Kebbe,framework:province:sokoto:38a75936a981,Kebbe,NG034010,Sokoto,Kebbe,OCHA COD-AB administrative-capital point,Kebbe,NG3410,Sokoto,2019-04-17,normalized ADM2+ADM1 name candidate; source-code vintage differs,"[4.735093, 12.128802]",True,"Administrative-capital point/name screen only; does not define an urban, municipal or metropolitan footprint."
gb:NGA:ADM2:59680162B95469939765095,Ehime-Mbano,framework:province:imo:a94708264d83,Ehime-Mbano,NG017003,Imo,Umueze,OCHA COD-AB administrative-capital point,Ehime-Mbano,NG1703,Imo,2019-04-17,normalized ADM2+ADM1 name candidate; source-code vintage differs,"[7.305403, 5.632472]",True,"Administrative-capital point/name screen only; does not define an urban, municipal or metropolitan footprint."
gb:NGA:ADM2:59680162B9558481059390,Burutu,framework:province:delta:c9181c18b197,Burutu,NG010004,Delta,Burutu,OCHA COD-AB administrative-capital point,Burutu,NG1004,Delta,2019-04-17,normalized ADM2+ADM1 name candidate; source-code vintage differs,"[5.507585, 5.350908]",True,"Administrative-capital point/name screen only; does not define an urban, municipal or metropolitan footprint."
gb:NGA:ADM2:59680162B96484505623852,Bida,framework:province:niger:76d278c157e8,Bida,NG027003,Niger,Bida,OCHA COD-AB administrative-capital point,Bida,NG2703,Niger,2019-04-17,normalized ADM2+ADM1 name candidate; source-code vintage differs,"[6.016667, 9.083333]",True,"Administrative-capital point/name screen only; does not define an urban, municipal or metropolitan footprint."
gb:NGA:ADM2:59680162B96995039930644,Dange Shuni,framework:province:sokoto:38a75936a981,Dange-Shuni,NG034003,Sokoto,Dange,OCHA COD-AB administrative-capital point,Dange-Shuni,NG3403,Sokoto,2019-04-17,normalized ADM2+ADM1 name candidate; source-code vintage differs,"[5.347046, 12.851278]",True,"Administrative-capital point/name screen only; does not define an urban, municipal or metropolitan footprint."
gb:NGA:ADM2:59680162B97170897047692,Ekiti East,framework:province:ekiti:1dc223e0cd0e,Ekiti East,NG013004,Ekiti,Omuo-Ekiti,OCHA COD-AB administrative-capital point,Ekiti East,NG1304,Ekiti,2019-04-17,normalized ADM2+ADM1 name candidate; source-code vintage differs,"[5.7228, 7.75733]",True,"Administrative-capital point/name screen only; does not define an urban, municipal or metropolitan footprint."
gb:NGA:ADM2:59680162B97377368460903,Anambra West,framework:province:anambra:60457f483104,Anambra West,NG004003,Anambra,Nzam,OCHA COD-AB administrative-capital point,Anambra West,NG0403,Anambra,2019-04-17,normalized ADM2+ADM1 name candidate; source-code vintage differs,"[6.729249, 6.454111]",True,"Administrative-capital point/name screen only; does not define an urban, municipal or metropolitan footprint."
gb:NGA:ADM2:59680162B97395677882832,Ogbaru,framework:province:anambra:60457f483104,Ogbaru,NG004016,Anambra,Atani,OCHA COD-AB administrative-capital point,Ogbaru,NG0416,Anambra,2019-04-17,normalized ADM2+ADM1 name candidate; source-code vintage differs,"[6.744589, 6.015773]",True,"Administrative-capital point/name screen only; does not define an urban, municipal or metropolitan footprint."
gb:NGA:ADM2:59680162B99060674505372,Ekwusigo,framework:province:anambra:60457f483104,Ekwusigo,NG004009,Anambra,Ekwusigo,OCHA COD-AB administrative-capital point,Ekwusigo,NG0409,Anambra,2019-04-17,normalized ADM2+ADM1 name candidate; source-code vintage differs,"[6.835242, 5.971462]",True,"Administrative-capital point/name screen only; does not define an urban, municipal or metropolitan footprint."
gb:NGA:ADM2:59680162B99262810585367,Ohaji/Egbema,framework:province:imo:a94708264d83,Ohaji/Egbema,NG017018,Imo,Ose-Mmahu,OCHA COD-AB administrative-capital point,Ohaji/Egbema,NG1718,Imo,2019-04-17,normalized ADM2+ADM1 name candidate; source-code vintage differs,"[6.725487, 5.539849]",True,"Administrative-capital point/name screen only; does not define an urban, municipal or metropolitan footprint."
gb:NGA:ADM2:59680162B99535636657731,Egor,framework:province:edo:837a456ad2ee,Egor,NG012002,Edo,Uselu,OCHA COD-AB administrative-capital point,Egor,NG1202,Edo,2019-04-17,normalized ADM2+ADM1 name candidate; source-code vintage differs,"[5.610999, 6.384544]",True,"Administrative-capital point/name screen only; does not define an urban, municipal or metropolitan footprint."
gb:NGA:ADM2:59680162B99837769325291,Borgu,framework:province:niger:76d278c157e8,Borgu,NG027004,Niger,New Bussa,OCHA COD-AB administrative-capital point,Borgu,NG2704,Niger,2019-04-17,normalized ADM2+ADM1 name candidate; source-code vintage differs,"[4.516667, 9.883333]",True,"Administrative-capital point/name screen only; does not define an urban, municipal or metropolitan footprint."
